admission_number,student_name,grade,section,total_fee,paid_amount,due_amount,late_fee,status
ADM-2026-00001,Aditya Mehta,10th Grade,D,12000.0,12000.0,0.0,0.0,COMPLETED
ADM-2026-00002,Ananya Verma,9th Grade,A,12000.0,1719.45,10280.55,1000.0,DEFAULT_AGED
ADM-2026-00003,Krishna Choudhury,9th Grade,D,12000.0,7502.64,4497.36,0.0,PENDING_DUE
ADM-2026-00004,Neha Deshmukh,10th Grade,B,12000.0,12000.0,0.0,0.0,COMPLETED
ADM-2026-00005,Diya Sharma,9th Grade,D,12000.0,7248.04,4751.96,0.0,PENDING_DUE
ADM-2026-00006,Pari Choudhury,11th Grade,C,15000.0,6733.84,8266.16,0.0,PENDING_DUE
ADM-2026-00007,Karan Deshmukh,9th Grade,D,22000.0,22000.0,0.0,0.0,COMPLETED
ADM-2026-00008,Riya Pillai,12th Grade,B,12000.0,4753.62,7246.38,0.0,PENDING_DUE
ADM-2026-00009,Ananya Bose,12th Grade,D,15000.0,15000.0,0.0,0.0,COMPLETED
ADM-2026-00010,Ishaan Das,9th Grade,B,12000.0,5642.04,6357.96,0.0,PENDING_DUE
ADM-2026-00011,Meera Singh,10th Grade,C,22000.0,22000.0,0.0,0.0,COMPLETED
ADM-2026-00012,Priya Bose,12th Grade,B,22000.0,359.08,21640.92,250.0,DEFAULT_AGED
ADM-2026-00013,Amit Sen,10th Grade,A,22000.0,22000.0,0.0,0.0,COMPLETED
ADM-2026-00014,Anjali Singh,9th Grade,C,18000.0,5623.66,12376.34,0.0,PENDING_DUE
ADM-2026-00015,Ayaan Rao,12th Grade,C,12000.0,12000.0,0.0,0.0,COMPLETED
ADM-2026-00016,Riya Malhotra,10th Grade,C,15000.0,7193.15,7806.85,0.0,PENDING_DUE
ADM-2026-00017,Sanya Nair,10th Grade,C,18000.0,18000.0,0.0,0.0,COMPLETED
ADM-2026-00018,Aarav Sen,9th Grade,D,18000.0,8152.28,9847.72,0.0,PENDING_DUE
ADM-2026-00019,Amit Verma,9th Grade,B,12000.0,2615.95,9384.05,0.0,PENDING_DUE
ADM-2026-00020,Rohan Nair,11th Grade,D,22000.0,10946.2,11053.8,0.0,PENDING_DUE
ADM-2026-00021,Priya Rao,10th Grade,A,22000.0,12981.89,9018.11,0.0,PENDING_DUE
ADM-2026-00022,Reyansh Malhotra,11th Grade,D,22000.0,1286.62,20713.38,1000.0,DEFAULT_AGED
ADM-2026-00023,Anjali Gupta,12th Grade,B,18000.0,18000.0,0.0,0.0,COMPLETED
ADM-2026-00024,Vivaan Choudhury,10th Grade,C,22000.0,8104.1,13895.9,0.0,PENDING_DUE
ADM-2026-00025,Rohan Mehta,10th Grade,C,18000.0,18000.0,0.0,0.0,COMPLETED
ADM-2026-00026,Pooja Joshi,12th Grade,D,12000.0,5702.53,6297.47,0.0,PENDING_DUE
ADM-2026-00027,Vivaan Bose,11th Grade,C,22000.0,22000.0,0.0,0.0,COMPLETED
ADM-2026-00028,Vikas Deshmukh,12th Grade,A,12000.0,984.89,11015.11,500.0,DEFAULT_AGED
ADM-2026-00029,Karan Gupta,12th Grade,A,22000.0,22000.0,0.0,0.0,COMPLETED
ADM-2026-00030,Pooja Menon,10th Grade,D,22000.0,14728.74,7271.26,0.0,PENDING_DUE
ADM-2026-00031,Anjali Reddy,10th Grade,B,15000.0,9783.82,5216.18,0.0,PENDING_DUE
ADM-2026-00032,Vikas Reddy,12th Grade,A,15000.0,15000.0,0.0,0.0,COMPLETED
ADM-2026-00033,Reyansh Choudhury,9th Grade,A,18000.0,4187.15,13812.85,0.0,PENDING_DUE
ADM-2026-00034,Meera Patel,10th Grade,B,12000.0,12000.0,0.0,0.0,COMPLETED
ADM-2026-00035,Pooja Menon,11th Grade,A,15000.0,15000.0,0.0,0.0,COMPLETED
ADM-2026-00036,Pari Bose,12th Grade,A,18000.0,60.72,17939.28,250.0,DEFAULT_AGED
ADM-2026-00037,Sai Verma,11th Grade,C,18000.0,2826.25,15173.75,250.0,DEFAULT_AGED
ADM-2026-00038,Neha Sharma,12th Grade,B,15000.0,1552.82,13447.18,500.0,DEFAULT_AGED
ADM-2026-00039,Aadhya Iyer,12th Grade,B,18000.0,18000.0,0.0,0.0,COMPLETED
ADM-2026-00040,Vikas Patel,9th Grade,A,22000.0,22000.0,0.0,0.0,COMPLETED
ADM-2026-00041,Riya Sen,12th Grade,C,15000.0,8422.17,6577.83,0.0,PENDING_DUE
ADM-2026-00042,Rahul Choudhury,9th Grade,B,22000.0,12864.61,9135.39,0.0,PENDING_DUE
ADM-2026-00043,Reyansh Rao,10th Grade,A,18000.0,18000.0,0.0,0.0,COMPLETED
ADM-2026-00044,Rohan Iyer,10th Grade,B,12000.0,12000.0,0.0,0.0,COMPLETED
ADM-2026-00045,Amit Menon,9th Grade,A,22000.0,10983.73,11016.27,0.0,PENDING_DUE
ADM-2026-00046,Sai Kumar,10th Grade,A,18000.0,5202.25,12797.75,1000.0,DEFAULT_AGED
ADM-2026-00047,Pari Mehta,9th Grade,B,12000.0,3534.07,8465.93,0.0,PENDING_DUE
ADM-2026-00048,Rohan Das,12th Grade,C,18000.0,12364.56,5635.44,0.0,PENDING_DUE
ADM-2026-00049,Ananya Gupta,12th Grade,A,18000.0,18000.0,0.0,0.0,COMPLETED
ADM-2026-00050,Kavita Choudhury,11th Grade,C,22000.0,5148.49,16851.51,0.0,PENDING_DUE
ADM-2026-00051,Sneha Sharma,11th Grade,D,12000.0,6798.85,5201.15,0.0,PENDING_DUE
ADM-2026-00052,Diya Das,11th Grade,B,18000.0,18000.0,0.0,0.0,COMPLETED
ADM-2026-00053,Amit Rao,11th Grade,A,22000.0,22000.0,0.0,0.0,COMPLETED
ADM-2026-00054,Vivaan Reddy,11th Grade,A,12000.0,12000.0,0.0,0.0,COMPLETED
ADM-2026-00055,Kavita Verma,9th Grade,A,12000.0,12000.0,0.0,0.0,COMPLETED
ADM-2026-00056,Pankaj Verma,11th Grade,A,15000.0,8872.42,6127.58,0.0,PENDING_DUE
ADM-2026-00057,Arjun Bose,9th Grade,A,15000.0,4446.61,10553.39,0.0,PENDING_DUE
ADM-2026-00058,Vihaan Rao,11th Grade,A,12000.0,7495.84,4504.16,0.0,PENDING_DUE
ADM-2026-00059,Reyansh Bose,11th Grade,A,18000.0,4946.24,13053.76,0.0,PENDING_DUE
ADM-2026-00060,Priya Sen,9th Grade,C,18000.0,18000.0,0.0,0.0,COMPLETED
ADM-2026-00061,Anjali Gupta,12th Grade,D,15000.0,4486.9,10513.1,0.0,PENDING_DUE
ADM-2026-00062,Reyansh Reddy,9th Grade,A,15000.0,15000.0,0.0,0.0,COMPLETED
ADM-2026-00063,Pooja Nair,10th Grade,B,15000.0,8296.94,6703.06,0.0,PENDING_DUE
ADM-2026-00064,Neha Deshmukh,12th Grade,C,22000.0,22000.0,0.0,0.0,COMPLETED
ADM-2026-00065,Pooja Kumar,9th Grade,D,18000.0,8091.6,9908.4,0.0,PENDING_DUE
ADM-2026-00066,Arjun Patel,11th Grade,C,22000.0,7158.8,14841.2,0.0,PENDING_DUE
ADM-2026-00067,Pari Sharma,10th Grade,D,18000.0,10276.9,7723.1,0.0,PENDING_DUE
ADM-2026-00068,Pankaj Verma,12th Grade,D,22000.0,22000.0,0.0,0.0,COMPLETED
ADM-2026-00069,Vivaan Singh,9th Grade,B,12000.0,5494.17,6505.83,0.0,PENDING_DUE
ADM-2026-00070,Neha Joshi,11th Grade,B,15000.0,15000.0,0.0,0.0,COMPLETED
ADM-2026-00071,Sanya Sharma,12th Grade,B,18000.0,18000.0,0.0,0.0,COMPLETED
ADM-2026-00072,Ishaan Malhotra,11th Grade,B,12000.0,764.99,11235.01,250.0,DEFAULT_AGED
ADM-2026-00073,Aadhya Kumar,12th Grade,A,12000.0,5422.96,6577.04,0.0,PENDING_DUE
ADM-2026-00074,Vikas Das,12th Grade,A,22000.0,22000.0,0.0,0.0,COMPLETED
ADM-2026-00075,Ayaan Mehta,12th Grade,B,15000.0,2651.84,12348.16,500.0,DEFAULT_AGED
ADM-2026-00076,Reyansh Pillai,12th Grade,A,18000.0,5585.21,12414.79,0.0,PENDING_DUE
ADM-2026-00077,Vikas Malhotra,10th Grade,B,12000.0,12000.0,0.0,0.0,COMPLETED
ADM-2026-00078,Sai Singh,10th Grade,B,22000.0,9588.58,12411.42,0.0,PENDING_DUE
ADM-2026-00079,Anjali Patel,10th Grade,C,12000.0,12000.0,0.0,0.0,COMPLETED
ADM-2026-00080,Aadhya Joshi,9th Grade,D,18000.0,2016.41,15983.59,1000.0,DEFAULT_AGED
ADM-2026-00081,Rahul Kumar,11th Grade,D,15000.0,3938.56,11061.44,0.0,PENDING_DUE
ADM-2026-00082,Rohan Verma,11th Grade,B,22000.0,22000.0,0.0,0.0,COMPLETED
ADM-2026-00083,Karan Singh,10th Grade,B,18000.0,1337.93,16662.07,1000.0,DEFAULT_AGED
ADM-2026-00084,Karan Kumar,10th Grade,B,15000.0,4933.14,10066.86,0.0,PENDING_DUE
ADM-2026-00085,Aarav Malhotra,9th Grade,D,15000.0,15000.0,0.0,0.0,COMPLETED
ADM-2026-00086,Rohan Patel,9th Grade,B,22000.0,22000.0,0.0,0.0,COMPLETED
ADM-2026-00087,Vikas Sharma,11th Grade,A,15000.0,15000.0,0.0,0.0,COMPLETED
ADM-2026-00088,Diya Rao,9th Grade,A,22000.0,22000.0,0.0,0.0,COMPLETED
ADM-2026-00089,Meera Malhotra,10th Grade,A,18000.0,8722.54,9277.46,0.0,PENDING_DUE
ADM-2026-00090,Pari Gupta,10th Grade,D,18000.0,18000.0,0.0,0.0,COMPLETED
ADM-2026-00091,Riya Joshi,12th Grade,B,15000.0,15000.0,0.0,0.0,COMPLETED
ADM-2026-00092,Riya Gupta,12th Grade,B,22000.0,6165.97,15834.03,0.0,PENDING_DUE
ADM-2026-00093,Arjun Gupta,10th Grade,A,22000.0,11106.46,10893.54,0.0,PENDING_DUE
ADM-2026-00094,Amit Sen,11th Grade,A,12000.0,12000.0,0.0,0.0,COMPLETED
ADM-2026-00095,Sanya Malhotra,10th Grade,D,18000.0,18000.0,0.0,0.0,COMPLETED
ADM-2026-00096,Rahul Malhotra,11th Grade,A,15000.0,15000.0,0.0,0.0,COMPLETED
ADM-2026-00097,Aadhya Nair,12th Grade,C,18000.0,3016.27,14983.73,500.0,DEFAULT_AGED
ADM-2026-00098,Ayaan Bose,9th Grade,B,22000.0,4424.79,17575.21,0.0,PENDING_DUE
ADM-2026-00099,Anjali Reddy,9th Grade,A,22000.0,22000.0,0.0,0.0,COMPLETED
ADM-2026-00100,Meera Rao,12th Grade,B,15000.0,7527.58,7472.42,0.0,PENDING_DUE
ADM-2026-00101,Pankaj Menon,12th Grade,D,15000.0,8708.83,6291.17,0.0,PENDING_DUE
ADM-2026-00102,Diya Iyer,9th Grade,B,12000.0,12000.0,0.0,0.0,COMPLETED
ADM-2026-00103,Pooja Verma,12th Grade,C,15000.0,15000.0,0.0,0.0,COMPLETED
ADM-2026-00104,Krishna Rao,11th Grade,B,22000.0,14899.45,7100.55,0.0,PENDING_DUE
ADM-2026-00105,Ananya Mehta,12th Grade,C,12000.0,12000.0,0.0,0.0,COMPLETED
ADM-2026-00106,Priya Iyer,12th Grade,D,12000.0,5792.7,6207.3,0.0,PENDING_DUE
ADM-2026-00107,Diya Nair,9th Grade,A,12000.0,5520.94,6479.06,0.0,PENDING_DUE
ADM-2026-00108,Aadhya Pillai,9th Grade,D,22000.0,22000.0,0.0,0.0,COMPLETED
ADM-2026-00109,Priya Verma,11th Grade,A,22000.0,22000.0,0.0,0.0,COMPLETED
ADM-2026-00110,Vihaan Sharma,11th Grade,B,22000.0,22000.0,0.0,0.0,COMPLETED
ADM-2026-00111,Vihaan Choudhury,9th Grade,B,22000.0,22000.0,0.0,0.0,COMPLETED
ADM-2026-00112,Arjun Sharma,9th Grade,D,12000.0,4160.32,7839.68,0.0,PENDING_DUE
ADM-2026-00113,Vivaan Malhotra,9th Grade,A,15000.0,15000.0,0.0,0.0,COMPLETED
ADM-2026-00114,Ishaan Joshi,11th Grade,A,15000.0,3743.17,11256.83,0.0,PENDING_DUE
ADM-2026-00115,Pankaj Nair,9th Grade,C,22000.0,6806.05,15193.95,0.0,PENDING_DUE
ADM-2026-00116,Pari Reddy,12th Grade,D,18000.0,18000.0,0.0,0.0,COMPLETED
ADM-2026-00117,Sai Iyer,9th Grade,C,22000.0,11431.39,10568.61,0.0,PENDING_DUE
ADM-2026-00118,Riya Singh,12th Grade,A,15000.0,3932.78,11067.22,0.0,PENDING_DUE
ADM-2026-00119,Anjali Sharma,12th Grade,A,22000.0,13925.98,8074.02,0.0,PENDING_DUE
ADM-2026-00120,Reyansh Das,12th Grade,B,15000.0,7236.35,7763.65,0.0,PENDING_DUE
ADM-2026-00121,Aadhya Deshmukh,11th Grade,A,15000.0,15000.0,0.0,0.0,COMPLETED
ADM-2026-00122,Ayaan Mehta,11th Grade,A,12000.0,5227.68,6772.32,0.0,PENDING_DUE
ADM-2026-00123,Diya Singh,11th Grade,D,15000.0,8429.45,6570.55,0.0,PENDING_DUE
ADM-2026-00124,Pooja Mehta,12th Grade,A,12000.0,12000.0,0.0,0.0,COMPLETED
ADM-2026-00125,Diya Malhotra,11th Grade,A,12000.0,387.46,11612.54,250.0,DEFAULT_AGED
ADM-2026-00126,Reyansh Nair,12th Grade,D,18000.0,18000.0,0.0,0.0,COMPLETED
ADM-2026-00127,Arjun Patel,12th Grade,A,22000.0,22000.0,0.0,0.0,COMPLETED
ADM-2026-00128,Pari Reddy,9th Grade,A,12000.0,12000.0,0.0,0.0,COMPLETED
ADM-2026-00129,Riya Malhotra,11th Grade,C,12000.0,12000.0,0.0,0.0,COMPLETED
ADM-2026-00130,Reyansh Kumar,9th Grade,A,12000.0,6541.74,5458.26,0.0,PENDING_DUE
ADM-2026-00131,Rohan Joshi,11th Grade,B,22000.0,22000.0,0.0,0.0,COMPLETED
ADM-2026-00132,Kavita Iyer,11th Grade,A,22000.0,1529.49,20470.51,1000.0,DEFAULT_AGED
ADM-2026-00133,Pankaj Iyer,12th Grade,A,22000.0,11758.13,10241.87,0.0,PENDING_DUE
ADM-2026-00134,Pooja Mehta,11th Grade,D,12000.0,12000.0,0.0,0.0,COMPLETED
ADM-2026-00135,Aadhya Patel,9th Grade,B,12000.0,12000.0,0.0,0.0,COMPLETED
ADM-2026-00136,Kavita Deshmukh,11th Grade,A,18000.0,18000.0,0.0,0.0,COMPLETED
ADM-2026-00137,Amit Sharma,12th Grade,A,22000.0,22000.0,0.0,0.0,COMPLETED
ADM-2026-00138,Diya Menon,10th Grade,A,12000.0,12000.0,0.0,0.0,COMPLETED
ADM-2026-00139,Meera Choudhury,12th Grade,A,22000.0,22000.0,0.0,0.0,COMPLETED
ADM-2026-00140,Sanya Kumar,9th Grade,C,12000.0,12000.0,0.0,0.0,COMPLETED
ADM-2026-00141,Priya Sen,12th Grade,B,22000.0,22000.0,0.0,0.0,COMPLETED
ADM-2026-00142,Karan Bose,10th Grade,C,22000.0,22000.0,0.0,0.0,COMPLETED
ADM-2026-00143,Karan Rao,10th Grade,D,12000.0,12000.0,0.0,0.0,COMPLETED
ADM-2026-00144,Amit Das,9th Grade,A,15000.0,15000.0,0.0,0.0,COMPLETED
ADM-2026-00145,Amit Verma,12th Grade,B,18000.0,18000.0,0.0,0.0,COMPLETED
ADM-2026-00146,Priya Reddy,9th Grade,B,12000.0,2662.1,9337.9,0.0,PENDING_DUE
ADM-2026-00147,Sanya Singh,9th Grade,A,12000.0,2438.04,9561.96,0.0,PENDING_DUE
ADM-2026-00148,Sai Kumar,11th Grade,D,15000.0,3474.83,11525.17,0.0,PENDING_DUE
ADM-2026-00149,Kavita Verma,10th Grade,D,12000.0,12000.0,0.0,0.0,COMPLETED
ADM-2026-00150,Ananya Gupta,9th Grade,A,15000.0,15000.0,0.0,0.0,COMPLETED
ADM-2026-00151,Sanya Menon,10th Grade,B,22000.0,6110.27,15889.73,0.0,PENDING_DUE
ADM-2026-00152,Rohan Gupta,9th Grade,B,12000.0,12000.0,0.0,0.0,COMPLETED
ADM-2026-00153,Meera Reddy,9th Grade,C,22000.0,22000.0,0.0,0.0,COMPLETED
ADM-2026-00154,Amit Sharma,10th Grade,D,22000.0,11428.51,10571.49,0.0,PENDING_DUE
ADM-2026-00155,Pankaj Iyer,10th Grade,D,15000.0,15000.0,0.0,0.0,COMPLETED
ADM-2026-00156,Neha Malhotra,12th Grade,A,15000.0,15000.0,0.0,0.0,COMPLETED
ADM-2026-00157,Aarav Iyer,10th Grade,A,22000.0,8816.35,13183.65,0.0,PENDING_DUE
ADM-2026-00158,Vihaan Choudhury,10th Grade,A,15000.0,2459.63,12540.37,250.0,DEFAULT_AGED
ADM-2026-00159,Priya Pillai,10th Grade,B,12000.0,1688.81,10311.19,1000.0,DEFAULT_AGED
ADM-2026-00160,Ayaan Das,9th Grade,A,15000.0,15000.0,0.0,0.0,COMPLETED
ADM-2026-00161,Amit Verma,12th Grade,A,12000.0,5821.06,6178.94,0.0,PENDING_DUE
ADM-2026-00162,Ayaan Das,9th Grade,C,22000.0,22000.0,0.0,0.0,COMPLETED
ADM-2026-00163,Pari Patel,9th Grade,C,15000.0,2652.2,12347.8,500.0,DEFAULT_AGED
ADM-2026-00164,Reyansh Sen,9th Grade,B,22000.0,10361.17,11638.83,0.0,PENDING_DUE
ADM-2026-00165,Vihaan Reddy,11th Grade,A,12000.0,3656.24,8343.76,0.0,PENDING_DUE
ADM-2026-00166,Amit Rao,9th Grade,D,22000.0,22000.0,0.0,0.0,COMPLETED
ADM-2026-00167,Diya Verma,11th Grade,A,12000.0,12000.0,0.0,0.0,COMPLETED
ADM-2026-00168,Anjali Bose,12th Grade,D,22000.0,22000.0,0.0,0.0,COMPLETED
ADM-2026-00169,Krishna Verma,9th Grade,B,18000.0,2402.12,15597.88,1000.0,DEFAULT_AGED
ADM-2026-00170,Riya Bose,10th Grade,B,12000.0,12000.0,0.0,0.0,COMPLETED
ADM-2026-00171,Amit Patel,10th Grade,D,15000.0,6878.4,8121.6,0.0,PENDING_DUE
ADM-2026-00172,Aarav Deshmukh,9th Grade,C,18000.0,6545.91,11454.09,0.0,PENDING_DUE
ADM-2026-00173,Karan Kumar,10th Grade,A,18000.0,5261.28,12738.72,500.0,DEFAULT_AGED
ADM-2026-00174,Diya Mehta,10th Grade,A,12000.0,12000.0,0.0,0.0,COMPLETED
ADM-2026-00175,Pari Gupta,9th Grade,A,12000.0,1025.35,10974.65,250.0,DEFAULT_AGED
ADM-2026-00176,Pari Malhotra,12th Grade,D,12000.0,5853.85,6146.15,0.0,PENDING_DUE
ADM-2026-00177,Pankaj Das,10th Grade,D,18000.0,18000.0,0.0,0.0,COMPLETED
ADM-2026-00178,Vihaan Singh,12th Grade,A,22000.0,7111.74,14888.26,0.0,PENDING_DUE
ADM-2026-00179,Ishaan Patel,11th Grade,C,15000.0,5693.41,9306.59,0.0,PENDING_DUE
ADM-2026-00180,Amit Sharma,12th Grade,D,12000.0,5930.03,6069.97,0.0,PENDING_DUE
ADM-2026-00181,Arjun Gupta,10th Grade,B,22000.0,22000.0,0.0,0.0,COMPLETED
ADM-2026-00182,Vihaan Verma,12th Grade,C,22000.0,22000.0,0.0,0.0,COMPLETED
ADM-2026-00183,Karan Kumar,11th Grade,D,22000.0,15061.96,6938.04,0.0,PENDING_DUE
ADM-2026-00184,Pooja Gupta,12th Grade,C,22000.0,22000.0,0.0,0.0,COMPLETED
ADM-2026-00185,Arjun Sharma,10th Grade,B,18000.0,11785.82,6214.18,0.0,PENDING_DUE
ADM-2026-00186,Vivaan Nair,11th Grade,D,15000.0,10439.94,4560.06,0.0,PENDING_DUE
ADM-2026-00187,Ayaan Sen,12th Grade,D,15000.0,6459.03,8540.97,0.0,PENDING_DUE
ADM-2026-00188,Amit Verma,10th Grade,D,12000.0,7061.28,4938.72,0.0,PENDING_DUE
ADM-2026-00189,Reyansh Choudhury,12th Grade,D,12000.0,12000.0,0.0,0.0,COMPLETED
ADM-2026-00190,Pooja Joshi,11th Grade,D,12000.0,12000.0,0.0,0.0,COMPLETED
ADM-2026-00191,Ishaan Choudhury,11th Grade,B,12000.0,12000.0,0.0,0.0,COMPLETED
ADM-2026-00192,Neha Sen,10th Grade,A,18000.0,11764.4,6235.6,0.0,PENDING_DUE
ADM-2026-00193,Karan Deshmukh,10th Grade,C,18000.0,10212.79,7787.21,0.0,PENDING_DUE
ADM-2026-00194,Pankaj Kumar,9th Grade,A,12000.0,12000.0,0.0,0.0,COMPLETED
ADM-2026-00195,Meera Sharma,9th Grade,D,22000.0,8534.32,13465.68,0.0,PENDING_DUE
ADM-2026-00196,Pankaj Verma,12th Grade,C,18000.0,18000.0,0.0,0.0,COMPLETED
ADM-2026-00197,Pooja Nair,9th Grade,B,15000.0,15000.0,0.0,0.0,COMPLETED
ADM-2026-00198,Karan Choudhury,11th Grade,B,22000.0,22000.0,0.0,0.0,COMPLETED
ADM-2026-00199,Pari Singh,9th Grade,B,15000.0,15000.0,0.0,0.0,COMPLETED
ADM-2026-00200,Diya Mehta,12th Grade,D,18000.0,3339.68,14660.32,250.0,DEFAULT_AGED
ADM-2026-00201,Sai Mehta,10th Grade,D,12000.0,4272.95,7727.05,0.0,PENDING_DUE
ADM-2026-00202,Pooja Gupta,10th Grade,A,15000.0,15000.0,0.0,0.0,COMPLETED
ADM-2026-00203,Vivaan Gupta,9th Grade,A,12000.0,7786.54,4213.46,0.0,PENDING_DUE
ADM-2026-00204,Ayaan Bose,9th Grade,C,18000.0,4304.7,13695.3,0.0,PENDING_DUE
ADM-2026-00205,Pari Menon,12th Grade,C,18000.0,3702.11,14297.89,0.0,PENDING_DUE
ADM-2026-00206,Riya Choudhury,11th Grade,C,12000.0,2634.66,9365.34,500.0,DEFAULT_AGED
ADM-2026-00207,Arjun Sharma,12th Grade,D,18000.0,18000.0,0.0,0.0,COMPLETED
ADM-2026-00208,Karan Choudhury,12th Grade,A,22000.0,22000.0,0.0,0.0,COMPLETED
ADM-2026-00209,Anjali Singh,9th Grade,D,15000.0,15000.0,0.0,0.0,COMPLETED
ADM-2026-00210,Rahul Bose,10th Grade,D,18000.0,18000.0,0.0,0.0,COMPLETED
ADM-2026-00211,Aarav Gupta,11th Grade,B,18000.0,6794.84,11205.16,0.0,PENDING_DUE
ADM-2026-00212,Sanya Mehta,11th Grade,D,15000.0,9480.21,5519.79,0.0,PENDING_DUE
ADM-2026-00213,Reyansh Gupta,12th Grade,B,18000.0,18000.0,0.0,0.0,COMPLETED
ADM-2026-00214,Ayaan Gupta,9th Grade,C,18000.0,1849.8,16150.2,1000.0,DEFAULT_AGED
ADM-2026-00215,Vikas Patel,9th Grade,B,18000.0,5550.27,12449.73,0.0,PENDING_DUE
ADM-2026-00216,Ishaan Deshmukh,10th Grade,B,15000.0,15000.0,0.0,0.0,COMPLETED
ADM-2026-00217,Pooja Sharma,10th Grade,D,22000.0,1002.69,20997.31,1000.0,DEFAULT_AGED
ADM-2026-00218,Vikas Iyer,10th Grade,D,15000.0,3576.34,11423.66,0.0,PENDING_DUE
ADM-2026-00219,Arjun Nair,9th Grade,B,18000.0,540.42,17459.58,500.0,DEFAULT_AGED
ADM-2026-00220,Diya Bose,9th Grade,A,22000.0,13327.93,8672.07,0.0,PENDING_DUE
ADM-2026-00221,Arjun Rao,11th Grade,B,12000.0,12000.0,0.0,0.0,COMPLETED
ADM-2026-00222,Neha Verma,10th Grade,A,22000.0,22000.0,0.0,0.0,COMPLETED
ADM-2026-00223,Amit Iyer,11th Grade,D,22000.0,7594.22,14405.78,0.0,PENDING_DUE
ADM-2026-00224,Reyansh Nair,11th Grade,B,18000.0,8810.31,9189.69,0.0,PENDING_DUE
ADM-2026-00225,Priya Rao,12th Grade,B,12000.0,12000.0,0.0,0.0,COMPLETED
ADM-2026-00226,Priya Singh,10th Grade,C,12000.0,5122.58,6877.42,0.0,PENDING_DUE
ADM-2026-00227,Vikas Rao,11th Grade,A,22000.0,280.31,21719.69,1000.0,DEFAULT_AGED
ADM-2026-00228,Vivaan Reddy,9th Grade,B,18000.0,18000.0,0.0,0.0,COMPLETED
ADM-2026-00229,Rohan Joshi,12th Grade,D,22000.0,22000.0,0.0,0.0,COMPLETED
ADM-2026-00230,Kavita Nair,12th Grade,D,22000.0,22000.0,0.0,0.0,COMPLETED
ADM-2026-00231,Rahul Reddy,11th Grade,C,18000.0,3095.33,14904.67,1000.0,DEFAULT_AGED
ADM-2026-00232,Sai Malhotra,11th Grade,A,22000.0,22000.0,0.0,0.0,COMPLETED
ADM-2026-00233,Pankaj Sharma,12th Grade,C,12000.0,12000.0,0.0,0.0,COMPLETED
ADM-2026-00234,Aditya Pillai,12th Grade,D,18000.0,2050.95,15949.05,250.0,DEFAULT_AGED
ADM-2026-00235,Meera Singh,10th Grade,C,15000.0,3825.46,11174.54,250.0,DEFAULT_AGED
ADM-2026-00236,Sanya Das,11th Grade,A,18000.0,3814.65,14185.35,0.0,PENDING_DUE
ADM-2026-00237,Reyansh Nair,9th Grade,A,15000.0,4059.76,10940.24,1000.0,DEFAULT_AGED
ADM-2026-00238,Rahul Das,9th Grade,B,15000.0,15000.0,0.0,0.0,COMPLETED
ADM-2026-00239,Karan Rao,10th Grade,A,22000.0,22000.0,0.0,0.0,COMPLETED
ADM-2026-00240,Vivaan Choudhury,9th Grade,D,22000.0,22000.0,0.0,0.0,COMPLETED
ADM-2026-00241,Aadhya Das,9th Grade,C,15000.0,4182.59,10817.41,500.0,DEFAULT_AGED
ADM-2026-00242,Sneha Choudhury,12th Grade,A,15000.0,15000.0,0.0,0.0,COMPLETED
ADM-2026-00243,Diya Das,11th Grade,C,12000.0,6113.48,5886.52,0.0,PENDING_DUE
ADM-2026-00244,Aadhya Kumar,9th Grade,B,15000.0,4721.5,10278.5,0.0,PENDING_DUE
ADM-2026-00245,Ayaan Kumar,12th Grade,A,22000.0,11677.4,10322.6,0.0,PENDING_DUE
ADM-2026-00246,Pankaj Das,11th Grade,D,12000.0,6323.53,5676.47,0.0,PENDING_DUE
ADM-2026-00247,Vihaan Nair,11th Grade,C,15000.0,435.93,14564.07,1000.0,DEFAULT_AGED
ADM-2026-00248,Diya Patel,12th Grade,A,12000.0,12000.0,0.0,0.0,COMPLETED
ADM-2026-00249,Pari Pillai,11th Grade,D,22000.0,22000.0,0.0,0.0,COMPLETED
ADM-2026-00250,Meera Bose,12th Grade,A,18000.0,18000.0,0.0,0.0,COMPLETED
ADM-2026-00251,Reyansh Joshi,11th Grade,B,18000.0,18000.0,0.0,0.0,COMPLETED
ADM-2026-00252,Riya Gupta,9th Grade,C,22000.0,2979.4,19020.6,250.0,DEFAULT_AGED
ADM-2026-00253,Diya Reddy,10th Grade,C,15000.0,15000.0,0.0,0.0,COMPLETED
ADM-2026-00254,Pooja Joshi,9th Grade,D,18000.0,1924.5,16075.5,500.0,DEFAULT_AGED
ADM-2026-00255,Aarav Joshi,9th Grade,D,15000.0,283.38,14716.62,500.0,DEFAULT_AGED
ADM-2026-00256,Meera Choudhury,9th Grade,D,18000.0,9325.71,8674.29,0.0,PENDING_DUE
ADM-2026-00257,Rohan Nair,11th Grade,C,18000.0,800.26,17199.74,250.0,DEFAULT_AGED
ADM-2026-00258,Pari Rao,11th Grade,D,15000.0,4714.86,10285.14,0.0,PENDING_DUE
ADM-2026-00259,Anjali Iyer,12th Grade,C,12000.0,3640.67,8359.33,0.0,PENDING_DUE
ADM-2026-00260,Vikas Reddy,9th Grade,A,22000.0,22000.0,0.0,0.0,COMPLETED
ADM-2026-00261,Meera Deshmukh,10th Grade,C,22000.0,13746.34,8253.66,0.0,PENDING_DUE
ADM-2026-00262,Vivaan Malhotra,10th Grade,D,22000.0,11205.51,10794.49,0.0,PENDING_DUE
ADM-2026-00263,Vikas Choudhury,11th Grade,C,15000.0,3357.44,11642.56,1000.0,DEFAULT_AGED
ADM-2026-00264,Aadhya Reddy,10th Grade,A,22000.0,7573.92,14426.08,0.0,PENDING_DUE
ADM-2026-00265,Pooja Sharma,12th Grade,D,12000.0,7888.11,4111.89,0.0,PENDING_DUE
ADM-2026-00266,Aarav Singh,10th Grade,D,18000.0,4109.16,13890.84,1000.0,DEFAULT_AGED
ADM-2026-00267,Reyansh Iyer,11th Grade,A,12000.0,12000.0,0.0,0.0,COMPLETED
ADM-2026-00268,Rahul Singh,10th Grade,B,12000.0,12000.0,0.0,0.0,COMPLETED
ADM-2026-00269,Vivaan Verma,10th Grade,D,15000.0,3175.22,11824.78,0.0,PENDING_DUE
ADM-2026-00270,Ayaan Sharma,10th Grade,C,12000.0,12000.0,0.0,0.0,COMPLETED
ADM-2026-00271,Sai Singh,10th Grade,C,15000.0,15000.0,0.0,0.0,COMPLETED
ADM-2026-00272,Aditya Patel,9th Grade,A,18000.0,5913.18,12086.82,0.0,PENDING_DUE
ADM-2026-00273,Aarav Reddy,12th Grade,C,22000.0,14919.12,7080.88,0.0,PENDING_DUE
ADM-2026-00274,Vivaan Menon,10th Grade,A,15000.0,15000.0,0.0,0.0,COMPLETED
ADM-2026-00275,Diya Verma,9th Grade,D,12000.0,506.78,11493.22,250.0,DEFAULT_AGED
ADM-2026-00276,Aarav Sharma,10th Grade,D,12000.0,12000.0,0.0,0.0,COMPLETED
ADM-2026-00277,Arjun Reddy,11th Grade,B,22000.0,4431.81,17568.19,500.0,DEFAULT_AGED
ADM-2026-00278,Reyansh Singh,10th Grade,B,18000.0,5784.95,12215.05,0.0,PENDING_DUE
ADM-2026-00279,Priya Pillai,10th Grade,B,18000.0,10109.39,7890.61,0.0,PENDING_DUE
ADM-2026-00280,Anjali Rao,11th Grade,B,22000.0,12971.33,9028.67,0.0,PENDING_DUE
ADM-2026-00281,Anjali Sen,12th Grade,A,15000.0,15000.0,0.0,0.0,COMPLETED
ADM-2026-00282,Rahul Das,11th Grade,D,12000.0,2493.55,9506.45,0.0,PENDING_DUE
ADM-2026-00283,Krishna Patel,12th Grade,D,12000.0,253.22,11746.78,1000.0,DEFAULT_AGED
ADM-2026-00284,Rahul Deshmukh,11th Grade,B,18000.0,3153.61,14846.39,250.0,DEFAULT_AGED
ADM-2026-00285,Krishna Menon,12th Grade,B,18000.0,18000.0,0.0,0.0,COMPLETED
ADM-2026-00286,Karan Choudhury,9th Grade,C,12000.0,2586.92,9413.08,0.0,PENDING_DUE
ADM-2026-00287,Rohan Rao,11th Grade,B,15000.0,5193.95,9806.05,0.0,PENDING_DUE
ADM-2026-00288,Vikas Joshi,12th Grade,B,15000.0,15000.0,0.0,0.0,COMPLETED
ADM-2026-00289,Sanya Patel,12th Grade,D,12000.0,5998.36,6001.64,0.0,PENDING_DUE
ADM-2026-00290,Pankaj Iyer,9th Grade,B,22000.0,22000.0,0.0,0.0,COMPLETED
ADM-2026-00291,Sanya Patel,10th Grade,A,22000.0,22000.0,0.0,0.0,COMPLETED
ADM-2026-00292,Pankaj Gupta,11th Grade,B,12000.0,8286.22,3713.78,0.0,PENDING_DUE
ADM-2026-00293,Sanya Deshmukh,10th Grade,D,12000.0,1305.41,10694.59,250.0,DEFAULT_AGED
ADM-2026-00294,Pari Choudhury,9th Grade,D,18000.0,18000.0,0.0,0.0,COMPLETED
ADM-2026-00295,Krishna Mehta,9th Grade,B,15000.0,6651.47,8348.53,0.0,PENDING_DUE
ADM-2026-00296,Aditya Rao,10th Grade,B,18000.0,18000.0,0.0,0.0,COMPLETED
ADM-2026-00297,Vikas Malhotra,9th Grade,C,12000.0,12000.0,0.0,0.0,COMPLETED
ADM-2026-00298,Diya Gupta,10th Grade,D,22000.0,22000.0,0.0,0.0,COMPLETED
ADM-2026-00299,Rahul Kumar,9th Grade,D,22000.0,22000.0,0.0,0.0,COMPLETED
ADM-2026-00300,Reyansh Das,11th Grade,D,12000.0,12000.0,0.0,0.0,COMPLETED
ADM-2026-00301,Pooja Singh,11th Grade,D,18000.0,18000.0,0.0,0.0,COMPLETED
ADM-2026-00302,Meera Sen,12th Grade,A,22000.0,4728.27,17271.73,500.0,DEFAULT_AGED
ADM-2026-00303,Meera Patel,10th Grade,C,22000.0,13383.34,8616.66,0.0,PENDING_DUE
ADM-2026-00304,Kavita Gupta,11th Grade,C,22000.0,22000.0,0.0,0.0,COMPLETED
ADM-2026-00305,Pooja Joshi,10th Grade,B,15000.0,15000.0,0.0,0.0,COMPLETED
ADM-2026-00306,Anjali Sen,11th Grade,B,22000.0,22000.0,0.0,0.0,COMPLETED
ADM-2026-00307,Anjali Malhotra,9th Grade,D,22000.0,2450.59,19549.41,500.0,DEFAULT_AGED
ADM-2026-00308,Sai Deshmukh,9th Grade,A,12000.0,933.52,11066.48,500.0,DEFAULT_AGED
ADM-2026-00309,Sneha Nair,12th Grade,C,15000.0,15000.0,0.0,0.0,COMPLETED
ADM-2026-00310,Pooja Gupta,9th Grade,A,12000.0,12000.0,0.0,0.0,COMPLETED
ADM-2026-00311,Aadhya Rao,12th Grade,B,18000.0,18000.0,0.0,0.0,COMPLETED
ADM-2026-00312,Sanya Kumar,9th Grade,C,12000.0,1312.14,10687.86,250.0,DEFAULT_AGED
ADM-2026-00313,Vikas Rao,9th Grade,A,22000.0,22000.0,0.0,0.0,COMPLETED
ADM-2026-00314,Aadhya Singh,10th Grade,A,12000.0,12000.0,0.0,0.0,COMPLETED
ADM-2026-00315,Kavita Bose,10th Grade,A,15000.0,171.06,14828.94,250.0,DEFAULT_AGED
ADM-2026-00316,Priya Kumar,9th Grade,D,22000.0,15027.66,6972.34,0.0,PENDING_DUE
ADM-2026-00317,Amit Nair,12th Grade,D,15000.0,1681.66,13318.34,500.0,DEFAULT_AGED
ADM-2026-00318,Aditya Reddy,12th Grade,C,18000.0,18000.0,0.0,0.0,COMPLETED
ADM-2026-00319,Aditya Mehta,11th Grade,A,22000.0,4756.53,17243.47,0.0,PENDING_DUE
ADM-2026-00320,Vikas Deshmukh,9th Grade,C,15000.0,15000.0,0.0,0.0,COMPLETED
ADM-2026-00321,Karan Joshi,9th Grade,B,22000.0,22000.0,0.0,0.0,COMPLETED
ADM-2026-00322,Ananya Kumar,10th Grade,D,22000.0,9049.12,12950.88,0.0,PENDING_DUE
ADM-2026-00323,Arjun Choudhury,11th Grade,A,22000.0,22000.0,0.0,0.0,COMPLETED
ADM-2026-00324,Riya Singh,9th Grade,B,12000.0,12000.0,0.0,0.0,COMPLETED
ADM-2026-00325,Rohan Sharma,9th Grade,A,22000.0,22000.0,0.0,0.0,COMPLETED
ADM-2026-00326,Vivaan Nair,10th Grade,C,12000.0,12000.0,0.0,0.0,COMPLETED
ADM-2026-00327,Pooja Pillai,9th Grade,C,15000.0,3889.17,11110.83,0.0,PENDING_DUE
ADM-2026-00328,Reyansh Gupta,11th Grade,A,22000.0,22000.0,0.0,0.0,COMPLETED
ADM-2026-00329,Sai Deshmukh,9th Grade,D,12000.0,3227.58,8772.42,250.0,DEFAULT_AGED
ADM-2026-00330,Meera Verma,11th Grade,C,18000.0,18000.0,0.0,0.0,COMPLETED
ADM-2026-00331,Meera Gupta,11th Grade,B,15000.0,6797.82,8202.18,0.0,PENDING_DUE
ADM-2026-00332,Sai Nair,10th Grade,B,12000.0,12000.0,0.0,0.0,COMPLETED
ADM-2026-00333,Sanya Kumar,10th Grade,B,22000.0,22000.0,0.0,0.0,COMPLETED
ADM-2026-00334,Neha Das,12th Grade,D,18000.0,18000.0,0.0,0.0,COMPLETED
ADM-2026-00335,Vivaan Deshmukh,12th Grade,A,15000.0,8095.95,6904.05,0.0,PENDING_DUE
ADM-2026-00336,Priya Reddy,12th Grade,A,18000.0,10065.66,7934.34,0.0,PENDING_DUE
ADM-2026-00337,Pooja Menon,12th Grade,A,18000.0,18000.0,0.0,0.0,COMPLETED
ADM-2026-00338,Krishna Verma,9th Grade,C,15000.0,15000.0,0.0,0.0,COMPLETED
ADM-2026-00339,Neha Reddy,10th Grade,C,22000.0,8490.96,13509.04,0.0,PENDING_DUE
ADM-2026-00340,Kavita Joshi,9th Grade,A,22000.0,22000.0,0.0,0.0,COMPLETED
ADM-2026-00341,Pari Malhotra,9th Grade,C,12000.0,2444.63,9555.37,0.0,PENDING_DUE
ADM-2026-00342,Sanya Rao,10th Grade,A,15000.0,9573.18,5426.82,0.0,PENDING_DUE
ADM-2026-00343,Sanya Reddy,11th Grade,C,18000.0,6940.74,11059.26,0.0,PENDING_DUE
ADM-2026-00344,Rahul Nair,9th Grade,B,15000.0,6817.21,8182.79,0.0,PENDING_DUE
ADM-2026-00345,Priya Sharma,12th Grade,A,22000.0,5637.66,16362.34,0.0,PENDING_DUE
ADM-2026-00346,Neha Gupta,11th Grade,A,18000.0,18000.0,0.0,0.0,COMPLETED
ADM-2026-00347,Ishaan Joshi,12th Grade,D,15000.0,7871.67,7128.33,0.0,PENDING_DUE
ADM-2026-00348,Diya Nair,11th Grade,A,22000.0,22000.0,0.0,0.0,COMPLETED
ADM-2026-00349,Meera Iyer,10th Grade,C,18000.0,4509.61,13490.39,500.0,DEFAULT_AGED
ADM-2026-00350,Kavita Rao,10th Grade,D,22000.0,3618.58,18381.42,250.0,DEFAULT_AGED
ADM-2026-00351,Pooja Menon,11th Grade,C,22000.0,22000.0,0.0,0.0,COMPLETED
ADM-2026-00352,Sanya Nair,9th Grade,D,12000.0,5918.97,6081.03,0.0,PENDING_DUE
ADM-2026-00353,Sneha Malhotra,10th Grade,B,12000.0,12000.0,0.0,0.0,COMPLETED
ADM-2026-00354,Krishna Iyer,10th Grade,D,18000.0,3515.92,14484.08,500.0,DEFAULT_AGED
ADM-2026-00355,Pooja Reddy,9th Grade,D,18000.0,11328.43,6671.57,0.0,PENDING_DUE
ADM-2026-00356,Rahul Reddy,9th Grade,B,18000.0,2492.73,15507.27,1000.0,DEFAULT_AGED
ADM-2026-00357,Anjali Kumar,11th Grade,A,18000.0,6154.13,11845.87,0.0,PENDING_DUE
ADM-2026-00358,Arjun Deshmukh,11th Grade,A,12000.0,3363.52,8636.48,0.0,PENDING_DUE
ADM-2026-00359,Arjun Verma,12th Grade,A,18000.0,9442.36,8557.64,0.0,PENDING_DUE
ADM-2026-00360,Pari Menon,10th Grade,B,22000.0,22000.0,0.0,0.0,COMPLETED
ADM-2026-00361,Riya Reddy,10th Grade,C,15000.0,6335.74,8664.26,0.0,PENDING_DUE
ADM-2026-00362,Kavita Sharma,10th Grade,A,15000.0,15000.0,0.0,0.0,COMPLETED
ADM-2026-00363,Neha Sen,9th Grade,A,12000.0,4038.87,7961.13,0.0,PENDING_DUE
ADM-2026-00364,Sanya Nair,9th Grade,D,12000.0,12000.0,0.0,0.0,COMPLETED
ADM-2026-00365,Diya Gupta,11th Grade,A,22000.0,7976.79,14023.21,0.0,PENDING_DUE
ADM-2026-00366,Karan Reddy,12th Grade,B,12000.0,12000.0,0.0,0.0,COMPLETED
ADM-2026-00367,Ananya Bose,10th Grade,A,15000.0,15000.0,0.0,0.0,COMPLETED
ADM-2026-00368,Karan Joshi,11th Grade,D,15000.0,15000.0,0.0,0.0,COMPLETED
ADM-2026-00369,Diya Reddy,11th Grade,C,12000.0,12000.0,0.0,0.0,COMPLETED
ADM-2026-00370,Karan Verma,11th Grade,B,12000.0,2778.12,9221.88,0.0,PENDING_DUE
ADM-2026-00371,Priya Das,10th Grade,B,15000.0,7908.08,7091.92,0.0,PENDING_DUE
ADM-2026-00372,Aadhya Bose,12th Grade,B,22000.0,22000.0,0.0,0.0,COMPLETED
ADM-2026-00373,Aditya Sen,11th Grade,B,15000.0,15000.0,0.0,0.0,COMPLETED
ADM-2026-00374,Aditya Deshmukh,12th Grade,A,12000.0,12000.0,0.0,0.0,COMPLETED
ADM-2026-00375,Priya Mehta,12th Grade,D,18000.0,18000.0,0.0,0.0,COMPLETED
ADM-2026-00376,Diya Nair,9th Grade,B,15000.0,9555.69,5444.31,0.0,PENDING_DUE
ADM-2026-00377,Anjali Pillai,12th Grade,B,12000.0,12000.0,0.0,0.0,COMPLETED
ADM-2026-00378,Aadhya Verma,9th Grade,C,15000.0,15000.0,0.0,0.0,COMPLETED
ADM-2026-00379,Vivaan Mehta,9th Grade,B,18000.0,4144.35,13855.65,0.0,PENDING_DUE
ADM-2026-00380,Vikas Patel,11th Grade,A,22000.0,22000.0,0.0,0.0,COMPLETED
ADM-2026-00381,Riya Gupta,11th Grade,A,12000.0,12000.0,0.0,0.0,COMPLETED
ADM-2026-00382,Ananya Mehta,10th Grade,A,12000.0,12000.0,0.0,0.0,COMPLETED
ADM-2026-00383,Anjali Singh,11th Grade,D,15000.0,15000.0,0.0,0.0,COMPLETED
ADM-2026-00384,Riya Rao,12th Grade,B,18000.0,18000.0,0.0,0.0,COMPLETED
ADM-2026-00385,Diya Iyer,9th Grade,D,22000.0,22000.0,0.0,0.0,COMPLETED
ADM-2026-00386,Sneha Deshmukh,11th Grade,C,12000.0,5558.72,6441.28,0.0,PENDING_DUE
ADM-2026-00387,Rohan Patel,11th Grade,D,15000.0,9717.41,5282.59,0.0,PENDING_DUE
ADM-2026-00388,Rahul Gupta,10th Grade,A,22000.0,22000.0,0.0,0.0,COMPLETED
ADM-2026-00389,Amit Sen,11th Grade,B,18000.0,5465.87,12534.13,0.0,PENDING_DUE
ADM-2026-00390,Krishna Nair,9th Grade,A,12000.0,6460.14,5539.86,0.0,PENDING_DUE
ADM-2026-00391,Ayaan Das,11th Grade,B,18000.0,18000.0,0.0,0.0,COMPLETED
ADM-2026-00392,Pari Mehta,12th Grade,A,12000.0,2824.27,9175.73,1000.0,DEFAULT_AGED
ADM-2026-00393,Reyansh Sharma,10th Grade,D,12000.0,12000.0,0.0,0.0,COMPLETED
ADM-2026-00394,Ananya Pillai,9th Grade,D,22000.0,22000.0,0.0,0.0,COMPLETED
ADM-2026-00395,Arjun Bose,11th Grade,D,22000.0,3226.28,18773.72,1000.0,DEFAULT_AGED
ADM-2026-00396,Rohan Joshi,10th Grade,C,15000.0,15000.0,0.0,0.0,COMPLETED
ADM-2026-00397,Reyansh Nair,9th Grade,C,22000.0,22000.0,0.0,0.0,COMPLETED
ADM-2026-00398,Sai Rao,10th Grade,D,15000.0,15000.0,0.0,0.0,COMPLETED
ADM-2026-00399,Pari Verma,11th Grade,B,22000.0,22000.0,0.0,0.0,COMPLETED
ADM-2026-00400,Pari Choudhury,11th Grade,A,12000.0,12000.0,0.0,0.0,COMPLETED
ADM-2026-00401,Karan Choudhury,9th Grade,B,18000.0,9242.68,8757.32,0.0,PENDING_DUE
ADM-2026-00402,Krishna Verma,9th Grade,B,15000.0,5716.15,9283.85,0.0,PENDING_DUE
ADM-2026-00403,Aditya Verma,10th Grade,C,15000.0,8458.69,6541.31,0.0,PENDING_DUE
ADM-2026-00404,Priya Pillai,12th Grade,D,22000.0,9374.2,12625.8,0.0,PENDING_DUE
ADM-2026-00405,Sai Choudhury,10th Grade,B,12000.0,12000.0,0.0,0.0,COMPLETED
ADM-2026-00406,Vikas Rao,11th Grade,B,15000.0,15000.0,0.0,0.0,COMPLETED
ADM-2026-00407,Amit Verma,12th Grade,A,18000.0,18000.0,0.0,0.0,COMPLETED
ADM-2026-00408,Vivaan Kumar,12th Grade,D,18000.0,18000.0,0.0,0.0,COMPLETED
ADM-2026-00409,Krishna Reddy,9th Grade,C,18000.0,18000.0,0.0,0.0,COMPLETED
ADM-2026-00410,Kavita Patel,12th Grade,B,12000.0,2781.89,9218.11,0.0,PENDING_DUE
ADM-2026-00411,Pari Reddy,10th Grade,A,22000.0,3262.47,18737.53,1000.0,DEFAULT_AGED
ADM-2026-00412,Reyansh Bose,12th Grade,D,12000.0,2520.35,9479.65,250.0,DEFAULT_AGED
ADM-2026-00413,Amit Bose,10th Grade,D,18000.0,18000.0,0.0,0.0,COMPLETED
ADM-2026-00414,Amit Das,10th Grade,C,18000.0,18000.0,0.0,0.0,COMPLETED
ADM-2026-00415,Ayaan Choudhury,12th Grade,B,22000.0,5048.09,16951.91,250.0,DEFAULT_AGED
ADM-2026-00416,Sneha Nair,9th Grade,B,18000.0,18000.0,0.0,0.0,COMPLETED
ADM-2026-00417,Pankaj Choudhury,12th Grade,A,15000.0,15000.0,0.0,0.0,COMPLETED
ADM-2026-00418,Krishna Rao,12th Grade,A,18000.0,18000.0,0.0,0.0,COMPLETED
ADM-2026-00419,Diya Choudhury,11th Grade,C,18000.0,12220.25,5779.75,0.0,PENDING_DUE
ADM-2026-00420,Pankaj Nair,9th Grade,D,22000.0,9838.76,12161.24,0.0,PENDING_DUE
ADM-2026-00421,Sanya Verma,9th Grade,B,22000.0,14426.3,7573.7,0.0,PENDING_DUE
ADM-2026-00422,Amit Malhotra,12th Grade,B,12000.0,3401.4,8598.6,0.0,PENDING_DUE
ADM-2026-00423,Ananya Deshmukh,12th Grade,D,22000.0,22000.0,0.0,0.0,COMPLETED
ADM-2026-00424,Pooja Gupta,12th Grade,A,22000.0,9757.87,12242.13,0.0,PENDING_DUE
ADM-2026-00425,Vihaan Joshi,11th Grade,B,18000.0,12367.33,5632.67,0.0,PENDING_DUE
ADM-2026-00426,Riya Sharma,11th Grade,A,15000.0,15000.0,0.0,0.0,COMPLETED
ADM-2026-00427,Vihaan Reddy,9th Grade,A,15000.0,15000.0,0.0,0.0,COMPLETED
ADM-2026-00428,Karan Choudhury,9th Grade,D,18000.0,18000.0,0.0,0.0,COMPLETED
ADM-2026-00429,Sneha Rao,9th Grade,B,12000.0,12000.0,0.0,0.0,COMPLETED
ADM-2026-00430,Priya Deshmukh,10th Grade,A,15000.0,15000.0,0.0,0.0,COMPLETED
ADM-2026-00431,Amit Iyer,9th Grade,D,12000.0,12000.0,0.0,0.0,COMPLETED
ADM-2026-00432,Diya Rao,12th Grade,D,22000.0,7201.07,14798.93,0.0,PENDING_DUE
ADM-2026-00433,Amit Menon,12th Grade,C,15000.0,6808.37,8191.63,0.0,PENDING_DUE
ADM-2026-00434,Meera Gupta,10th Grade,C,22000.0,22000.0,0.0,0.0,COMPLETED
ADM-2026-00435,Pankaj Gupta,11th Grade,B,22000.0,5718.6,16281.4,500.0,DEFAULT_AGED
ADM-2026-00436,Aarav Kumar,12th Grade,B,15000.0,15000.0,0.0,0.0,COMPLETED
ADM-2026-00437,Ayaan Choudhury,10th Grade,D,18000.0,18000.0,0.0,0.0,COMPLETED
ADM-2026-00438,Anjali Mehta,9th Grade,D,22000.0,22000.0,0.0,0.0,COMPLETED
ADM-2026-00439,Aadhya Pillai,12th Grade,A,12000.0,3588.01,8411.99,0.0,PENDING_DUE
ADM-2026-00440,Vivaan Reddy,9th Grade,C,15000.0,15000.0,0.0,0.0,COMPLETED
ADM-2026-00441,Karan Bose,12th Grade,A,22000.0,8529.65,13470.35,0.0,PENDING_DUE
ADM-2026-00442,Priya Patel,11th Grade,D,15000.0,8698.7,6301.3,0.0,PENDING_DUE
ADM-2026-00443,Karan Patel,10th Grade,D,22000.0,22000.0,0.0,0.0,COMPLETED
ADM-2026-00444,Aditya Patel,10th Grade,A,18000.0,18000.0,0.0,0.0,COMPLETED
ADM-2026-00445,Vihaan Joshi,10th Grade,A,15000.0,15000.0,0.0,0.0,COMPLETED
ADM-2026-00446,Ananya Rao,12th Grade,D,22000.0,22000.0,0.0,0.0,COMPLETED
ADM-2026-00447,Arjun Das,9th Grade,A,12000.0,4515.18,7484.82,0.0,PENDING_DUE
ADM-2026-00448,Reyansh Malhotra,12th Grade,C,22000.0,22000.0,0.0,0.0,COMPLETED
ADM-2026-00449,Pankaj Kumar,10th Grade,B,22000.0,13386.98,8613.02,0.0,PENDING_DUE
ADM-2026-00450,Ananya Gupta,12th Grade,D,18000.0,4989.47,13010.53,1000.0,DEFAULT_AGED
ADM-2026-00451,Karan Gupta,10th Grade,A,15000.0,4345.92,10654.08,0.0,PENDING_DUE
ADM-2026-00452,Diya Iyer,12th Grade,B,12000.0,319.96,11680.04,1000.0,DEFAULT_AGED
ADM-2026-00453,Ayaan Pillai,12th Grade,A,12000.0,1465.92,10534.08,500.0,DEFAULT_AGED
ADM-2026-00454,Sneha Malhotra,10th Grade,B,12000.0,4387.86,7612.14,0.0,PENDING_DUE
ADM-2026-00455,Karan Deshmukh,9th Grade,B,12000.0,5775.56,6224.44,0.0,PENDING_DUE
ADM-2026-00456,Meera Bose,9th Grade,D,15000.0,15000.0,0.0,0.0,COMPLETED
ADM-2026-00457,Aditya Pillai,12th Grade,B,22000.0,22000.0,0.0,0.0,COMPLETED
ADM-2026-00458,Aadhya Pillai,10th Grade,A,15000.0,15000.0,0.0,0.0,COMPLETED
ADM-2026-00459,Ishaan Verma,12th Grade,D,15000.0,3478.61,11521.39,0.0,PENDING_DUE
ADM-2026-00460,Ananya Sharma,11th Grade,C,18000.0,5821.29,12178.71,0.0,PENDING_DUE
ADM-2026-00461,Amit Mehta,10th Grade,A,18000.0,18000.0,0.0,0.0,COMPLETED
ADM-2026-00462,Sai Kumar,12th Grade,C,18000.0,18000.0,0.0,0.0,COMPLETED
ADM-2026-00463,Karan Kumar,11th Grade,A,15000.0,15000.0,0.0,0.0,COMPLETED
ADM-2026-00464,Arjun Choudhury,9th Grade,D,15000.0,7726.01,7273.99,0.0,PENDING_DUE
ADM-2026-00465,Ayaan Mehta,9th Grade,B,15000.0,15000.0,0.0,0.0,COMPLETED
ADM-2026-00466,Pankaj Sharma,10th Grade,D,15000.0,5385.7,9614.3,0.0,PENDING_DUE
ADM-2026-00467,Pari Gupta,12th Grade,A,22000.0,22000.0,0.0,0.0,COMPLETED
ADM-2026-00468,Priya Das,9th Grade,D,15000.0,4722.1,10277.9,0.0,PENDING_DUE
ADM-2026-00469,Vikas Mehta,10th Grade,D,18000.0,2604.06,15395.94,500.0,DEFAULT_AGED
ADM-2026-00470,Pari Gupta,11th Grade,B,22000.0,22000.0,0.0,0.0,COMPLETED
ADM-2026-00471,Diya Kumar,10th Grade,A,22000.0,22000.0,0.0,0.0,COMPLETED
ADM-2026-00472,Ishaan Das,12th Grade,C,18000.0,7951.53,10048.47,0.0,PENDING_DUE
ADM-2026-00473,Sai Reddy,11th Grade,C,15000.0,15000.0,0.0,0.0,COMPLETED
ADM-2026-00474,Vivaan Joshi,10th Grade,B,15000.0,4429.67,10570.33,1000.0,DEFAULT_AGED
ADM-2026-00475,Diya Nair,11th Grade,C,15000.0,7600.44,7399.56,0.0,PENDING_DUE
ADM-2026-00476,Neha Patel,11th Grade,D,12000.0,12000.0,0.0,0.0,COMPLETED
ADM-2026-00477,Karan Kumar,10th Grade,C,15000.0,4378.95,10621.05,0.0,PENDING_DUE
ADM-2026-00478,Priya Choudhury,11th Grade,B,18000.0,12298.34,5701.66,0.0,PENDING_DUE
ADM-2026-00479,Kavita Malhotra,10th Grade,D,15000.0,15000.0,0.0,0.0,COMPLETED
ADM-2026-00480,Anjali Das,11th Grade,A,12000.0,12000.0,0.0,0.0,COMPLETED
ADM-2026-00481,Karan Reddy,9th Grade,D,15000.0,15000.0,0.0,0.0,COMPLETED
ADM-2026-00482,Anjali Deshmukh,9th Grade,A,18000.0,18000.0,0.0,0.0,COMPLETED
ADM-2026-00483,Reyansh Joshi,9th Grade,D,12000.0,2518.29,9481.71,0.0,PENDING_DUE
ADM-2026-00484,Aadhya Verma,11th Grade,A,12000.0,5706.12,6293.88,0.0,PENDING_DUE
ADM-2026-00485,Arjun Nair,12th Grade,D,18000.0,18000.0,0.0,0.0,COMPLETED
ADM-2026-00486,Diya Gupta,9th Grade,D,18000.0,18000.0,0.0,0.0,COMPLETED
ADM-2026-00487,Aadhya Kumar,10th Grade,C,22000.0,5516.55,16483.45,250.0,DEFAULT_AGED
ADM-2026-00488,Reyansh Menon,9th Grade,A,18000.0,6464.13,11535.87,0.0,PENDING_DUE
ADM-2026-00489,Ishaan Gupta,11th Grade,D,18000.0,5166.55,12833.45,0.0,PENDING_DUE
ADM-2026-00490,Pankaj Bose,12th Grade,A,18000.0,6426.08,11573.92,0.0,PENDING_DUE
ADM-2026-00491,Vihaan Rao,12th Grade,D,22000.0,22000.0,0.0,0.0,COMPLETED
ADM-2026-00492,Pooja Das,10th Grade,A,12000.0,12000.0,0.0,0.0,COMPLETED
ADM-2026-00493,Vikas Rao,9th Grade,C,22000.0,5484.72,16515.28,250.0,DEFAULT_AGED
ADM-2026-00494,Rahul Patel,12th Grade,A,18000.0,1030.21,16969.79,250.0,DEFAULT_AGED
ADM-2026-00495,Aditya Deshmukh,12th Grade,B,18000.0,6384.39,11615.61,0.0,PENDING_DUE
ADM-2026-00496,Rahul Das,10th Grade,C,12000.0,12000.0,0.0,0.0,COMPLETED
ADM-2026-00497,Diya Kumar,9th Grade,B,12000.0,2745.28,9254.72,0.0,PENDING_DUE
ADM-2026-00498,Amit Das,9th Grade,A,15000.0,8574.54,6425.46,0.0,PENDING_DUE
ADM-2026-00499,Diya Mehta,10th Grade,C,12000.0,12000.0,0.0,0.0,COMPLETED
ADM-2026-00500,Krishna Choudhury,9th Grade,D,12000.0,12000.0,0.0,0.0,COMPLETED
ADM-2026-00501,Ishaan Das,9th Grade,C,15000.0,15000.0,0.0,0.0,COMPLETED
ADM-2026-00502,Pankaj Das,10th Grade,B,18000.0,11181.73,6818.27,0.0,PENDING_DUE
ADM-2026-00503,Sanya Bose,9th Grade,B,18000.0,12490.15,5509.85,0.0,PENDING_DUE
ADM-2026-00504,Diya Choudhury,10th Grade,A,18000.0,4885.3,13114.7,250.0,DEFAULT_AGED
ADM-2026-00505,Amit Sharma,9th Grade,C,22000.0,22000.0,0.0,0.0,COMPLETED
ADM-2026-00506,Meera Choudhury,10th Grade,D,22000.0,11235.97,10764.03,0.0,PENDING_DUE
ADM-2026-00507,Anjali Pillai,9th Grade,C,18000.0,18000.0,0.0,0.0,COMPLETED
ADM-2026-00508,Aditya Menon,9th Grade,B,18000.0,9054.45,8945.55,0.0,PENDING_DUE
ADM-2026-00509,Anjali Deshmukh,10th Grade,D,15000.0,15000.0,0.0,0.0,COMPLETED
ADM-2026-00510,Ananya Sharma,9th Grade,A,22000.0,22000.0,0.0,0.0,COMPLETED
ADM-2026-00511,Vihaan Choudhury,11th Grade,C,18000.0,18000.0,0.0,0.0,COMPLETED
ADM-2026-00512,Anjali Bose,9th Grade,B,18000.0,2915.09,15084.91,1000.0,DEFAULT_AGED
ADM-2026-00513,Vihaan Reddy,11th Grade,D,22000.0,22000.0,0.0,0.0,COMPLETED
ADM-2026-00514,Aadhya Rao,11th Grade,D,22000.0,22000.0,0.0,0.0,COMPLETED
ADM-2026-00515,Ishaan Verma,12th Grade,C,18000.0,18000.0,0.0,0.0,COMPLETED
ADM-2026-00516,Anjali Verma,11th Grade,C,22000.0,22000.0,0.0,0.0,COMPLETED
ADM-2026-00517,Pari Patel,10th Grade,D,22000.0,22000.0,0.0,0.0,COMPLETED
ADM-2026-00518,Rohan Mehta,9th Grade,A,22000.0,22000.0,0.0,0.0,COMPLETED
ADM-2026-00519,Aadhya Kumar,9th Grade,D,12000.0,4584.84,7415.16,0.0,PENDING_DUE
ADM-2026-00520,Diya Joshi,9th Grade,D,22000.0,22000.0,0.0,0.0,COMPLETED
ADM-2026-00521,Riya Pillai,12th Grade,A,18000.0,10749.7,7250.3,0.0,PENDING_DUE
ADM-2026-00522,Sanya Nair,11th Grade,B,22000.0,5081.47,16918.53,0.0,PENDING_DUE
ADM-2026-00523,Meera Das,10th Grade,C,12000.0,1161.53,10838.47,250.0,DEFAULT_AGED
ADM-2026-00524,Diya Bose,9th Grade,A,18000.0,18000.0,0.0,0.0,COMPLETED
ADM-2026-00525,Sai Iyer,12th Grade,B,18000.0,12553.07,5446.93,0.0,PENDING_DUE
ADM-2026-00526,Priya Rao,12th Grade,A,15000.0,10064.2,4935.8,0.0,PENDING_DUE
ADM-2026-00527,Sneha Menon,11th Grade,D,12000.0,12000.0,0.0,0.0,COMPLETED
ADM-2026-00528,Meera Pillai,9th Grade,A,18000.0,18000.0,0.0,0.0,COMPLETED
ADM-2026-00529,Amit Gupta,10th Grade,A,18000.0,18000.0,0.0,0.0,COMPLETED
ADM-2026-00530,Pari Sen,11th Grade,B,12000.0,5261.97,6738.03,0.0,PENDING_DUE
ADM-2026-00531,Pari Das,11th Grade,B,12000.0,12000.0,0.0,0.0,COMPLETED
ADM-2026-00532,Krishna Choudhury,11th Grade,B,18000.0,18000.0,0.0,0.0,COMPLETED
ADM-2026-00533,Vihaan Reddy,10th Grade,D,15000.0,1431.74,13568.26,1000.0,DEFAULT_AGED
ADM-2026-00534,Meera Verma,12th Grade,D,15000.0,15000.0,0.0,0.0,COMPLETED
ADM-2026-00535,Reyansh Sen,10th Grade,C,12000.0,12000.0,0.0,0.0,COMPLETED
ADM-2026-00536,Meera Malhotra,9th Grade,D,18000.0,6998.61,11001.39,0.0,PENDING_DUE
ADM-2026-00537,Rahul Malhotra,11th Grade,A,12000.0,4309.68,7690.32,0.0,PENDING_DUE
ADM-2026-00538,Neha Nair,11th Grade,A,18000.0,12430.3,5569.7,0.0,PENDING_DUE
ADM-2026-00539,Pooja Iyer,12th Grade,A,12000.0,12000.0,0.0,0.0,COMPLETED
ADM-2026-00540,Ayaan Rao,11th Grade,A,18000.0,18000.0,0.0,0.0,COMPLETED
ADM-2026-00541,Reyansh Bose,9th Grade,A,15000.0,9565.72,5434.28,0.0,PENDING_DUE
ADM-2026-00542,Arjun Sen,10th Grade,C,12000.0,6787.96,5212.04,0.0,PENDING_DUE
ADM-2026-00543,Aarav Menon,10th Grade,A,15000.0,1746.07,13253.93,500.0,DEFAULT_AGED
ADM-2026-00544,Priya Iyer,11th Grade,A,12000.0,3471.06,8528.94,500.0,DEFAULT_AGED
ADM-2026-00545,Krishna Sen,10th Grade,C,12000.0,12000.0,0.0,0.0,COMPLETED
ADM-2026-00546,Riya Iyer,12th Grade,C,22000.0,22000.0,0.0,0.0,COMPLETED
ADM-2026-00547,Aarav Sen,9th Grade,D,18000.0,10647.9,7352.1,0.0,PENDING_DUE
ADM-2026-00548,Sanya Reddy,10th Grade,A,18000.0,3566.04,14433.96,500.0,DEFAULT_AGED
ADM-2026-00549,Anjali Mehta,11th Grade,A,12000.0,1933.87,10066.13,250.0,DEFAULT_AGED
ADM-2026-00550,Vihaan Reddy,10th Grade,D,18000.0,9041.31,8958.69,0.0,PENDING_DUE
ADM-2026-00551,Meera Choudhury,10th Grade,A,12000.0,12000.0,0.0,0.0,COMPLETED
ADM-2026-00552,Vikas Kumar,9th Grade,B,15000.0,15000.0,0.0,0.0,COMPLETED
ADM-2026-00553,Karan Pillai,9th Grade,C,15000.0,8723.92,6276.08,0.0,PENDING_DUE
ADM-2026-00554,Diya Sen,12th Grade,D,18000.0,8960.43,9039.57,0.0,PENDING_DUE
ADM-2026-00555,Pooja Nair,12th Grade,B,18000.0,1096.03,16903.97,500.0,DEFAULT_AGED
ADM-2026-00556,Sanya Iyer,12th Grade,B,18000.0,18000.0,0.0,0.0,COMPLETED
ADM-2026-00557,Ananya Rao,12th Grade,D,22000.0,22000.0,0.0,0.0,COMPLETED
ADM-2026-00558,Pari Patel,12th Grade,A,12000.0,12000.0,0.0,0.0,COMPLETED
ADM-2026-00559,Riya Nair,9th Grade,B,22000.0,4066.91,17933.09,1000.0,DEFAULT_AGED
ADM-2026-00560,Krishna Sharma,9th Grade,A,15000.0,15000.0,0.0,0.0,COMPLETED
ADM-2026-00561,Aditya Rao,9th Grade,C,18000.0,18000.0,0.0,0.0,COMPLETED
ADM-2026-00562,Vihaan Bose,11th Grade,B,22000.0,22000.0,0.0,0.0,COMPLETED
ADM-2026-00563,Aditya Malhotra,10th Grade,B,15000.0,4464.77,10535.23,1000.0,DEFAULT_AGED
ADM-2026-00564,Pankaj Singh,9th Grade,B,12000.0,12000.0,0.0,0.0,COMPLETED
ADM-2026-00565,Diya Bose,12th Grade,A,12000.0,5603.67,6396.33,0.0,PENDING_DUE
ADM-2026-00566,Diya Patel,9th Grade,B,22000.0,12573.21,9426.79,0.0,PENDING_DUE
ADM-2026-00567,Pari Sen,9th Grade,B,15000.0,15000.0,0.0,0.0,COMPLETED
ADM-2026-00568,Krishna Gupta,10th Grade,B,18000.0,2864.31,15135.69,500.0,DEFAULT_AGED
ADM-2026-00569,Riya Bose,10th Grade,C,22000.0,3934.54,18065.46,500.0,DEFAULT_AGED
ADM-2026-00570,Aadhya Sen,10th Grade,C,18000.0,12150.68,5849.32,0.0,PENDING_DUE
ADM-2026-00571,Vikas Patel,10th Grade,B,18000.0,3223.21,14776.79,1000.0,DEFAULT_AGED
ADM-2026-00572,Diya Kumar,12th Grade,D,22000.0,2077.69,19922.31,500.0,DEFAULT_AGED
ADM-2026-00573,Ishaan Verma,12th Grade,A,18000.0,18000.0,0.0,0.0,COMPLETED
ADM-2026-00574,Ishaan Sharma,11th Grade,A,18000.0,3402.84,14597.16,1000.0,DEFAULT_AGED
ADM-2026-00575,Diya Nair,11th Grade,A,12000.0,271.29,11728.71,1000.0,DEFAULT_AGED
ADM-2026-00576,Priya Verma,10th Grade,C,22000.0,10025.75,11974.25,0.0,PENDING_DUE
ADM-2026-00577,Vivaan Sharma,10th Grade,D,18000.0,9771.21,8228.79,0.0,PENDING_DUE
ADM-2026-00578,Neha Kumar,9th Grade,B,22000.0,22000.0,0.0,0.0,COMPLETED
ADM-2026-00579,Reyansh Singh,11th Grade,B,12000.0,6139.56,5860.44,0.0,PENDING_DUE
ADM-2026-00580,Karan Rao,12th Grade,B,22000.0,22000.0,0.0,0.0,COMPLETED
ADM-2026-00581,Kavita Deshmukh,9th Grade,A,12000.0,12000.0,0.0,0.0,COMPLETED
ADM-2026-00582,Pankaj Reddy,10th Grade,A,12000.0,12000.0,0.0,0.0,COMPLETED
ADM-2026-00583,Rahul Rao,11th Grade,C,22000.0,13522.23,8477.77,0.0,PENDING_DUE
ADM-2026-00584,Ananya Patel,12th Grade,A,22000.0,22000.0,0.0,0.0,COMPLETED
ADM-2026-00585,Sai Nair,9th Grade,D,12000.0,6719.15,5280.85,0.0,PENDING_DUE
ADM-2026-00586,Rahul Deshmukh,9th Grade,C,22000.0,22000.0,0.0,0.0,COMPLETED
ADM-2026-00587,Pari Malhotra,12th Grade,C,12000.0,2819.44,9180.56,0.0,PENDING_DUE
ADM-2026-00588,Reyansh Pillai,11th Grade,D,12000.0,12000.0,0.0,0.0,COMPLETED
ADM-2026-00589,Kavita Verma,9th Grade,B,22000.0,22000.0,0.0,0.0,COMPLETED
ADM-2026-00590,Arjun Gupta,11th Grade,B,18000.0,18000.0,0.0,0.0,COMPLETED
ADM-2026-00591,Amit Iyer,9th Grade,C,18000.0,18000.0,0.0,0.0,COMPLETED
ADM-2026-00592,Sanya Bose,9th Grade,D,18000.0,18000.0,0.0,0.0,COMPLETED
ADM-2026-00593,Diya Kumar,11th Grade,B,15000.0,15000.0,0.0,0.0,COMPLETED
ADM-2026-00594,Diya Joshi,12th Grade,D,15000.0,15000.0,0.0,0.0,COMPLETED
ADM-2026-00595,Krishna Choudhury,11th Grade,C,18000.0,18000.0,0.0,0.0,COMPLETED
ADM-2026-00596,Sanya Patel,9th Grade,C,12000.0,2662.13,9337.87,0.0,PENDING_DUE
ADM-2026-00597,Ananya Bose,9th Grade,A,12000.0,12000.0,0.0,0.0,COMPLETED
ADM-2026-00598,Priya Malhotra,12th Grade,A,12000.0,12000.0,0.0,0.0,COMPLETED
ADM-2026-00599,Vikas Menon,11th Grade,B,18000.0,18000.0,0.0,0.0,COMPLETED
ADM-2026-00600,Ananya Joshi,9th Grade,B,12000.0,12000.0,0.0,0.0,COMPLETED
ADM-2026-00601,Diya Reddy,11th Grade,C,18000.0,6596.86,11403.14,0.0,PENDING_DUE
ADM-2026-00602,Ananya Choudhury,11th Grade,C,22000.0,15324.9,6675.1,0.0,PENDING_DUE
ADM-2026-00603,Sneha Kumar,9th Grade,C,22000.0,22000.0,0.0,0.0,COMPLETED
ADM-2026-00604,Arjun Kumar,10th Grade,D,18000.0,9365.23,8634.77,0.0,PENDING_DUE
ADM-2026-00605,Aadhya Mehta,11th Grade,A,18000.0,18000.0,0.0,0.0,COMPLETED
ADM-2026-00606,Aarav Mehta,9th Grade,D,22000.0,13974.04,8025.96,0.0,PENDING_DUE
ADM-2026-00607,Neha Mehta,10th Grade,B,22000.0,22000.0,0.0,0.0,COMPLETED
ADM-2026-00608,Anjali Joshi,11th Grade,C,15000.0,15000.0,0.0,0.0,COMPLETED
ADM-2026-00609,Riya Reddy,9th Grade,B,22000.0,6531.02,15468.98,1000.0,DEFAULT_AGED
ADM-2026-00610,Neha Sharma,9th Grade,B,22000.0,9411.33,12588.67,0.0,PENDING_DUE
ADM-2026-00611,Pooja Verma,10th Grade,C,12000.0,12000.0,0.0,0.0,COMPLETED
ADM-2026-00612,Karan Patel,9th Grade,A,18000.0,7797.91,10202.09,0.0,PENDING_DUE
ADM-2026-00613,Anjali Deshmukh,10th Grade,C,15000.0,15000.0,0.0,0.0,COMPLETED
ADM-2026-00614,Diya Patel,12th Grade,C,18000.0,18000.0,0.0,0.0,COMPLETED
ADM-2026-00615,Pooja Patel,9th Grade,A,18000.0,4188.4,13811.6,0.0,PENDING_DUE
ADM-2026-00616,Diya Singh,10th Grade,C,12000.0,7752.58,4247.42,0.0,PENDING_DUE
ADM-2026-00617,Sneha Iyer,10th Grade,A,22000.0,12195.8,9804.2,0.0,PENDING_DUE
ADM-2026-00618,Meera Gupta,10th Grade,C,22000.0,800.91,21199.09,250.0,DEFAULT_AGED
ADM-2026-00619,Rohan Kumar,11th Grade,D,12000.0,5420.48,6579.52,0.0,PENDING_DUE
ADM-2026-00620,Ishaan Kumar,10th Grade,A,22000.0,22000.0,0.0,0.0,COMPLETED
ADM-2026-00621,Pari Mehta,11th Grade,B,15000.0,15000.0,0.0,0.0,COMPLETED
ADM-2026-00622,Anjali Sen,9th Grade,C,18000.0,132.41,17867.59,250.0,DEFAULT_AGED
ADM-2026-00623,Riya Sharma,9th Grade,B,22000.0,13998.6,8001.4,0.0,PENDING_DUE
ADM-2026-00624,Arjun Sharma,9th Grade,D,12000.0,12000.0,0.0,0.0,COMPLETED
ADM-2026-00625,Reyansh Sharma,12th Grade,B,12000.0,3949.25,8050.75,0.0,PENDING_DUE
ADM-2026-00626,Sneha Singh,12th Grade,A,12000.0,12000.0,0.0,0.0,COMPLETED
ADM-2026-00627,Riya Sharma,9th Grade,D,12000.0,12000.0,0.0,0.0,COMPLETED
ADM-2026-00628,Pari Patel,12th Grade,A,15000.0,8219.41,6780.59,0.0,PENDING_DUE
ADM-2026-00629,Pari Menon,10th Grade,B,22000.0,22000.0,0.0,0.0,COMPLETED
ADM-2026-00630,Karan Rao,10th Grade,A,22000.0,22000.0,0.0,0.0,COMPLETED
ADM-2026-00631,Pooja Nair,10th Grade,B,22000.0,5840.3,16159.7,1000.0,DEFAULT_AGED
ADM-2026-00632,Pankaj Mehta,10th Grade,D,22000.0,22000.0,0.0,0.0,COMPLETED
ADM-2026-00633,Vihaan Iyer,11th Grade,A,15000.0,15000.0,0.0,0.0,COMPLETED
ADM-2026-00634,Arjun Sen,12th Grade,A,15000.0,15000.0,0.0,0.0,COMPLETED
ADM-2026-00635,Aadhya Nair,9th Grade,B,22000.0,22000.0,0.0,0.0,COMPLETED
ADM-2026-00636,Sai Kumar,9th Grade,C,18000.0,10724.62,7275.38,0.0,PENDING_DUE
ADM-2026-00637,Aditya Patel,9th Grade,C,12000.0,12000.0,0.0,0.0,COMPLETED
ADM-2026-00638,Aditya Pillai,9th Grade,A,15000.0,3214.94,11785.06,1000.0,DEFAULT_AGED
ADM-2026-00639,Ananya Iyer,12th Grade,C,18000.0,18000.0,0.0,0.0,COMPLETED
ADM-2026-00640,Arjun Das,11th Grade,C,22000.0,12004.95,9995.05,0.0,PENDING_DUE
ADM-2026-00641,Pankaj Joshi,12th Grade,A,12000.0,12000.0,0.0,0.0,COMPLETED
ADM-2026-00642,Priya Gupta,11th Grade,D,22000.0,8628.95,13371.05,0.0,PENDING_DUE
ADM-2026-00643,Ishaan Reddy,11th Grade,C,15000.0,15000.0,0.0,0.0,COMPLETED
ADM-2026-00644,Aditya Verma,10th Grade,C,22000.0,22000.0,0.0,0.0,COMPLETED
ADM-2026-00645,Aditya Joshi,10th Grade,A,18000.0,18000.0,0.0,0.0,COMPLETED
ADM-2026-00646,Neha Kumar,11th Grade,D,15000.0,15000.0,0.0,0.0,COMPLETED
ADM-2026-00647,Vikas Pillai,11th Grade,A,15000.0,4059.38,10940.62,0.0,PENDING_DUE
ADM-2026-00648,Arjun Joshi,10th Grade,D,18000.0,9495.33,8504.67,0.0,PENDING_DUE
ADM-2026-00649,Pooja Das,9th Grade,A,12000.0,7122.56,4877.44,0.0,PENDING_DUE
ADM-2026-00650,Priya Reddy,11th Grade,B,12000.0,2095.36,9904.64,250.0,DEFAULT_AGED
ADM-2026-00651,Krishna Bose,12th Grade,A,22000.0,22000.0,0.0,0.0,COMPLETED
ADM-2026-00652,Pari Verma,9th Grade,A,22000.0,22000.0,0.0,0.0,COMPLETED
ADM-2026-00653,Priya Joshi,10th Grade,C,22000.0,22000.0,0.0,0.0,COMPLETED
ADM-2026-00654,Vihaan Singh,10th Grade,B,15000.0,15000.0,0.0,0.0,COMPLETED
ADM-2026-00655,Aadhya Pillai,9th Grade,C,18000.0,18000.0,0.0,0.0,COMPLETED
ADM-2026-00656,Pooja Rao,12th Grade,D,18000.0,18000.0,0.0,0.0,COMPLETED
ADM-2026-00657,Rohan Mehta,10th Grade,C,18000.0,18000.0,0.0,0.0,COMPLETED
ADM-2026-00658,Aadhya Reddy,9th Grade,C,18000.0,18000.0,0.0,0.0,COMPLETED
ADM-2026-00659,Ananya Mehta,9th Grade,D,15000.0,15000.0,0.0,0.0,COMPLETED
ADM-2026-00660,Vihaan Kumar,10th Grade,D,15000.0,15000.0,0.0,0.0,COMPLETED
ADM-2026-00661,Aarav Pillai,12th Grade,B,18000.0,18000.0,0.0,0.0,COMPLETED
ADM-2026-00662,Sai Verma,12th Grade,B,18000.0,10333.81,7666.19,0.0,PENDING_DUE
ADM-2026-00663,Ayaan Patel,12th Grade,B,12000.0,3512.44,8487.56,0.0,PENDING_DUE
ADM-2026-00664,Karan Singh,9th Grade,A,18000.0,18000.0,0.0,0.0,COMPLETED
ADM-2026-00665,Meera Pillai,10th Grade,D,22000.0,10453.92,11546.08,0.0,PENDING_DUE
ADM-2026-00666,Ayaan Menon,11th Grade,C,18000.0,10675.69,7324.31,0.0,PENDING_DUE
ADM-2026-00667,Neha Joshi,12th Grade,C,18000.0,18000.0,0.0,0.0,COMPLETED
ADM-2026-00668,Krishna Rao,9th Grade,C,18000.0,18000.0,0.0,0.0,COMPLETED
ADM-2026-00669,Aditya Patel,11th Grade,A,22000.0,13497.91,8502.09,0.0,PENDING_DUE
ADM-2026-00670,Reyansh Verma,9th Grade,B,22000.0,11368.07,10631.93,0.0,PENDING_DUE
ADM-2026-00671,Anjali Choudhury,12th Grade,A,15000.0,1611.0,13389.0,500.0,DEFAULT_AGED
ADM-2026-00672,Riya Das,12th Grade,A,12000.0,3302.31,8697.69,0.0,PENDING_DUE
ADM-2026-00673,Riya Menon,11th Grade,D,18000.0,18000.0,0.0,0.0,COMPLETED
ADM-2026-00674,Sneha Verma,11th Grade,A,12000.0,12000.0,0.0,0.0,COMPLETED
ADM-2026-00675,Diya Sharma,12th Grade,C,22000.0,22000.0,0.0,0.0,COMPLETED
ADM-2026-00676,Ananya Singh,10th Grade,B,18000.0,3818.18,14181.82,0.0,PENDING_DUE
ADM-2026-00677,Vikas Reddy,12th Grade,D,12000.0,2861.87,9138.13,0.0,PENDING_DUE
ADM-2026-00678,Riya Patel,11th Grade,D,15000.0,15000.0,0.0,0.0,COMPLETED
ADM-2026-00679,Reyansh Joshi,11th Grade,A,18000.0,10479.3,7520.7,0.0,PENDING_DUE
ADM-2026-00680,Ishaan Reddy,10th Grade,C,22000.0,22000.0,0.0,0.0,COMPLETED
ADM-2026-00681,Aarav Mehta,12th Grade,A,15000.0,1679.55,13320.45,250.0,DEFAULT_AGED
ADM-2026-00682,Ishaan Reddy,12th Grade,C,12000.0,671.34,11328.66,1000.0,DEFAULT_AGED
ADM-2026-00683,Karan Patel,11th Grade,B,22000.0,4343.71,17656.29,1000.0,DEFAULT_AGED
ADM-2026-00684,Aditya Nair,9th Grade,D,15000.0,15000.0,0.0,0.0,COMPLETED
ADM-2026-00685,Arjun Pillai,9th Grade,B,22000.0,6402.9,15597.1,250.0,DEFAULT_AGED
ADM-2026-00686,Neha Joshi,9th Grade,C,15000.0,1616.01,13383.99,250.0,DEFAULT_AGED
ADM-2026-00687,Pooja Malhotra,9th Grade,C,15000.0,15000.0,0.0,0.0,COMPLETED
ADM-2026-00688,Krishna Sen,9th Grade,D,12000.0,6243.95,5756.05,0.0,PENDING_DUE
ADM-2026-00689,Sneha Deshmukh,12th Grade,D,15000.0,8004.66,6995.34,0.0,PENDING_DUE
ADM-2026-00690,Vikas Joshi,12th Grade,D,15000.0,15000.0,0.0,0.0,COMPLETED
ADM-2026-00691,Ishaan Mehta,11th Grade,D,22000.0,5271.43,16728.57,250.0,DEFAULT_AGED
ADM-2026-00692,Aditya Bose,10th Grade,C,15000.0,6524.71,8475.29,0.0,PENDING_DUE
ADM-2026-00693,Anjali Joshi,12th Grade,B,15000.0,6639.77,8360.23,0.0,PENDING_DUE
ADM-2026-00694,Pooja Kumar,10th Grade,A,18000.0,242.24,17757.76,500.0,DEFAULT_AGED
ADM-2026-00695,Aarav Choudhury,11th Grade,B,12000.0,8167.97,3832.03,0.0,PENDING_DUE
ADM-2026-00696,Arjun Joshi,9th Grade,A,22000.0,22000.0,0.0,0.0,COMPLETED
ADM-2026-00697,Reyansh Singh,10th Grade,A,12000.0,7421.79,4578.21,0.0,PENDING_DUE
ADM-2026-00698,Sanya Patel,12th Grade,C,15000.0,2819.65,12180.35,250.0,DEFAULT_AGED
ADM-2026-00699,Sneha Sharma,9th Grade,C,12000.0,12000.0,0.0,0.0,COMPLETED
ADM-2026-00700,Sneha Rao,11th Grade,C,22000.0,10425.54,11574.46,0.0,PENDING_DUE
ADM-2026-00701,Pari Gupta,9th Grade,A,15000.0,412.73,14587.27,500.0,DEFAULT_AGED
ADM-2026-00702,Ishaan Verma,12th Grade,B,22000.0,22000.0,0.0,0.0,COMPLETED
ADM-2026-00703,Ayaan Das,9th Grade,A,18000.0,94.92,17905.08,250.0,DEFAULT_AGED
ADM-2026-00704,Meera Verma,11th Grade,D,22000.0,22000.0,0.0,0.0,COMPLETED
ADM-2026-00705,Neha Deshmukh,10th Grade,A,22000.0,6262.31,15737.69,0.0,PENDING_DUE
ADM-2026-00706,Arjun Sen,10th Grade,C,15000.0,7999.09,7000.91,0.0,PENDING_DUE
ADM-2026-00707,Amit Deshmukh,9th Grade,A,22000.0,22000.0,0.0,0.0,COMPLETED
ADM-2026-00708,Ananya Patel,9th Grade,C,18000.0,18000.0,0.0,0.0,COMPLETED
ADM-2026-00709,Karan Kumar,9th Grade,A,12000.0,4092.05,7907.95,0.0,PENDING_DUE
ADM-2026-00710,Krishna Verma,11th Grade,D,12000.0,7243.35,4756.65,0.0,PENDING_DUE
ADM-2026-00711,Karan Rao,10th Grade,B,18000.0,5169.13,12830.87,0.0,PENDING_DUE
ADM-2026-00712,Riya Malhotra,12th Grade,C,18000.0,688.17,17311.83,1000.0,DEFAULT_AGED
ADM-2026-00713,Pankaj Rao,9th Grade,D,12000.0,12000.0,0.0,0.0,COMPLETED
ADM-2026-00714,Karan Iyer,11th Grade,B,12000.0,12000.0,0.0,0.0,COMPLETED
ADM-2026-00715,Amit Iyer,12th Grade,D,12000.0,12000.0,0.0,0.0,COMPLETED
ADM-2026-00716,Sai Deshmukh,12th Grade,A,22000.0,9072.35,12927.65,0.0,PENDING_DUE
ADM-2026-00717,Rohan Choudhury,10th Grade,B,15000.0,3011.05,11988.95,250.0,DEFAULT_AGED
ADM-2026-00718,Vihaan Kumar,11th Grade,D,18000.0,3576.45,14423.55,500.0,DEFAULT_AGED
ADM-2026-00719,Ayaan Pillai,12th Grade,C,18000.0,18000.0,0.0,0.0,COMPLETED
ADM-2026-00720,Meera Nair,10th Grade,D,12000.0,5809.41,6190.59,0.0,PENDING_DUE
ADM-2026-00721,Vivaan Reddy,9th Grade,B,22000.0,22000.0,0.0,0.0,COMPLETED
ADM-2026-00722,Sneha Pillai,11th Grade,D,22000.0,22000.0,0.0,0.0,COMPLETED
ADM-2026-00723,Reyansh Reddy,11th Grade,A,18000.0,5768.29,12231.71,0.0,PENDING_DUE
ADM-2026-00724,Diya Choudhury,11th Grade,C,15000.0,9690.82,5309.18,0.0,PENDING_DUE
ADM-2026-00725,Rahul Sharma,9th Grade,C,15000.0,15000.0,0.0,0.0,COMPLETED
ADM-2026-00726,Meera Kumar,10th Grade,D,22000.0,22000.0,0.0,0.0,COMPLETED
ADM-2026-00727,Meera Pillai,9th Grade,C,12000.0,12000.0,0.0,0.0,COMPLETED
ADM-2026-00728,Vikas Das,11th Grade,D,22000.0,22000.0,0.0,0.0,COMPLETED
ADM-2026-00729,Amit Iyer,11th Grade,D,12000.0,12000.0,0.0,0.0,COMPLETED
ADM-2026-00730,Priya Singh,12th Grade,C,15000.0,3032.84,11967.16,0.0,PENDING_DUE
ADM-2026-00731,Ananya Rao,10th Grade,C,22000.0,22000.0,0.0,0.0,COMPLETED
ADM-2026-00732,Pari Pillai,9th Grade,C,15000.0,15000.0,0.0,0.0,COMPLETED
ADM-2026-00733,Priya Nair,11th Grade,D,12000.0,5975.73,6024.27,0.0,PENDING_DUE
ADM-2026-00734,Amit Sen,9th Grade,A,12000.0,799.15,11200.85,1000.0,DEFAULT_AGED
ADM-2026-00735,Meera Das,12th Grade,B,15000.0,15000.0,0.0,0.0,COMPLETED
ADM-2026-00736,Pooja Verma,9th Grade,B,18000.0,7423.82,10576.18,0.0,PENDING_DUE
ADM-2026-00737,Priya Iyer,12th Grade,C,18000.0,18000.0,0.0,0.0,COMPLETED
ADM-2026-00738,Sanya Sharma,10th Grade,D,15000.0,6868.09,8131.91,0.0,PENDING_DUE
ADM-2026-00739,Reyansh Das,12th Grade,C,15000.0,5888.29,9111.71,0.0,PENDING_DUE
ADM-2026-00740,Priya Verma,11th Grade,B,22000.0,22000.0,0.0,0.0,COMPLETED
ADM-2026-00741,Aarav Iyer,12th Grade,C,15000.0,7506.58,7493.42,0.0,PENDING_DUE
ADM-2026-00742,Krishna Sharma,12th Grade,B,12000.0,3127.66,8872.34,250.0,DEFAULT_AGED
ADM-2026-00743,Rahul Mehta,9th Grade,C,22000.0,11213.79,10786.21,0.0,PENDING_DUE
ADM-2026-00744,Vikas Menon,11th Grade,C,15000.0,1755.48,13244.52,500.0,DEFAULT_AGED
ADM-2026-00745,Ananya Joshi,12th Grade,A,12000.0,12000.0,0.0,0.0,COMPLETED
ADM-2026-00746,Ananya Joshi,9th Grade,A,12000.0,5431.85,6568.15,0.0,PENDING_DUE
ADM-2026-00747,Sai Verma,12th Grade,C,18000.0,18000.0,0.0,0.0,COMPLETED
ADM-2026-00748,Pankaj Reddy,12th Grade,A,18000.0,8517.52,9482.48,0.0,PENDING_DUE
ADM-2026-00749,Sai Patel,12th Grade,B,12000.0,852.63,11147.37,250.0,DEFAULT_AGED
ADM-2026-00750,Aditya Nair,11th Grade,D,12000.0,12000.0,0.0,0.0,COMPLETED
ADM-2026-00751,Kavita Reddy,10th Grade,B,18000.0,18000.0,0.0,0.0,COMPLETED
ADM-2026-00752,Aadhya Sharma,11th Grade,B,15000.0,4009.43,10990.57,250.0,DEFAULT_AGED
ADM-2026-00753,Aditya Reddy,9th Grade,B,18000.0,5011.14,12988.86,0.0,PENDING_DUE
ADM-2026-00754,Krishna Malhotra,11th Grade,B,15000.0,10482.51,4517.49,0.0,PENDING_DUE
ADM-2026-00755,Diya Das,11th Grade,A,18000.0,11179.19,6820.81,0.0,PENDING_DUE
ADM-2026-00756,Diya Sharma,12th Grade,A,15000.0,15000.0,0.0,0.0,COMPLETED
ADM-2026-00757,Anjali Pillai,10th Grade,B,18000.0,11978.6,6021.4,0.0,PENDING_DUE
ADM-2026-00758,Anjali Kumar,12th Grade,A,15000.0,2552.89,12447.11,250.0,DEFAULT_AGED
ADM-2026-00759,Rohan Nair,10th Grade,A,18000.0,3914.01,14085.99,500.0,DEFAULT_AGED
ADM-2026-00760,Sai Nair,11th Grade,D,15000.0,15000.0,0.0,0.0,COMPLETED
ADM-2026-00761,Aadhya Gupta,12th Grade,C,22000.0,22000.0,0.0,0.0,COMPLETED
ADM-2026-00762,Aadhya Joshi,10th Grade,C,18000.0,18000.0,0.0,0.0,COMPLETED
ADM-2026-00763,Neha Gupta,12th Grade,A,12000.0,12000.0,0.0,0.0,COMPLETED
ADM-2026-00764,Aadhya Iyer,10th Grade,A,18000.0,12249.58,5750.42,0.0,PENDING_DUE
ADM-2026-00765,Sanya Patel,11th Grade,D,15000.0,2830.09,12169.91,1000.0,DEFAULT_AGED
ADM-2026-00766,Ananya Deshmukh,11th Grade,C,15000.0,9504.68,5495.32,0.0,PENDING_DUE
ADM-2026-00767,Anjali Joshi,9th Grade,B,15000.0,15000.0,0.0,0.0,COMPLETED
ADM-2026-00768,Vivaan Deshmukh,10th Grade,C,18000.0,18000.0,0.0,0.0,COMPLETED
ADM-2026-00769,Meera Reddy,10th Grade,A,12000.0,12000.0,0.0,0.0,COMPLETED
ADM-2026-00770,Neha Sen,11th Grade,A,12000.0,1638.0,10362.0,1000.0,DEFAULT_AGED
ADM-2026-00771,Sai Choudhury,9th Grade,D,12000.0,12000.0,0.0,0.0,COMPLETED
ADM-2026-00772,Vihaan Menon,11th Grade,C,12000.0,12000.0,0.0,0.0,COMPLETED
ADM-2026-00773,Ananya Patel,11th Grade,D,12000.0,12000.0,0.0,0.0,COMPLETED
ADM-2026-00774,Rohan Deshmukh,11th Grade,A,12000.0,12000.0,0.0,0.0,COMPLETED
ADM-2026-00775,Diya Patel,10th Grade,C,12000.0,7934.12,4065.88,0.0,PENDING_DUE
ADM-2026-00776,Pooja Pillai,12th Grade,B,22000.0,22000.0,0.0,0.0,COMPLETED
ADM-2026-00777,Riya Patel,11th Grade,A,18000.0,18000.0,0.0,0.0,COMPLETED
ADM-2026-00778,Sneha Sharma,9th Grade,C,18000.0,4413.64,13586.36,1000.0,DEFAULT_AGED
ADM-2026-00779,Ananya Das,9th Grade,B,22000.0,7679.87,14320.13,0.0,PENDING_DUE
ADM-2026-00780,Sneha Joshi,12th Grade,A,22000.0,6192.43,15807.57,1000.0,DEFAULT_AGED
ADM-2026-00781,Amit Verma,9th Grade,B,18000.0,5014.85,12985.15,500.0,DEFAULT_AGED
ADM-2026-00782,Aditya Choudhury,9th Grade,A,18000.0,18000.0,0.0,0.0,COMPLETED
ADM-2026-00783,Neha Sharma,11th Grade,A,12000.0,487.45,11512.55,1000.0,DEFAULT_AGED
ADM-2026-00784,Aadhya Kumar,9th Grade,C,18000.0,18000.0,0.0,0.0,COMPLETED
ADM-2026-00785,Sanya Reddy,9th Grade,A,18000.0,18000.0,0.0,0.0,COMPLETED
ADM-2026-00786,Meera Verma,12th Grade,B,18000.0,18000.0,0.0,0.0,COMPLETED
ADM-2026-00787,Neha Deshmukh,9th Grade,C,15000.0,15000.0,0.0,0.0,COMPLETED
ADM-2026-00788,Kavita Deshmukh,11th Grade,A,12000.0,7499.54,4500.46,0.0,PENDING_DUE
ADM-2026-00789,Pooja Singh,10th Grade,B,15000.0,15000.0,0.0,0.0,COMPLETED
ADM-2026-00790,Meera Kumar,10th Grade,A,22000.0,22000.0,0.0,0.0,COMPLETED
ADM-2026-00791,Pari Kumar,9th Grade,C,18000.0,18000.0,0.0,0.0,COMPLETED
ADM-2026-00792,Pari Verma,12th Grade,D,12000.0,12000.0,0.0,0.0,COMPLETED
ADM-2026-00793,Aadhya Reddy,9th Grade,A,22000.0,11282.69,10717.31,0.0,PENDING_DUE
ADM-2026-00794,Vivaan Joshi,9th Grade,B,22000.0,22000.0,0.0,0.0,COMPLETED
ADM-2026-00795,Ayaan Gupta,9th Grade,D,12000.0,6289.24,5710.76,0.0,PENDING_DUE
ADM-2026-00796,Riya Sen,11th Grade,C,22000.0,14287.47,7712.53,0.0,PENDING_DUE
ADM-2026-00797,Pankaj Menon,9th Grade,C,12000.0,7449.11,4550.89,0.0,PENDING_DUE
ADM-2026-00798,Aarav Mehta,10th Grade,C,22000.0,5784.09,16215.91,1000.0,DEFAULT_AGED
ADM-2026-00799,Rohan Nair,10th Grade,C,22000.0,22000.0,0.0,0.0,COMPLETED
ADM-2026-00800,Aarav Singh,12th Grade,D,22000.0,22000.0,0.0,0.0,COMPLETED
ADM-2026-00801,Neha Kumar,11th Grade,A,18000.0,5729.13,12270.87,0.0,PENDING_DUE
ADM-2026-00802,Meera Gupta,12th Grade,B,12000.0,12000.0,0.0,0.0,COMPLETED
ADM-2026-00803,Pankaj Mehta,10th Grade,D,12000.0,12000.0,0.0,0.0,COMPLETED
ADM-2026-00804,Arjun Iyer,10th Grade,A,12000.0,12000.0,0.0,0.0,COMPLETED
ADM-2026-00805,Aditya Patel,11th Grade,A,15000.0,15000.0,0.0,0.0,COMPLETED
ADM-2026-00806,Meera Iyer,11th Grade,C,22000.0,7251.06,14748.94,0.0,PENDING_DUE
ADM-2026-00807,Arjun Joshi,12th Grade,A,12000.0,1199.59,10800.41,500.0,DEFAULT_AGED
ADM-2026-00808,Sanya Joshi,11th Grade,A,18000.0,10366.32,7633.68,0.0,PENDING_DUE
ADM-2026-00809,Pari Sen,10th Grade,D,12000.0,6078.19,5921.81,0.0,PENDING_DUE
ADM-2026-00810,Pooja Bose,9th Grade,A,12000.0,7731.04,4268.96,0.0,PENDING_DUE
ADM-2026-00811,Ananya Gupta,10th Grade,B,12000.0,6576.11,5423.89,0.0,PENDING_DUE
ADM-2026-00812,Krishna Mehta,11th Grade,A,15000.0,15000.0,0.0,0.0,COMPLETED
ADM-2026-00813,Diya Nair,10th Grade,D,18000.0,18000.0,0.0,0.0,COMPLETED
ADM-2026-00814,Aditya Deshmukh,12th Grade,B,22000.0,22000.0,0.0,0.0,COMPLETED
ADM-2026-00815,Vihaan Pillai,9th Grade,C,22000.0,9052.2,12947.8,0.0,PENDING_DUE
ADM-2026-00816,Rohan Menon,9th Grade,C,18000.0,3568.77,14431.23,250.0,DEFAULT_AGED
ADM-2026-00817,Riya Gupta,10th Grade,D,12000.0,12000.0,0.0,0.0,COMPLETED
ADM-2026-00818,Reyansh Nair,9th Grade,D,15000.0,15000.0,0.0,0.0,COMPLETED
ADM-2026-00819,Diya Pillai,9th Grade,D,18000.0,18000.0,0.0,0.0,COMPLETED
ADM-2026-00820,Rohan Menon,12th Grade,C,12000.0,12000.0,0.0,0.0,COMPLETED
ADM-2026-00821,Riya Bose,11th Grade,A,22000.0,1270.25,20729.75,500.0,DEFAULT_AGED
ADM-2026-00822,Kavita Iyer,10th Grade,D,12000.0,12000.0,0.0,0.0,COMPLETED
ADM-2026-00823,Ayaan Kumar,11th Grade,C,22000.0,2177.54,19822.46,250.0,DEFAULT_AGED
ADM-2026-00824,Vihaan Das,9th Grade,C,18000.0,18000.0,0.0,0.0,COMPLETED
ADM-2026-00825,Vihaan Mehta,9th Grade,C,12000.0,12000.0,0.0,0.0,COMPLETED
ADM-2026-00826,Sai Reddy,9th Grade,D,22000.0,22000.0,0.0,0.0,COMPLETED
ADM-2026-00827,Vikas Bose,12th Grade,B,12000.0,259.11,11740.89,1000.0,DEFAULT_AGED
ADM-2026-00828,Ishaan Kumar,10th Grade,A,12000.0,7634.02,4365.98,0.0,PENDING_DUE
ADM-2026-00829,Sanya Malhotra,11th Grade,D,12000.0,12000.0,0.0,0.0,COMPLETED
ADM-2026-00830,Vihaan Reddy,10th Grade,D,22000.0,22000.0,0.0,0.0,COMPLETED
ADM-2026-00831,Reyansh Patel,12th Grade,C,12000.0,3800.57,8199.43,0.0,PENDING_DUE
ADM-2026-00832,Sanya Joshi,12th Grade,A,22000.0,22000.0,0.0,0.0,COMPLETED
ADM-2026-00833,Pari Menon,12th Grade,C,22000.0,5635.66,16364.34,0.0,PENDING_DUE
ADM-2026-00834,Sneha Das,12th Grade,D,12000.0,7892.3,4107.7,0.0,PENDING_DUE
ADM-2026-00835,Sneha Sharma,10th Grade,B,18000.0,18000.0,0.0,0.0,COMPLETED
ADM-2026-00836,Sneha Kumar,12th Grade,A,15000.0,15000.0,0.0,0.0,COMPLETED
ADM-2026-00837,Sai Choudhury,9th Grade,C,12000.0,12000.0,0.0,0.0,COMPLETED
ADM-2026-00838,Ananya Patel,10th Grade,C,18000.0,18000.0,0.0,0.0,COMPLETED
ADM-2026-00839,Aditya Rao,12th Grade,A,18000.0,18000.0,0.0,0.0,COMPLETED
ADM-2026-00840,Reyansh Deshmukh,10th Grade,A,12000.0,6020.54,5979.46,0.0,PENDING_DUE
ADM-2026-00841,Priya Patel,12th Grade,D,18000.0,9973.75,8026.25,0.0,PENDING_DUE
ADM-2026-00842,Vivaan Singh,12th Grade,D,12000.0,2848.33,9151.67,0.0,PENDING_DUE
ADM-2026-00843,Krishna Singh,10th Grade,C,12000.0,539.59,11460.41,1000.0,DEFAULT_AGED
ADM-2026-00844,Vikas Sen,12th Grade,D,22000.0,22000.0,0.0,0.0,COMPLETED
ADM-2026-00845,Arjun Patel,11th Grade,B,22000.0,9170.13,12829.87,0.0,PENDING_DUE
ADM-2026-00846,Arjun Pillai,11th Grade,C,12000.0,5336.14,6663.86,0.0,PENDING_DUE
ADM-2026-00847,Vihaan Rao,10th Grade,A,15000.0,15000.0,0.0,0.0,COMPLETED
ADM-2026-00848,Riya Choudhury,10th Grade,D,18000.0,18000.0,0.0,0.0,COMPLETED
ADM-2026-00849,Sneha Deshmukh,12th Grade,A,15000.0,6203.1,8796.9,0.0,PENDING_DUE
ADM-2026-00850,Meera Choudhury,10th Grade,B,15000.0,9964.92,5035.08,0.0,PENDING_DUE
ADM-2026-00851,Vihaan Das,10th Grade,D,12000.0,12000.0,0.0,0.0,COMPLETED
ADM-2026-00852,Reyansh Verma,10th Grade,C,18000.0,18000.0,0.0,0.0,COMPLETED
ADM-2026-00853,Priya Deshmukh,12th Grade,A,18000.0,18000.0,0.0,0.0,COMPLETED
ADM-2026-00854,Sneha Mehta,12th Grade,A,12000.0,12000.0,0.0,0.0,COMPLETED
ADM-2026-00855,Meera Deshmukh,10th Grade,A,15000.0,15000.0,0.0,0.0,COMPLETED
ADM-2026-00856,Ayaan Patel,10th Grade,D,15000.0,379.64,14620.36,500.0,DEFAULT_AGED
ADM-2026-00857,Aditya Bose,9th Grade,D,15000.0,15000.0,0.0,0.0,COMPLETED
ADM-2026-00858,Amit Menon,10th Grade,A,12000.0,12000.0,0.0,0.0,COMPLETED
ADM-2026-00859,Sneha Bose,10th Grade,B,18000.0,3711.66,14288.34,0.0,PENDING_DUE
ADM-2026-00860,Pari Reddy,9th Grade,B,18000.0,8931.28,9068.72,0.0,PENDING_DUE
ADM-2026-00861,Krishna Patel,10th Grade,A,22000.0,22000.0,0.0,0.0,COMPLETED
ADM-2026-00862,Ayaan Singh,10th Grade,B,22000.0,6708.38,15291.62,0.0,PENDING_DUE
ADM-2026-00863,Diya Gupta,10th Grade,C,18000.0,18000.0,0.0,0.0,COMPLETED
ADM-2026-00864,Anjali Deshmukh,12th Grade,B,18000.0,5656.77,12343.23,0.0,PENDING_DUE
ADM-2026-00865,Aditya Sen,12th Grade,B,22000.0,22000.0,0.0,0.0,COMPLETED
ADM-2026-00866,Kavita Verma,9th Grade,B,12000.0,1272.04,10727.96,250.0,DEFAULT_AGED
ADM-2026-00867,Aadhya Deshmukh,11th Grade,B,12000.0,12000.0,0.0,0.0,COMPLETED
ADM-2026-00868,Rohan Reddy,11th Grade,C,12000.0,12000.0,0.0,0.0,COMPLETED
ADM-2026-00869,Karan Gupta,10th Grade,A,22000.0,22000.0,0.0,0.0,COMPLETED
ADM-2026-00870,Sai Sharma,9th Grade,C,15000.0,15000.0,0.0,0.0,COMPLETED
ADM-2026-00871,Meera Kumar,12th Grade,D,18000.0,18000.0,0.0,0.0,COMPLETED
ADM-2026-00872,Vikas Das,11th Grade,D,12000.0,1070.64,10929.36,500.0,DEFAULT_AGED
ADM-2026-00873,Pooja Sen,9th Grade,D,15000.0,15000.0,0.0,0.0,COMPLETED
ADM-2026-00874,Pankaj Das,9th Grade,D,12000.0,12000.0,0.0,0.0,COMPLETED
ADM-2026-00875,Pankaj Reddy,11th Grade,A,15000.0,15000.0,0.0,0.0,COMPLETED
ADM-2026-00876,Krishna Kumar,9th Grade,B,18000.0,12576.31,5423.69,0.0,PENDING_DUE
ADM-2026-00877,Vihaan Singh,11th Grade,A,18000.0,7880.98,10119.02,0.0,PENDING_DUE
ADM-2026-00878,Ananya Menon,10th Grade,C,15000.0,477.65,14522.35,1000.0,DEFAULT_AGED
ADM-2026-00879,Meera Joshi,9th Grade,A,22000.0,22000.0,0.0,0.0,COMPLETED
ADM-2026-00880,Aadhya Das,11th Grade,B,15000.0,2578.32,12421.68,250.0,DEFAULT_AGED
ADM-2026-00881,Aarav Patel,9th Grade,B,12000.0,1179.65,10820.35,1000.0,DEFAULT_AGED
ADM-2026-00882,Pari Verma,9th Grade,B,18000.0,18000.0,0.0,0.0,COMPLETED
ADM-2026-00883,Pooja Malhotra,10th Grade,D,15000.0,8776.37,6223.63,0.0,PENDING_DUE
ADM-2026-00884,Aditya Singh,11th Grade,A,15000.0,15000.0,0.0,0.0,COMPLETED
ADM-2026-00885,Vivaan Verma,10th Grade,B,15000.0,15000.0,0.0,0.0,COMPLETED
ADM-2026-00886,Priya Sen,11th Grade,A,15000.0,3853.24,11146.76,500.0,DEFAULT_AGED
ADM-2026-00887,Priya Nair,11th Grade,C,22000.0,8532.7,13467.3,0.0,PENDING_DUE
ADM-2026-00888,Diya Kumar,12th Grade,A,18000.0,12092.82,5907.18,0.0,PENDING_DUE
ADM-2026-00889,Priya Malhotra,11th Grade,B,12000.0,4104.44,7895.56,0.0,PENDING_DUE
ADM-2026-00890,Karan Kumar,10th Grade,B,15000.0,1785.29,13214.71,1000.0,DEFAULT_AGED
ADM-2026-00891,Krishna Das,11th Grade,C,15000.0,15000.0,0.0,0.0,COMPLETED
ADM-2026-00892,Aadhya Das,12th Grade,D,18000.0,9532.82,8467.18,0.0,PENDING_DUE
ADM-2026-00893,Sanya Menon,11th Grade,A,22000.0,22000.0,0.0,0.0,COMPLETED
ADM-2026-00894,Amit Menon,12th Grade,A,12000.0,4831.35,7168.65,0.0,PENDING_DUE
ADM-2026-00895,Pooja Menon,12th Grade,A,15000.0,15000.0,0.0,0.0,COMPLETED
ADM-2026-00896,Pankaj Menon,11th Grade,C,22000.0,22000.0,0.0,0.0,COMPLETED
ADM-2026-00897,Arjun Nair,10th Grade,B,22000.0,12884.13,9115.87,0.0,PENDING_DUE
ADM-2026-00898,Reyansh Bose,12th Grade,D,15000.0,15000.0,0.0,0.0,COMPLETED
ADM-2026-00899,Sanya Mehta,9th Grade,D,15000.0,15000.0,0.0,0.0,COMPLETED
ADM-2026-00900,Sneha Gupta,9th Grade,A,15000.0,3084.61,11915.39,0.0,PENDING_DUE
ADM-2026-00901,Kavita Pillai,12th Grade,D,22000.0,169.8,21830.2,1000.0,DEFAULT_AGED
ADM-2026-00902,Arjun Das,9th Grade,A,15000.0,3445.18,11554.82,500.0,DEFAULT_AGED
ADM-2026-00903,Reyansh Gupta,10th Grade,D,15000.0,1555.54,13444.46,1000.0,DEFAULT_AGED
ADM-2026-00904,Vikas Verma,9th Grade,A,22000.0,4794.58,17205.42,0.0,PENDING_DUE
ADM-2026-00905,Vihaan Reddy,9th Grade,B,22000.0,22000.0,0.0,0.0,COMPLETED
ADM-2026-00906,Diya Patel,11th Grade,A,18000.0,18000.0,0.0,0.0,COMPLETED
ADM-2026-00907,Krishna Choudhury,10th Grade,C,15000.0,3115.16,11884.84,500.0,DEFAULT_AGED
ADM-2026-00908,Rohan Choudhury,12th Grade,B,12000.0,12000.0,0.0,0.0,COMPLETED
ADM-2026-00909,Riya Joshi,11th Grade,D,18000.0,7147.07,10852.93,0.0,PENDING_DUE
ADM-2026-00910,Anjali Iyer,10th Grade,A,18000.0,18000.0,0.0,0.0,COMPLETED
ADM-2026-00911,Sai Rao,12th Grade,B,12000.0,12000.0,0.0,0.0,COMPLETED
ADM-2026-00912,Aarav Mehta,9th Grade,A,22000.0,14240.98,7759.02,0.0,PENDING_DUE
ADM-2026-00913,Ayaan Nair,11th Grade,B,15000.0,15000.0,0.0,0.0,COMPLETED
ADM-2026-00914,Sanya Das,11th Grade,D,22000.0,22000.0,0.0,0.0,COMPLETED
ADM-2026-00915,Anjali Mehta,12th Grade,C,22000.0,22000.0,0.0,0.0,COMPLETED
ADM-2026-00916,Arjun Nair,10th Grade,C,12000.0,12000.0,0.0,0.0,COMPLETED
ADM-2026-00917,Ishaan Mehta,12th Grade,C,12000.0,12000.0,0.0,0.0,COMPLETED
ADM-2026-00918,Diya Rao,11th Grade,C,18000.0,8097.0,9903.0,0.0,PENDING_DUE
ADM-2026-00919,Sai Menon,9th Grade,C,12000.0,12000.0,0.0,0.0,COMPLETED
ADM-2026-00920,Karan Bose,11th Grade,C,15000.0,15000.0,0.0,0.0,COMPLETED
ADM-2026-00921,Diya Nair,11th Grade,B,15000.0,1490.05,13509.95,250.0,DEFAULT_AGED
ADM-2026-00922,Reyansh Patel,10th Grade,D,12000.0,12000.0,0.0,0.0,COMPLETED
ADM-2026-00923,Aarav Mehta,11th Grade,C,18000.0,7847.43,10152.57,0.0,PENDING_DUE
ADM-2026-00924,Krishna Patel,12th Grade,D,22000.0,22000.0,0.0,0.0,COMPLETED
ADM-2026-00925,Riya Singh,10th Grade,C,22000.0,22000.0,0.0,0.0,COMPLETED
ADM-2026-00926,Ishaan Verma,10th Grade,A,12000.0,6520.27,5479.73,0.0,PENDING_DUE
ADM-2026-00927,Karan Rao,10th Grade,B,22000.0,22000.0,0.0,0.0,COMPLETED
ADM-2026-00928,Ananya Deshmukh,11th Grade,A,12000.0,12000.0,0.0,0.0,COMPLETED
ADM-2026-00929,Sai Rao,12th Grade,A,12000.0,2764.57,9235.43,0.0,PENDING_DUE
ADM-2026-00930,Krishna Sharma,9th Grade,A,22000.0,22000.0,0.0,0.0,COMPLETED
ADM-2026-00931,Meera Iyer,9th Grade,C,12000.0,12000.0,0.0,0.0,COMPLETED
ADM-2026-00932,Amit Rao,9th Grade,A,18000.0,18000.0,0.0,0.0,COMPLETED
ADM-2026-00933,Sai Reddy,11th Grade,C,12000.0,3613.26,8386.74,0.0,PENDING_DUE
ADM-2026-00934,Neha Rao,9th Grade,C,12000.0,3137.35,8862.65,0.0,PENDING_DUE
ADM-2026-00935,Aditya Gupta,10th Grade,B,15000.0,15000.0,0.0,0.0,COMPLETED
ADM-2026-00936,Vivaan Sharma,11th Grade,D,22000.0,8843.83,13156.17,0.0,PENDING_DUE
ADM-2026-00937,Sneha Nair,10th Grade,C,18000.0,5355.77,12644.23,500.0,DEFAULT_AGED
ADM-2026-00938,Ayaan Menon,10th Grade,B,12000.0,12000.0,0.0,0.0,COMPLETED
ADM-2026-00939,Ishaan Menon,11th Grade,B,22000.0,11170.56,10829.44,0.0,PENDING_DUE
ADM-2026-00940,Diya Sen,10th Grade,A,15000.0,15000.0,0.0,0.0,COMPLETED
ADM-2026-00941,Karan Pillai,9th Grade,C,12000.0,4777.49,7222.51,0.0,PENDING_DUE
ADM-2026-00942,Reyansh Menon,11th Grade,C,12000.0,4932.3,7067.7,0.0,PENDING_DUE
ADM-2026-00943,Pooja Rao,11th Grade,D,22000.0,22000.0,0.0,0.0,COMPLETED
ADM-2026-00944,Reyansh Verma,9th Grade,B,15000.0,5919.31,9080.69,0.0,PENDING_DUE
ADM-2026-00945,Aadhya Mehta,10th Grade,D,12000.0,12000.0,0.0,0.0,COMPLETED
ADM-2026-00946,Vivaan Das,11th Grade,C,15000.0,15000.0,0.0,0.0,COMPLETED
ADM-2026-00947,Meera Deshmukh,10th Grade,D,22000.0,22000.0,0.0,0.0,COMPLETED
ADM-2026-00948,Meera Singh,12th Grade,A,18000.0,18000.0,0.0,0.0,COMPLETED
ADM-2026-00949,Aarav Deshmukh,12th Grade,A,22000.0,5737.89,16262.11,0.0,PENDING_DUE
ADM-2026-00950,Vivaan Gupta,9th Grade,C,15000.0,15000.0,0.0,0.0,COMPLETED
ADM-2026-00951,Aarav Nair,9th Grade,A,18000.0,1420.31,16579.69,1000.0,DEFAULT_AGED
ADM-2026-00952,Riya Reddy,9th Grade,D,15000.0,15000.0,0.0,0.0,COMPLETED
ADM-2026-00953,Vihaan Singh,9th Grade,D,15000.0,7143.1,7856.9,0.0,PENDING_DUE
ADM-2026-00954,Ayaan Singh,12th Grade,B,12000.0,12000.0,0.0,0.0,COMPLETED
ADM-2026-00955,Meera Singh,12th Grade,A,22000.0,22000.0,0.0,0.0,COMPLETED
ADM-2026-00956,Vikas Nair,9th Grade,A,18000.0,18000.0,0.0,0.0,COMPLETED
ADM-2026-00957,Karan Reddy,9th Grade,D,22000.0,9257.62,12742.38,0.0,PENDING_DUE
ADM-2026-00958,Sai Reddy,9th Grade,D,15000.0,6015.62,8984.38,0.0,PENDING_DUE
ADM-2026-00959,Vihaan Malhotra,10th Grade,D,12000.0,12000.0,0.0,0.0,COMPLETED
ADM-2026-00960,Sanya Sharma,11th Grade,C,12000.0,7788.13,4211.87,0.0,PENDING_DUE
ADM-2026-00961,Pooja Sen,12th Grade,D,18000.0,18000.0,0.0,0.0,COMPLETED
ADM-2026-00962,Pankaj Kumar,10th Grade,C,18000.0,10816.7,7183.3,0.0,PENDING_DUE
ADM-2026-00963,Meera Sharma,10th Grade,A,18000.0,4668.05,13331.95,0.0,PENDING_DUE
ADM-2026-00964,Anjali Singh,11th Grade,C,22000.0,22000.0,0.0,0.0,COMPLETED
ADM-2026-00965,Amit Sharma,9th Grade,D,15000.0,9479.47,5520.53,0.0,PENDING_DUE
ADM-2026-00966,Meera Reddy,9th Grade,C,18000.0,10946.91,7053.09,0.0,PENDING_DUE
ADM-2026-00967,Rohan Sen,9th Grade,D,22000.0,2714.84,19285.16,1000.0,DEFAULT_AGED
ADM-2026-00968,Vivaan Menon,10th Grade,B,15000.0,4762.62,10237.38,0.0,PENDING_DUE
ADM-2026-00969,Vikas Reddy,11th Grade,B,15000.0,15000.0,0.0,0.0,COMPLETED
ADM-2026-00970,Pankaj Gupta,12th Grade,B,12000.0,7200.57,4799.43,0.0,PENDING_DUE
ADM-2026-00971,Pooja Kumar,9th Grade,B,22000.0,22000.0,0.0,0.0,COMPLETED
ADM-2026-00972,Reyansh Deshmukh,10th Grade,D,18000.0,11753.82,6246.18,0.0,PENDING_DUE
ADM-2026-00973,Priya Iyer,9th Grade,B,18000.0,18000.0,0.0,0.0,COMPLETED
ADM-2026-00974,Pari Bose,11th Grade,D,12000.0,6763.38,5236.62,0.0,PENDING_DUE
ADM-2026-00975,Amit Choudhury,11th Grade,A,12000.0,12000.0,0.0,0.0,COMPLETED
ADM-2026-00976,Meera Iyer,11th Grade,D,22000.0,6632.95,15367.05,0.0,PENDING_DUE
ADM-2026-00977,Arjun Iyer,11th Grade,C,18000.0,7607.88,10392.12,0.0,PENDING_DUE
ADM-2026-00978,Meera Deshmukh,10th Grade,A,12000.0,12000.0,0.0,0.0,COMPLETED
ADM-2026-00979,Meera Patel,11th Grade,D,12000.0,2956.37,9043.63,0.0,PENDING_DUE
ADM-2026-00980,Vihaan Malhotra,10th Grade,B,15000.0,6392.27,8607.73,0.0,PENDING_DUE
ADM-2026-00981,Vihaan Kumar,10th Grade,C,15000.0,6873.53,8126.47,0.0,PENDING_DUE
ADM-2026-00982,Vihaan Verma,12th Grade,C,12000.0,12000.0,0.0,0.0,COMPLETED
ADM-2026-00983,Pankaj Nair,12th Grade,C,15000.0,10039.6,4960.4,0.0,PENDING_DUE
ADM-2026-00984,Priya Choudhury,11th Grade,A,15000.0,15000.0,0.0,0.0,COMPLETED
ADM-2026-00985,Ananya Das,10th Grade,C,22000.0,2884.31,19115.69,250.0,DEFAULT_AGED
ADM-2026-00986,Meera Gupta,12th Grade,D,12000.0,3638.99,8361.01,0.0,PENDING_DUE
ADM-2026-00987,Amit Kumar,11th Grade,C,12000.0,12000.0,0.0,0.0,COMPLETED
ADM-2026-00988,Meera Sharma,12th Grade,C,15000.0,15000.0,0.0,0.0,COMPLETED
ADM-2026-00989,Ishaan Das,10th Grade,D,15000.0,15000.0,0.0,0.0,COMPLETED
ADM-2026-00990,Riya Verma,12th Grade,B,18000.0,18000.0,0.0,0.0,COMPLETED
ADM-2026-00991,Vivaan Sharma,9th Grade,B,12000.0,12000.0,0.0,0.0,COMPLETED
ADM-2026-00992,Neha Das,11th Grade,B,18000.0,10480.84,7519.16,0.0,PENDING_DUE
ADM-2026-00993,Karan Iyer,11th Grade,A,15000.0,7859.07,7140.93,0.0,PENDING_DUE
ADM-2026-00994,Vikas Kumar,11th Grade,A,18000.0,11094.29,6905.71,0.0,PENDING_DUE
ADM-2026-00995,Karan Das,10th Grade,B,22000.0,5985.0,16015.0,0.0,PENDING_DUE
ADM-2026-00996,Meera Verma,10th Grade,B,12000.0,12000.0,0.0,0.0,COMPLETED
ADM-2026-00997,Rohan Deshmukh,9th Grade,D,12000.0,3142.18,8857.82,0.0,PENDING_DUE
ADM-2026-00998,Kavita Kumar,11th Grade,A,22000.0,22000.0,0.0,0.0,COMPLETED
ADM-2026-00999,Pari Choudhury,10th Grade,D,15000.0,4075.01,10924.99,0.0,PENDING_DUE
ADM-2026-01000,Reyansh Das,10th Grade,A,15000.0,15000.0,0.0,0.0,COMPLETED
ADM-2026-01001,Pooja Verma,9th Grade,D,18000.0,4488.66,13511.34,0.0,PENDING_DUE
ADM-2026-01002,Karan Bose,12th Grade,C,22000.0,1753.3,20246.7,250.0,DEFAULT_AGED
ADM-2026-01003,Vihaan Pillai,11th Grade,D,22000.0,5008.61,16991.39,0.0,PENDING_DUE
ADM-2026-01004,Meera Deshmukh,10th Grade,B,22000.0,4968.33,17031.67,500.0,DEFAULT_AGED
ADM-2026-01005,Vivaan Reddy,10th Grade,C,18000.0,5091.01,12908.99,0.0,PENDING_DUE
ADM-2026-01006,Diya Pillai,11th Grade,A,12000.0,12000.0,0.0,0.0,COMPLETED
ADM-2026-01007,Amit Nair,12th Grade,B,12000.0,12000.0,0.0,0.0,COMPLETED
ADM-2026-01008,Aarav Rao,10th Grade,A,15000.0,15000.0,0.0,0.0,COMPLETED
ADM-2026-01009,Rohan Nair,10th Grade,C,18000.0,18000.0,0.0,0.0,COMPLETED
ADM-2026-01010,Pooja Bose,12th Grade,B,15000.0,9662.0,5338.0,0.0,PENDING_DUE
ADM-2026-01011,Diya Reddy,12th Grade,D,18000.0,3191.32,14808.68,250.0,DEFAULT_AGED
ADM-2026-01012,Aarav Menon,11th Grade,A,22000.0,11009.05,10990.95,0.0,PENDING_DUE
ADM-2026-01013,Reyansh Deshmukh,9th Grade,D,15000.0,15000.0,0.0,0.0,COMPLETED
ADM-2026-01014,Ananya Choudhury,11th Grade,D,22000.0,22000.0,0.0,0.0,COMPLETED
ADM-2026-01015,Diya Menon,11th Grade,B,15000.0,7909.59,7090.41,0.0,PENDING_DUE
ADM-2026-01016,Rahul Nair,11th Grade,B,22000.0,22000.0,0.0,0.0,COMPLETED
ADM-2026-01017,Priya Kumar,10th Grade,C,12000.0,12000.0,0.0,0.0,COMPLETED
ADM-2026-01018,Sai Nair,10th Grade,C,22000.0,22000.0,0.0,0.0,COMPLETED
ADM-2026-01019,Kavita Malhotra,12th Grade,D,22000.0,22000.0,0.0,0.0,COMPLETED
ADM-2026-01020,Pankaj Menon,11th Grade,C,18000.0,18000.0,0.0,0.0,COMPLETED
ADM-2026-01021,Anjali Das,11th Grade,B,18000.0,18000.0,0.0,0.0,COMPLETED
ADM-2026-01022,Vikas Mehta,11th Grade,B,22000.0,22000.0,0.0,0.0,COMPLETED
ADM-2026-01023,Rohan Pillai,12th Grade,C,18000.0,2285.25,15714.75,1000.0,DEFAULT_AGED
ADM-2026-01024,Neha Bose,10th Grade,A,18000.0,18000.0,0.0,0.0,COMPLETED
ADM-2026-01025,Riya Gupta,12th Grade,B,22000.0,22000.0,0.0,0.0,COMPLETED
ADM-2026-01026,Priya Menon,9th Grade,B,22000.0,22000.0,0.0,0.0,COMPLETED
ADM-2026-01027,Aadhya Menon,11th Grade,B,15000.0,10367.11,4632.89,0.0,PENDING_DUE
ADM-2026-01028,Neha Sharma,11th Grade,B,15000.0,15000.0,0.0,0.0,COMPLETED
ADM-2026-01029,Diya Sharma,9th Grade,A,15000.0,168.1,14831.9,1000.0,DEFAULT_AGED
ADM-2026-01030,Amit Rao,12th Grade,A,22000.0,10155.11,11844.89,0.0,PENDING_DUE
ADM-2026-01031,Sai Rao,12th Grade,C,12000.0,12000.0,0.0,0.0,COMPLETED
ADM-2026-01032,Pooja Nair,11th Grade,D,15000.0,9014.57,5985.43,0.0,PENDING_DUE
ADM-2026-01033,Pari Menon,10th Grade,B,18000.0,11843.97,6156.03,0.0,PENDING_DUE
ADM-2026-01034,Rohan Menon,10th Grade,B,22000.0,7238.17,14761.83,0.0,PENDING_DUE
ADM-2026-01035,Vihaan Mehta,10th Grade,C,18000.0,10784.53,7215.47,0.0,PENDING_DUE
ADM-2026-01036,Diya Kumar,9th Grade,D,18000.0,18000.0,0.0,0.0,COMPLETED
ADM-2026-01037,Aditya Gupta,9th Grade,B,15000.0,9842.45,5157.55,0.0,PENDING_DUE
ADM-2026-01038,Pari Nair,9th Grade,D,15000.0,15000.0,0.0,0.0,COMPLETED
ADM-2026-01039,Reyansh Choudhury,12th Grade,A,12000.0,12000.0,0.0,0.0,COMPLETED
ADM-2026-01040,Pari Singh,9th Grade,A,12000.0,12000.0,0.0,0.0,COMPLETED
ADM-2026-01041,Vivaan Malhotra,9th Grade,D,12000.0,3039.59,8960.41,0.0,PENDING_DUE
ADM-2026-01042,Rahul Joshi,10th Grade,B,15000.0,15000.0,0.0,0.0,COMPLETED
ADM-2026-01043,Karan Gupta,10th Grade,D,18000.0,18000.0,0.0,0.0,COMPLETED
ADM-2026-01044,Reyansh Patel,12th Grade,C,22000.0,22000.0,0.0,0.0,COMPLETED
ADM-2026-01045,Sanya Pillai,10th Grade,B,22000.0,12705.43,9294.57,0.0,PENDING_DUE
ADM-2026-01046,Vikas Nair,12th Grade,C,22000.0,22000.0,0.0,0.0,COMPLETED
ADM-2026-01047,Anjali Verma,11th Grade,A,12000.0,4708.58,7291.42,0.0,PENDING_DUE
ADM-2026-01048,Neha Menon,9th Grade,A,22000.0,22000.0,0.0,0.0,COMPLETED
ADM-2026-01049,Rahul Patel,11th Grade,C,15000.0,316.15,14683.85,500.0,DEFAULT_AGED
ADM-2026-01050,Pankaj Bose,11th Grade,A,22000.0,14083.93,7916.07,0.0,PENDING_DUE
ADM-2026-01051,Pari Choudhury,11th Grade,A,12000.0,4269.55,7730.45,0.0,PENDING_DUE
ADM-2026-01052,Pankaj Choudhury,11th Grade,A,22000.0,22000.0,0.0,0.0,COMPLETED
ADM-2026-01053,Ayaan Deshmukh,9th Grade,B,15000.0,15000.0,0.0,0.0,COMPLETED
ADM-2026-01054,Sneha Sharma,11th Grade,C,15000.0,15000.0,0.0,0.0,COMPLETED
ADM-2026-01055,Pooja Nair,9th Grade,C,12000.0,7356.16,4643.84,0.0,PENDING_DUE
ADM-2026-01056,Vihaan Rao,9th Grade,C,12000.0,2086.17,9913.83,250.0,DEFAULT_AGED
ADM-2026-01057,Pankaj Joshi,10th Grade,A,22000.0,22000.0,0.0,0.0,COMPLETED
ADM-2026-01058,Sanya Bose,10th Grade,C,12000.0,3558.3,8441.7,0.0,PENDING_DUE
ADM-2026-01059,Karan Das,9th Grade,A,18000.0,18000.0,0.0,0.0,COMPLETED
ADM-2026-01060,Diya Kumar,12th Grade,A,15000.0,15000.0,0.0,0.0,COMPLETED
ADM-2026-01061,Pari Reddy,11th Grade,A,12000.0,12000.0,0.0,0.0,COMPLETED
ADM-2026-01062,Priya Gupta,9th Grade,A,18000.0,18000.0,0.0,0.0,COMPLETED
ADM-2026-01063,Diya Menon,12th Grade,C,18000.0,993.37,17006.63,250.0,DEFAULT_AGED
ADM-2026-01064,Anjali Choudhury,10th Grade,A,15000.0,1253.61,13746.39,250.0,DEFAULT_AGED
ADM-2026-01065,Krishna Deshmukh,12th Grade,D,12000.0,12000.0,0.0,0.0,COMPLETED
ADM-2026-01066,Karan Kumar,10th Grade,A,18000.0,1863.97,16136.03,500.0,DEFAULT_AGED
ADM-2026-01067,Karan Sharma,12th Grade,C,22000.0,22000.0,0.0,0.0,COMPLETED
ADM-2026-01068,Ananya Reddy,12th Grade,C,22000.0,4600.04,17399.96,0.0,PENDING_DUE
ADM-2026-01069,Vivaan Sharma,11th Grade,D,22000.0,8362.73,13637.27,0.0,PENDING_DUE
ADM-2026-01070,Vikas Bose,9th Grade,B,15000.0,5374.12,9625.88,0.0,PENDING_DUE
ADM-2026-01071,Pooja Patel,9th Grade,D,15000.0,8804.24,6195.76,0.0,PENDING_DUE
ADM-2026-01072,Diya Reddy,11th Grade,A,18000.0,3983.62,14016.38,0.0,PENDING_DUE
ADM-2026-01073,Anjali Pillai,10th Grade,D,12000.0,12000.0,0.0,0.0,COMPLETED
ADM-2026-01074,Anjali Sen,11th Grade,D,12000.0,12000.0,0.0,0.0,COMPLETED
ADM-2026-01075,Neha Patel,10th Grade,B,15000.0,15000.0,0.0,0.0,COMPLETED
ADM-2026-01076,Ishaan Das,10th Grade,D,15000.0,15000.0,0.0,0.0,COMPLETED
ADM-2026-01077,Pankaj Sharma,12th Grade,B,12000.0,12000.0,0.0,0.0,COMPLETED
ADM-2026-01078,Krishna Menon,12th Grade,D,22000.0,22000.0,0.0,0.0,COMPLETED
ADM-2026-01079,Pooja Kumar,11th Grade,C,12000.0,2760.99,9239.01,0.0,PENDING_DUE
ADM-2026-01080,Anjali Choudhury,9th Grade,C,12000.0,107.46,11892.54,250.0,DEFAULT_AGED
ADM-2026-01081,Diya Sharma,10th Grade,B,15000.0,5064.16,9935.84,0.0,PENDING_DUE
ADM-2026-01082,Diya Bose,10th Grade,D,12000.0,4571.83,7428.17,0.0,PENDING_DUE
ADM-2026-01083,Sanya Kumar,10th Grade,C,12000.0,12000.0,0.0,0.0,COMPLETED
ADM-2026-01084,Diya Joshi,9th Grade,A,12000.0,12000.0,0.0,0.0,COMPLETED
ADM-2026-01085,Pankaj Nair,10th Grade,D,18000.0,719.71,17280.29,1000.0,DEFAULT_AGED
ADM-2026-01086,Pari Gupta,11th Grade,B,15000.0,15000.0,0.0,0.0,COMPLETED
ADM-2026-01087,Ishaan Kumar,12th Grade,C,18000.0,10028.35,7971.65,0.0,PENDING_DUE
ADM-2026-01088,Aarav Deshmukh,11th Grade,B,18000.0,1738.01,16261.99,250.0,DEFAULT_AGED
ADM-2026-01089,Meera Das,12th Grade,C,12000.0,5217.49,6782.51,0.0,PENDING_DUE
ADM-2026-01090,Pooja Verma,9th Grade,A,22000.0,22000.0,0.0,0.0,COMPLETED
ADM-2026-01091,Diya Malhotra,11th Grade,B,22000.0,22000.0,0.0,0.0,COMPLETED
ADM-2026-01092,Meera Nair,9th Grade,B,18000.0,18000.0,0.0,0.0,COMPLETED
ADM-2026-01093,Priya Kumar,11th Grade,D,22000.0,1455.73,20544.27,500.0,DEFAULT_AGED
ADM-2026-01094,Diya Nair,12th Grade,D,15000.0,930.09,14069.91,500.0,DEFAULT_AGED
ADM-2026-01095,Sneha Mehta,9th Grade,C,18000.0,1350.58,16649.42,500.0,DEFAULT_AGED
ADM-2026-01096,Vikas Malhotra,11th Grade,A,18000.0,18000.0,0.0,0.0,COMPLETED
ADM-2026-01097,Arjun Malhotra,9th Grade,D,18000.0,18000.0,0.0,0.0,COMPLETED
ADM-2026-01098,Pankaj Patel,10th Grade,B,18000.0,18000.0,0.0,0.0,COMPLETED
ADM-2026-01099,Amit Malhotra,11th Grade,D,15000.0,8992.38,6007.62,0.0,PENDING_DUE
ADM-2026-01100,Priya Sen,9th Grade,A,15000.0,1190.06,13809.94,500.0,DEFAULT_AGED
ADM-2026-01101,Pari Mehta,10th Grade,C,18000.0,18000.0,0.0,0.0,COMPLETED
ADM-2026-01102,Sanya Nair,9th Grade,A,18000.0,18000.0,0.0,0.0,COMPLETED
ADM-2026-01103,Neha Patel,11th Grade,C,15000.0,15000.0,0.0,0.0,COMPLETED
ADM-2026-01104,Vikas Nair,11th Grade,A,22000.0,12178.37,9821.63,0.0,PENDING_DUE
ADM-2026-01105,Aadhya Sen,9th Grade,D,12000.0,12000.0,0.0,0.0,COMPLETED
ADM-2026-01106,Amit Mehta,9th Grade,A,18000.0,10777.79,7222.21,0.0,PENDING_DUE
ADM-2026-01107,Vivaan Sen,11th Grade,B,22000.0,22000.0,0.0,0.0,COMPLETED
ADM-2026-01108,Pankaj Iyer,12th Grade,A,22000.0,9896.37,12103.63,0.0,PENDING_DUE
ADM-2026-01109,Pooja Iyer,9th Grade,D,22000.0,339.08,21660.92,250.0,DEFAULT_AGED
ADM-2026-01110,Ananya Iyer,12th Grade,C,12000.0,12000.0,0.0,0.0,COMPLETED
ADM-2026-01111,Vihaan Rao,12th Grade,A,22000.0,22000.0,0.0,0.0,COMPLETED
ADM-2026-01112,Rahul Singh,12th Grade,C,22000.0,22000.0,0.0,0.0,COMPLETED
ADM-2026-01113,Neha Deshmukh,9th Grade,A,15000.0,15000.0,0.0,0.0,COMPLETED
ADM-2026-01114,Vivaan Nair,12th Grade,C,18000.0,18000.0,0.0,0.0,COMPLETED
ADM-2026-01115,Meera Kumar,9th Grade,C,12000.0,5650.61,6349.39,0.0,PENDING_DUE
ADM-2026-01116,Diya Sen,12th Grade,A,22000.0,5746.39,16253.61,0.0,PENDING_DUE
ADM-2026-01117,Aditya Patel,10th Grade,B,12000.0,12000.0,0.0,0.0,COMPLETED
ADM-2026-01118,Reyansh Mehta,9th Grade,B,15000.0,15000.0,0.0,0.0,COMPLETED
ADM-2026-01119,Karan Mehta,9th Grade,A,22000.0,22000.0,0.0,0.0,COMPLETED
ADM-2026-01120,Reyansh Deshmukh,9th Grade,D,12000.0,12000.0,0.0,0.0,COMPLETED
ADM-2026-01121,Arjun Patel,11th Grade,A,22000.0,22000.0,0.0,0.0,COMPLETED
ADM-2026-01122,Ananya Mehta,11th Grade,C,12000.0,12000.0,0.0,0.0,COMPLETED
ADM-2026-01123,Reyansh Iyer,9th Grade,A,12000.0,8202.51,3797.49,0.0,PENDING_DUE
ADM-2026-01124,Diya Choudhury,9th Grade,A,22000.0,22000.0,0.0,0.0,COMPLETED
ADM-2026-01125,Riya Rao,12th Grade,D,22000.0,22000.0,0.0,0.0,COMPLETED
ADM-2026-01126,Anjali Bose,12th Grade,C,22000.0,13320.46,8679.54,0.0,PENDING_DUE
ADM-2026-01127,Aadhya Menon,12th Grade,C,12000.0,12000.0,0.0,0.0,COMPLETED
ADM-2026-01128,Arjun Reddy,12th Grade,A,15000.0,2991.87,12008.13,500.0,DEFAULT_AGED
ADM-2026-01129,Vikas Mehta,11th Grade,A,18000.0,3873.0,14127.0,0.0,PENDING_DUE
ADM-2026-01130,Pooja Rao,10th Grade,A,18000.0,1656.34,16343.66,1000.0,DEFAULT_AGED
ADM-2026-01131,Ishaan Joshi,12th Grade,D,22000.0,4642.5,17357.5,0.0,PENDING_DUE
ADM-2026-01132,Pari Pillai,12th Grade,D,18000.0,18000.0,0.0,0.0,COMPLETED
ADM-2026-01133,Meera Nair,9th Grade,D,22000.0,22000.0,0.0,0.0,COMPLETED
ADM-2026-01134,Krishna Patel,11th Grade,A,12000.0,12000.0,0.0,0.0,COMPLETED
ADM-2026-01135,Sai Rao,12th Grade,A,15000.0,15000.0,0.0,0.0,COMPLETED
ADM-2026-01136,Neha Joshi,12th Grade,B,15000.0,5082.02,9917.98,0.0,PENDING_DUE
ADM-2026-01137,Sai Iyer,9th Grade,D,15000.0,15000.0,0.0,0.0,COMPLETED
ADM-2026-01138,Neha Das,12th Grade,D,15000.0,15000.0,0.0,0.0,COMPLETED
ADM-2026-01139,Vivaan Sharma,9th Grade,B,18000.0,5081.65,12918.35,0.0,PENDING_DUE
ADM-2026-01140,Pooja Sen,10th Grade,B,15000.0,1249.71,13750.29,500.0,DEFAULT_AGED
ADM-2026-01141,Neha Malhotra,10th Grade,A,22000.0,11796.02,10203.98,0.0,PENDING_DUE
ADM-2026-01142,Vivaan Nair,11th Grade,D,12000.0,6387.02,5612.98,0.0,PENDING_DUE
ADM-2026-01143,Rohan Nair,10th Grade,C,22000.0,22000.0,0.0,0.0,COMPLETED
ADM-2026-01144,Pankaj Gupta,11th Grade,D,22000.0,22000.0,0.0,0.0,COMPLETED
ADM-2026-01145,Sai Bose,9th Grade,D,12000.0,12000.0,0.0,0.0,COMPLETED
ADM-2026-01146,Pankaj Malhotra,11th Grade,B,22000.0,6367.97,15632.03,250.0,DEFAULT_AGED
ADM-2026-01147,Diya Singh,9th Grade,D,12000.0,12000.0,0.0,0.0,COMPLETED
ADM-2026-01148,Kavita Das,12th Grade,B,22000.0,10704.14,11295.86,0.0,PENDING_DUE
ADM-2026-01149,Pooja Joshi,10th Grade,A,15000.0,15000.0,0.0,0.0,COMPLETED
ADM-2026-01150,Pari Kumar,10th Grade,B,22000.0,22000.0,0.0,0.0,COMPLETED
ADM-2026-01151,Pankaj Choudhury,12th Grade,A,12000.0,5834.41,6165.59,0.0,PENDING_DUE
ADM-2026-01152,Pari Gupta,10th Grade,C,22000.0,22000.0,0.0,0.0,COMPLETED
ADM-2026-01153,Amit Iyer,10th Grade,D,18000.0,1040.3,16959.7,1000.0,DEFAULT_AGED
ADM-2026-01154,Aditya Sen,11th Grade,D,15000.0,742.7,14257.3,250.0,DEFAULT_AGED
ADM-2026-01155,Ananya Malhotra,12th Grade,C,12000.0,12000.0,0.0,0.0,COMPLETED
ADM-2026-01156,Kavita Deshmukh,12th Grade,C,18000.0,18000.0,0.0,0.0,COMPLETED
ADM-2026-01157,Rohan Patel,12th Grade,C,12000.0,3098.5,8901.5,0.0,PENDING_DUE
ADM-2026-01158,Diya Patel,9th Grade,C,12000.0,12000.0,0.0,0.0,COMPLETED
ADM-2026-01159,Riya Sen,10th Grade,B,22000.0,5945.91,16054.09,0.0,PENDING_DUE
ADM-2026-01160,Vikas Deshmukh,10th Grade,C,15000.0,15000.0,0.0,0.0,COMPLETED
ADM-2026-01161,Ishaan Singh,11th Grade,D,18000.0,18000.0,0.0,0.0,COMPLETED
ADM-2026-01162,Arjun Kumar,9th Grade,D,18000.0,3088.78,14911.22,1000.0,DEFAULT_AGED
ADM-2026-01163,Pankaj Sharma,12th Grade,A,15000.0,7017.0,7983.0,0.0,PENDING_DUE
ADM-2026-01164,Vihaan Nair,11th Grade,C,12000.0,12000.0,0.0,0.0,COMPLETED
ADM-2026-01165,Sneha Sharma,10th Grade,A,12000.0,168.94,11831.06,1000.0,DEFAULT_AGED
ADM-2026-01166,Priya Joshi,9th Grade,B,18000.0,18000.0,0.0,0.0,COMPLETED
ADM-2026-01167,Riya Kumar,9th Grade,B,15000.0,15000.0,0.0,0.0,COMPLETED
ADM-2026-01168,Aditya Sharma,10th Grade,D,18000.0,11653.26,6346.74,0.0,PENDING_DUE
ADM-2026-01169,Arjun Sharma,9th Grade,C,22000.0,22000.0,0.0,0.0,COMPLETED
ADM-2026-01170,Pari Mehta,12th Grade,A,15000.0,15000.0,0.0,0.0,COMPLETED
ADM-2026-01171,Kavita Choudhury,11th Grade,D,15000.0,3897.63,11102.37,0.0,PENDING_DUE
ADM-2026-01172,Pankaj Kumar,9th Grade,B,18000.0,18000.0,0.0,0.0,COMPLETED
ADM-2026-01173,Anjali Joshi,10th Grade,B,12000.0,6832.16,5167.84,0.0,PENDING_DUE
ADM-2026-01174,Aditya Bose,10th Grade,D,22000.0,22000.0,0.0,0.0,COMPLETED
ADM-2026-01175,Sai Menon,9th Grade,A,15000.0,15000.0,0.0,0.0,COMPLETED
ADM-2026-01176,Aditya Kumar,12th Grade,B,18000.0,2369.44,15630.56,500.0,DEFAULT_AGED
ADM-2026-01177,Vivaan Deshmukh,10th Grade,D,22000.0,22000.0,0.0,0.0,COMPLETED
ADM-2026-01178,Pooja Pillai,10th Grade,C,15000.0,15000.0,0.0,0.0,COMPLETED
ADM-2026-01179,Rohan Iyer,9th Grade,D,15000.0,7171.39,7828.61,0.0,PENDING_DUE
ADM-2026-01180,Ananya Gupta,9th Grade,D,15000.0,15000.0,0.0,0.0,COMPLETED
ADM-2026-01181,Vivaan Pillai,9th Grade,B,15000.0,15000.0,0.0,0.0,COMPLETED
ADM-2026-01182,Aditya Bose,9th Grade,A,12000.0,7638.58,4361.42,0.0,PENDING_DUE
ADM-2026-01183,Reyansh Malhotra,9th Grade,D,15000.0,9979.91,5020.09,0.0,PENDING_DUE
ADM-2026-01184,Diya Iyer,11th Grade,B,18000.0,18000.0,0.0,0.0,COMPLETED
ADM-2026-01185,Riya Nair,9th Grade,B,18000.0,5568.31,12431.69,0.0,PENDING_DUE
ADM-2026-01186,Diya Bose,12th Grade,B,15000.0,9206.35,5793.65,0.0,PENDING_DUE
ADM-2026-01187,Meera Rao,11th Grade,A,15000.0,15000.0,0.0,0.0,COMPLETED
ADM-2026-01188,Reyansh Malhotra,10th Grade,B,15000.0,15000.0,0.0,0.0,COMPLETED
ADM-2026-01189,Sai Bose,12th Grade,D,12000.0,5069.09,6930.91,0.0,PENDING_DUE
ADM-2026-01190,Riya Verma,12th Grade,D,18000.0,2437.93,15562.07,500.0,DEFAULT_AGED
ADM-2026-01191,Pari Iyer,11th Grade,D,15000.0,264.76,14735.24,500.0,DEFAULT_AGED
ADM-2026-01192,Ananya Mehta,9th Grade,C,12000.0,3537.59,8462.41,0.0,PENDING_DUE
ADM-2026-01193,Rahul Singh,12th Grade,A,12000.0,12000.0,0.0,0.0,COMPLETED
ADM-2026-01194,Ayaan Malhotra,12th Grade,A,18000.0,7034.72,10965.28,0.0,PENDING_DUE
ADM-2026-01195,Reyansh Bose,12th Grade,C,12000.0,12000.0,0.0,0.0,COMPLETED
ADM-2026-01196,Aarav Pillai,9th Grade,B,15000.0,7119.62,7880.38,0.0,PENDING_DUE
ADM-2026-01197,Ayaan Reddy,10th Grade,B,22000.0,22000.0,0.0,0.0,COMPLETED
ADM-2026-01198,Sanya Menon,10th Grade,B,12000.0,12000.0,0.0,0.0,COMPLETED
ADM-2026-01199,Neha Choudhury,11th Grade,A,22000.0,22000.0,0.0,0.0,COMPLETED
ADM-2026-01200,Vihaan Reddy,12th Grade,B,18000.0,18000.0,0.0,0.0,COMPLETED
ADM-2026-01201,Ayaan Rao,10th Grade,D,22000.0,4811.41,17188.59,0.0,PENDING_DUE
ADM-2026-01202,Sanya Bose,11th Grade,A,22000.0,22000.0,0.0,0.0,COMPLETED
ADM-2026-01203,Neha Malhotra,10th Grade,C,12000.0,930.32,11069.68,500.0,DEFAULT_AGED
ADM-2026-01204,Vivaan Sharma,11th Grade,A,12000.0,12000.0,0.0,0.0,COMPLETED
ADM-2026-01205,Rohan Nair,10th Grade,A,15000.0,15000.0,0.0,0.0,COMPLETED
ADM-2026-01206,Arjun Das,11th Grade,D,15000.0,15000.0,0.0,0.0,COMPLETED
ADM-2026-01207,Sneha Patel,12th Grade,B,18000.0,4520.27,13479.73,0.0,PENDING_DUE
ADM-2026-01208,Neha Bose,12th Grade,B,22000.0,22000.0,0.0,0.0,COMPLETED
ADM-2026-01209,Pankaj Pillai,11th Grade,C,15000.0,15000.0,0.0,0.0,COMPLETED
ADM-2026-01210,Sanya Sharma,11th Grade,B,22000.0,4428.09,17571.91,0.0,PENDING_DUE
ADM-2026-01211,Aarav Das,11th Grade,A,18000.0,18000.0,0.0,0.0,COMPLETED
ADM-2026-01212,Anjali Patel,10th Grade,C,22000.0,22000.0,0.0,0.0,COMPLETED
ADM-2026-01213,Kavita Iyer,11th Grade,C,15000.0,15000.0,0.0,0.0,COMPLETED
ADM-2026-01214,Ishaan Menon,10th Grade,B,22000.0,7931.02,14068.98,0.0,PENDING_DUE
ADM-2026-01215,Amit Kumar,12th Grade,A,12000.0,3352.64,8647.36,500.0,DEFAULT_AGED
ADM-2026-01216,Pari Kumar,12th Grade,C,12000.0,145.37,11854.63,250.0,DEFAULT_AGED
ADM-2026-01217,Aditya Pillai,11th Grade,B,12000.0,7070.51,4929.49,0.0,PENDING_DUE
ADM-2026-01218,Amit Malhotra,11th Grade,B,15000.0,15000.0,0.0,0.0,COMPLETED
ADM-2026-01219,Amit Kumar,9th Grade,A,18000.0,10346.65,7653.35,0.0,PENDING_DUE
ADM-2026-01220,Krishna Menon,9th Grade,B,12000.0,2717.83,9282.17,1000.0,DEFAULT_AGED
ADM-2026-01221,Karan Mehta,10th Grade,B,12000.0,12000.0,0.0,0.0,COMPLETED
ADM-2026-01222,Pankaj Sharma,9th Grade,C,15000.0,15000.0,0.0,0.0,COMPLETED
ADM-2026-01223,Krishna Malhotra,9th Grade,B,15000.0,15000.0,0.0,0.0,COMPLETED
ADM-2026-01224,Karan Menon,9th Grade,A,15000.0,15000.0,0.0,0.0,COMPLETED
ADM-2026-01225,Aarav Rao,11th Grade,D,15000.0,9406.59,5593.41,0.0,PENDING_DUE
ADM-2026-01226,Aditya Gupta,11th Grade,C,15000.0,4108.73,10891.27,0.0,PENDING_DUE
ADM-2026-01227,Pankaj Malhotra,9th Grade,A,15000.0,9735.53,5264.47,0.0,PENDING_DUE
ADM-2026-01228,Sai Das,11th Grade,C,18000.0,11456.2,6543.8,0.0,PENDING_DUE
ADM-2026-01229,Reyansh Pillai,10th Grade,D,15000.0,3389.09,11610.91,1000.0,DEFAULT_AGED
ADM-2026-01230,Diya Iyer,9th Grade,B,12000.0,3024.26,8975.74,0.0,PENDING_DUE
ADM-2026-01231,Pankaj Pillai,12th Grade,B,12000.0,3006.61,8993.39,500.0,DEFAULT_AGED
ADM-2026-01232,Diya Sen,11th Grade,A,22000.0,1388.57,20611.43,250.0,DEFAULT_AGED
ADM-2026-01233,Rahul Menon,10th Grade,A,22000.0,22000.0,0.0,0.0,COMPLETED
ADM-2026-01234,Aarav Bose,11th Grade,A,15000.0,5074.07,9925.93,0.0,PENDING_DUE
ADM-2026-01235,Sneha Pillai,10th Grade,B,18000.0,5289.97,12710.03,0.0,PENDING_DUE
ADM-2026-01236,Pooja Kumar,11th Grade,B,18000.0,18000.0,0.0,0.0,COMPLETED
ADM-2026-01237,Ishaan Das,11th Grade,B,15000.0,5825.25,9174.75,0.0,PENDING_DUE
ADM-2026-01238,Ayaan Gupta,11th Grade,C,22000.0,9994.75,12005.25,0.0,PENDING_DUE
ADM-2026-01239,Priya Nair,11th Grade,A,12000.0,12000.0,0.0,0.0,COMPLETED
ADM-2026-01240,Sai Verma,9th Grade,B,15000.0,15000.0,0.0,0.0,COMPLETED
ADM-2026-01241,Rahul Malhotra,9th Grade,A,12000.0,12000.0,0.0,0.0,COMPLETED
ADM-2026-01242,Rohan Choudhury,11th Grade,B,22000.0,22000.0,0.0,0.0,COMPLETED
ADM-2026-01243,Vivaan Joshi,10th Grade,C,12000.0,5773.32,6226.68,0.0,PENDING_DUE
ADM-2026-01244,Rahul Verma,12th Grade,B,12000.0,2214.57,9785.43,500.0,DEFAULT_AGED
ADM-2026-01245,Diya Das,12th Grade,A,18000.0,4104.51,13895.49,0.0,PENDING_DUE
ADM-2026-01246,Ananya Sen,12th Grade,B,18000.0,2458.14,15541.86,1000.0,DEFAULT_AGED
ADM-2026-01247,Karan Bose,10th Grade,C,22000.0,13193.18,8806.82,0.0,PENDING_DUE
ADM-2026-01248,Rohan Menon,9th Grade,B,15000.0,9008.85,5991.15,0.0,PENDING_DUE
ADM-2026-01249,Priya Malhotra,12th Grade,D,22000.0,22000.0,0.0,0.0,COMPLETED
ADM-2026-01250,Rohan Deshmukh,9th Grade,B,22000.0,22000.0,0.0,0.0,COMPLETED
ADM-2026-01251,Pooja Bose,12th Grade,B,22000.0,22000.0,0.0,0.0,COMPLETED
ADM-2026-01252,Aarav Pillai,9th Grade,B,18000.0,18000.0,0.0,0.0,COMPLETED
ADM-2026-01253,Vihaan Pillai,10th Grade,C,12000.0,2971.03,9028.97,0.0,PENDING_DUE
ADM-2026-01254,Vivaan Verma,12th Grade,C,12000.0,12000.0,0.0,0.0,COMPLETED
ADM-2026-01255,Kavita Gupta,9th Grade,A,22000.0,8234.89,13765.11,0.0,PENDING_DUE
ADM-2026-01256,Ayaan Sharma,11th Grade,B,12000.0,12000.0,0.0,0.0,COMPLETED
ADM-2026-01257,Pankaj Menon,9th Grade,C,18000.0,8509.0,9491.0,0.0,PENDING_DUE
ADM-2026-01258,Ananya Bose,12th Grade,D,12000.0,12000.0,0.0,0.0,COMPLETED
ADM-2026-01259,Krishna Sen,10th Grade,B,18000.0,18000.0,0.0,0.0,COMPLETED
ADM-2026-01260,Pankaj Malhotra,9th Grade,C,18000.0,9790.44,8209.56,0.0,PENDING_DUE
ADM-2026-01261,Ayaan Menon,12th Grade,D,18000.0,18000.0,0.0,0.0,COMPLETED
ADM-2026-01262,Vikas Patel,11th Grade,C,18000.0,4070.06,13929.94,0.0,PENDING_DUE
ADM-2026-01263,Ayaan Pillai,10th Grade,D,18000.0,98.67,17901.33,250.0,DEFAULT_AGED
ADM-2026-01264,Anjali Menon,9th Grade,A,22000.0,22000.0,0.0,0.0,COMPLETED
ADM-2026-01265,Diya Sharma,11th Grade,B,22000.0,22000.0,0.0,0.0,COMPLETED
ADM-2026-01266,Sneha Das,11th Grade,B,12000.0,12000.0,0.0,0.0,COMPLETED
ADM-2026-01267,Amit Reddy,9th Grade,D,15000.0,4396.81,10603.19,1000.0,DEFAULT_AGED
ADM-2026-01268,Reyansh Pillai,11th Grade,C,15000.0,15000.0,0.0,0.0,COMPLETED
ADM-2026-01269,Arjun Das,12th Grade,C,12000.0,6043.66,5956.34,0.0,PENDING_DUE
ADM-2026-01270,Sneha Das,12th Grade,D,12000.0,2550.56,9449.44,0.0,PENDING_DUE
ADM-2026-01271,Pari Verma,12th Grade,A,18000.0,18000.0,0.0,0.0,COMPLETED
ADM-2026-01272,Priya Malhotra,10th Grade,B,15000.0,7497.54,7502.46,0.0,PENDING_DUE
ADM-2026-01273,Riya Mehta,10th Grade,B,22000.0,11849.13,10150.87,0.0,PENDING_DUE
ADM-2026-01274,Arjun Reddy,10th Grade,C,12000.0,8161.53,3838.47,0.0,PENDING_DUE
ADM-2026-01275,Aditya Malhotra,10th Grade,D,12000.0,12000.0,0.0,0.0,COMPLETED
ADM-2026-01276,Sai Gupta,11th Grade,A,18000.0,4710.93,13289.07,0.0,PENDING_DUE
ADM-2026-01277,Ishaan Nair,9th Grade,A,15000.0,15000.0,0.0,0.0,COMPLETED
ADM-2026-01278,Pankaj Joshi,10th Grade,B,15000.0,6819.1,8180.9,0.0,PENDING_DUE
ADM-2026-01279,Kavita Singh,11th Grade,A,15000.0,9149.74,5850.26,0.0,PENDING_DUE
ADM-2026-01280,Vikas Rao,10th Grade,B,15000.0,15000.0,0.0,0.0,COMPLETED
ADM-2026-01281,Pankaj Malhotra,12th Grade,B,22000.0,13683.31,8316.69,0.0,PENDING_DUE
ADM-2026-01282,Aarav Joshi,12th Grade,D,18000.0,18000.0,0.0,0.0,COMPLETED
ADM-2026-01283,Arjun Joshi,11th Grade,C,18000.0,9215.44,8784.56,0.0,PENDING_DUE
ADM-2026-01284,Sneha Singh,9th Grade,B,22000.0,6650.84,15349.16,0.0,PENDING_DUE
ADM-2026-01285,Pari Joshi,10th Grade,B,18000.0,610.51,17389.49,1000.0,DEFAULT_AGED
ADM-2026-01286,Meera Verma,9th Grade,B,22000.0,22000.0,0.0,0.0,COMPLETED
ADM-2026-01287,Neha Choudhury,12th Grade,B,18000.0,18000.0,0.0,0.0,COMPLETED
ADM-2026-01288,Sai Menon,9th Grade,A,22000.0,22000.0,0.0,0.0,COMPLETED
ADM-2026-01289,Pankaj Deshmukh,9th Grade,B,15000.0,15000.0,0.0,0.0,COMPLETED
ADM-2026-01290,Karan Sharma,12th Grade,C,12000.0,12000.0,0.0,0.0,COMPLETED
ADM-2026-01291,Anjali Malhotra,9th Grade,A,12000.0,12000.0,0.0,0.0,COMPLETED
ADM-2026-01292,Reyansh Sen,12th Grade,A,12000.0,5119.6,6880.4,0.0,PENDING_DUE
ADM-2026-01293,Ishaan Malhotra,11th Grade,D,15000.0,9248.84,5751.16,0.0,PENDING_DUE
ADM-2026-01294,Aditya Deshmukh,11th Grade,C,12000.0,4498.74,7501.26,0.0,PENDING_DUE
ADM-2026-01295,Sai Deshmukh,12th Grade,B,22000.0,12600.93,9399.07,0.0,PENDING_DUE
ADM-2026-01296,Riya Pillai,9th Grade,B,12000.0,12000.0,0.0,0.0,COMPLETED
ADM-2026-01297,Kavita Patel,11th Grade,C,18000.0,18000.0,0.0,0.0,COMPLETED
ADM-2026-01298,Vivaan Das,11th Grade,C,22000.0,153.94,21846.06,250.0,DEFAULT_AGED
ADM-2026-01299,Sanya Pillai,11th Grade,D,15000.0,15000.0,0.0,0.0,COMPLETED
ADM-2026-01300,Pankaj Patel,12th Grade,C,12000.0,1964.34,10035.66,500.0,DEFAULT_AGED
ADM-2026-01301,Aditya Iyer,11th Grade,D,15000.0,8786.21,6213.79,0.0,PENDING_DUE
ADM-2026-01302,Krishna Mehta,11th Grade,B,18000.0,2917.3,15082.7,1000.0,DEFAULT_AGED
ADM-2026-01303,Arjun Kumar,12th Grade,D,22000.0,22000.0,0.0,0.0,COMPLETED
ADM-2026-01304,Rohan Deshmukh,9th Grade,D,18000.0,18000.0,0.0,0.0,COMPLETED
ADM-2026-01305,Vivaan Mehta,11th Grade,B,12000.0,12000.0,0.0,0.0,COMPLETED
ADM-2026-01306,Vihaan Deshmukh,11th Grade,B,12000.0,7200.51,4799.49,0.0,PENDING_DUE
ADM-2026-01307,Sai Bose,10th Grade,A,22000.0,15362.46,6637.54,0.0,PENDING_DUE
ADM-2026-01308,Arjun Sharma,9th Grade,C,12000.0,12000.0,0.0,0.0,COMPLETED
ADM-2026-01309,Diya Choudhury,12th Grade,C,12000.0,12000.0,0.0,0.0,COMPLETED
ADM-2026-01310,Priya Das,11th Grade,D,22000.0,22000.0,0.0,0.0,COMPLETED
ADM-2026-01311,Aadhya Sen,9th Grade,A,15000.0,15000.0,0.0,0.0,COMPLETED
ADM-2026-01312,Amit Singh,9th Grade,A,15000.0,3755.69,11244.31,500.0,DEFAULT_AGED
ADM-2026-01313,Vivaan Patel,11th Grade,A,18000.0,18000.0,0.0,0.0,COMPLETED
ADM-2026-01314,Karan Joshi,12th Grade,D,15000.0,3874.16,11125.84,500.0,DEFAULT_AGED
ADM-2026-01315,Vihaan Bose,11th Grade,A,18000.0,18000.0,0.0,0.0,COMPLETED
ADM-2026-01316,Pooja Mehta,10th Grade,A,12000.0,12000.0,0.0,0.0,COMPLETED
ADM-2026-01317,Karan Mehta,12th Grade,A,18000.0,7339.01,10660.99,0.0,PENDING_DUE
ADM-2026-01318,Krishna Reddy,10th Grade,A,18000.0,4800.12,13199.88,500.0,DEFAULT_AGED
ADM-2026-01319,Karan Bose,11th Grade,D,15000.0,3049.58,11950.42,0.0,PENDING_DUE
ADM-2026-01320,Meera Rao,10th Grade,C,18000.0,10068.63,7931.37,0.0,PENDING_DUE
ADM-2026-01321,Priya Menon,11th Grade,B,22000.0,14552.2,7447.8,0.0,PENDING_DUE
ADM-2026-01322,Sai Menon,12th Grade,A,15000.0,15000.0,0.0,0.0,COMPLETED
ADM-2026-01323,Krishna Kumar,12th Grade,C,15000.0,10010.57,4989.43,0.0,PENDING_DUE
ADM-2026-01324,Neha Patel,12th Grade,A,12000.0,12000.0,0.0,0.0,COMPLETED
ADM-2026-01325,Amit Reddy,12th Grade,D,22000.0,8328.17,13671.83,0.0,PENDING_DUE
ADM-2026-01326,Sai Verma,10th Grade,A,18000.0,18000.0,0.0,0.0,COMPLETED
ADM-2026-01327,Ananya Verma,10th Grade,C,15000.0,15000.0,0.0,0.0,COMPLETED
ADM-2026-01328,Rohan Joshi,11th Grade,B,22000.0,8846.99,13153.01,0.0,PENDING_DUE
ADM-2026-01329,Neha Sharma,11th Grade,D,15000.0,5832.3,9167.7,0.0,PENDING_DUE
ADM-2026-01330,Diya Deshmukh,11th Grade,D,15000.0,15000.0,0.0,0.0,COMPLETED
ADM-2026-01331,Ishaan Menon,11th Grade,C,15000.0,9643.78,5356.22,0.0,PENDING_DUE
ADM-2026-01332,Krishna Choudhury,12th Grade,C,22000.0,22000.0,0.0,0.0,COMPLETED
ADM-2026-01333,Aditya Malhotra,11th Grade,A,22000.0,14581.55,7418.45,0.0,PENDING_DUE
ADM-2026-01334,Rohan Das,12th Grade,A,18000.0,18000.0,0.0,0.0,COMPLETED
ADM-2026-01335,Rohan Menon,12th Grade,B,12000.0,12000.0,0.0,0.0,COMPLETED
ADM-2026-01336,Ayaan Rao,11th Grade,D,12000.0,3599.74,8400.26,0.0,PENDING_DUE
ADM-2026-01337,Ananya Choudhury,12th Grade,B,18000.0,18000.0,0.0,0.0,COMPLETED
ADM-2026-01338,Rohan Menon,11th Grade,B,18000.0,18000.0,0.0,0.0,COMPLETED
ADM-2026-01339,Amit Kumar,12th Grade,D,22000.0,1771.31,20228.69,1000.0,DEFAULT_AGED
ADM-2026-01340,Ayaan Pillai,10th Grade,C,18000.0,18000.0,0.0,0.0,COMPLETED
ADM-2026-01341,Aditya Mehta,12th Grade,D,15000.0,15000.0,0.0,0.0,COMPLETED
ADM-2026-01342,Reyansh Pillai,11th Grade,B,15000.0,8094.91,6905.09,0.0,PENDING_DUE
ADM-2026-01343,Vihaan Gupta,10th Grade,A,15000.0,3292.17,11707.83,0.0,PENDING_DUE
ADM-2026-01344,Pankaj Bose,12th Grade,D,22000.0,22000.0,0.0,0.0,COMPLETED
ADM-2026-01345,Aadhya Reddy,11th Grade,B,15000.0,5011.69,9988.31,0.0,PENDING_DUE
ADM-2026-01346,Riya Malhotra,11th Grade,D,18000.0,18000.0,0.0,0.0,COMPLETED
ADM-2026-01347,Vikas Nair,11th Grade,D,12000.0,4635.33,7364.67,0.0,PENDING_DUE
ADM-2026-01348,Ananya Sharma,12th Grade,C,22000.0,5826.94,16173.06,0.0,PENDING_DUE
ADM-2026-01349,Reyansh Patel,9th Grade,C,22000.0,10024.38,11975.62,0.0,PENDING_DUE
ADM-2026-01350,Rohan Reddy,9th Grade,C,22000.0,22000.0,0.0,0.0,COMPLETED
ADM-2026-01351,Pooja Singh,10th Grade,B,12000.0,2519.42,9480.58,0.0,PENDING_DUE
ADM-2026-01352,Diya Patel,9th Grade,B,15000.0,15000.0,0.0,0.0,COMPLETED
ADM-2026-01353,Sanya Sen,10th Grade,C,18000.0,3676.09,14323.91,0.0,PENDING_DUE
ADM-2026-01354,Vivaan Choudhury,11th Grade,B,22000.0,12479.03,9520.97,0.0,PENDING_DUE
ADM-2026-01355,Ananya Verma,12th Grade,A,12000.0,4736.86,7263.14,0.0,PENDING_DUE
ADM-2026-01356,Krishna Mehta,9th Grade,A,22000.0,5999.27,16000.73,1000.0,DEFAULT_AGED
ADM-2026-01357,Vivaan Verma,12th Grade,B,12000.0,12000.0,0.0,0.0,COMPLETED
ADM-2026-01358,Sanya Malhotra,12th Grade,D,18000.0,18000.0,0.0,0.0,COMPLETED
ADM-2026-01359,Sneha Das,12th Grade,A,12000.0,1195.36,10804.64,250.0,DEFAULT_AGED
ADM-2026-01360,Karan Choudhury,10th Grade,B,18000.0,8277.91,9722.09,0.0,PENDING_DUE
ADM-2026-01361,Anjali Das,11th Grade,A,15000.0,2349.14,12650.86,1000.0,DEFAULT_AGED
ADM-2026-01362,Sneha Singh,9th Grade,C,18000.0,18000.0,0.0,0.0,COMPLETED
ADM-2026-01363,Diya Mehta,9th Grade,D,22000.0,7379.76,14620.24,0.0,PENDING_DUE
ADM-2026-01364,Pankaj Bose,9th Grade,B,18000.0,18000.0,0.0,0.0,COMPLETED
ADM-2026-01365,Karan Kumar,12th Grade,B,12000.0,4200.08,7799.92,0.0,PENDING_DUE
ADM-2026-01366,Aadhya Iyer,10th Grade,D,18000.0,8636.43,9363.57,0.0,PENDING_DUE
ADM-2026-01367,Aarav Rao,11th Grade,D,12000.0,7616.37,4383.63,0.0,PENDING_DUE
ADM-2026-01368,Karan Verma,12th Grade,B,15000.0,15000.0,0.0,0.0,COMPLETED
ADM-2026-01369,Rohan Menon,11th Grade,C,18000.0,18000.0,0.0,0.0,COMPLETED
ADM-2026-01370,Pankaj Singh,11th Grade,D,12000.0,4722.78,7277.22,0.0,PENDING_DUE
ADM-2026-01371,Neha Joshi,11th Grade,C,15000.0,7507.91,7492.09,0.0,PENDING_DUE
ADM-2026-01372,Arjun Nair,11th Grade,B,12000.0,3399.49,8600.51,1000.0,DEFAULT_AGED
ADM-2026-01373,Priya Reddy,10th Grade,D,18000.0,18000.0,0.0,0.0,COMPLETED
ADM-2026-01374,Vikas Verma,11th Grade,D,12000.0,12000.0,0.0,0.0,COMPLETED
ADM-2026-01375,Vikas Nair,11th Grade,B,15000.0,5716.95,9283.05,0.0,PENDING_DUE
ADM-2026-01376,Neha Reddy,10th Grade,A,12000.0,1500.25,10499.75,1000.0,DEFAULT_AGED
ADM-2026-01377,Pari Nair,12th Grade,A,15000.0,15000.0,0.0,0.0,COMPLETED
ADM-2026-01378,Pooja Verma,10th Grade,A,12000.0,12000.0,0.0,0.0,COMPLETED
ADM-2026-01379,Sai Deshmukh,11th Grade,A,18000.0,12504.28,5495.72,0.0,PENDING_DUE
ADM-2026-01380,Rohan Bose,12th Grade,B,18000.0,18000.0,0.0,0.0,COMPLETED
ADM-2026-01381,Ishaan Joshi,9th Grade,B,12000.0,6179.86,5820.14,0.0,PENDING_DUE
ADM-2026-01382,Meera Malhotra,10th Grade,A,15000.0,6690.74,8309.26,0.0,PENDING_DUE
ADM-2026-01383,Sai Verma,11th Grade,D,12000.0,4627.18,7372.82,0.0,PENDING_DUE
ADM-2026-01384,Aadhya Sharma,12th Grade,B,18000.0,18000.0,0.0,0.0,COMPLETED
ADM-2026-01385,Pooja Sen,9th Grade,B,15000.0,15000.0,0.0,0.0,COMPLETED
ADM-2026-01386,Vikas Kumar,12th Grade,A,15000.0,3819.27,11180.73,1000.0,DEFAULT_AGED
ADM-2026-01387,Krishna Das,12th Grade,C,18000.0,6671.33,11328.67,0.0,PENDING_DUE
ADM-2026-01388,Aadhya Gupta,10th Grade,D,12000.0,12000.0,0.0,0.0,COMPLETED
ADM-2026-01389,Krishna Nair,11th Grade,C,15000.0,15000.0,0.0,0.0,COMPLETED
ADM-2026-01390,Sai Nair,11th Grade,C,18000.0,6389.56,11610.44,0.0,PENDING_DUE
ADM-2026-01391,Rahul Bose,11th Grade,B,22000.0,22000.0,0.0,0.0,COMPLETED
ADM-2026-01392,Vikas Rao,11th Grade,C,18000.0,18000.0,0.0,0.0,COMPLETED
ADM-2026-01393,Kavita Gupta,9th Grade,D,12000.0,7952.65,4047.35,0.0,PENDING_DUE
ADM-2026-01394,Meera Patel,12th Grade,A,12000.0,12000.0,0.0,0.0,COMPLETED
ADM-2026-01395,Pankaj Menon,10th Grade,C,22000.0,22000.0,0.0,0.0,COMPLETED
ADM-2026-01396,Diya Deshmukh,10th Grade,A,15000.0,15000.0,0.0,0.0,COMPLETED
ADM-2026-01397,Diya Gupta,9th Grade,C,18000.0,5364.71,12635.29,250.0,DEFAULT_AGED
ADM-2026-01398,Aadhya Kumar,11th Grade,C,15000.0,4278.59,10721.41,0.0,PENDING_DUE
ADM-2026-01399,Arjun Menon,9th Grade,A,18000.0,18000.0,0.0,0.0,COMPLETED
ADM-2026-01400,Anjali Gupta,10th Grade,D,18000.0,18000.0,0.0,0.0,COMPLETED
ADM-2026-01401,Anjali Verma,10th Grade,B,18000.0,18000.0,0.0,0.0,COMPLETED
ADM-2026-01402,Amit Das,12th Grade,C,12000.0,12000.0,0.0,0.0,COMPLETED
ADM-2026-01403,Arjun Bose,11th Grade,A,12000.0,12000.0,0.0,0.0,COMPLETED
ADM-2026-01404,Aadhya Choudhury,12th Grade,D,22000.0,4944.27,17055.73,0.0,PENDING_DUE
ADM-2026-01405,Arjun Menon,12th Grade,D,15000.0,15000.0,0.0,0.0,COMPLETED
ADM-2026-01406,Anjali Singh,9th Grade,D,15000.0,1965.22,13034.78,500.0,DEFAULT_AGED
ADM-2026-01407,Pankaj Malhotra,9th Grade,A,18000.0,18000.0,0.0,0.0,COMPLETED
ADM-2026-01408,Pari Singh,12th Grade,B,22000.0,4672.84,17327.16,0.0,PENDING_DUE
ADM-2026-01409,Sneha Joshi,11th Grade,B,15000.0,7665.26,7334.74,0.0,PENDING_DUE
ADM-2026-01410,Ananya Choudhury,11th Grade,C,12000.0,12000.0,0.0,0.0,COMPLETED
ADM-2026-01411,Vivaan Verma,10th Grade,A,18000.0,28.42,17971.58,1000.0,DEFAULT_AGED
ADM-2026-01412,Aadhya Menon,11th Grade,B,15000.0,15000.0,0.0,0.0,COMPLETED
ADM-2026-01413,Ananya Kumar,9th Grade,B,18000.0,18000.0,0.0,0.0,COMPLETED
ADM-2026-01414,Aadhya Choudhury,11th Grade,A,12000.0,12000.0,0.0,0.0,COMPLETED
ADM-2026-01415,Diya Nair,9th Grade,B,18000.0,18000.0,0.0,0.0,COMPLETED
ADM-2026-01416,Aditya Singh,11th Grade,C,22000.0,22000.0,0.0,0.0,COMPLETED
ADM-2026-01417,Pooja Menon,11th Grade,A,18000.0,18000.0,0.0,0.0,COMPLETED
ADM-2026-01418,Kavita Joshi,12th Grade,D,12000.0,12000.0,0.0,0.0,COMPLETED
ADM-2026-01419,Pankaj Gupta,11th Grade,C,12000.0,12000.0,0.0,0.0,COMPLETED
ADM-2026-01420,Vikas Singh,11th Grade,A,18000.0,12192.3,5807.7,0.0,PENDING_DUE
ADM-2026-01421,Aadhya Iyer,11th Grade,A,15000.0,9119.17,5880.83,0.0,PENDING_DUE
ADM-2026-01422,Diya Patel,12th Grade,C,18000.0,18000.0,0.0,0.0,COMPLETED
ADM-2026-01423,Pari Sharma,10th Grade,C,15000.0,1182.15,13817.85,250.0,DEFAULT_AGED
ADM-2026-01424,Aarav Pillai,12th Grade,B,18000.0,4986.35,13013.65,500.0,DEFAULT_AGED
ADM-2026-01425,Riya Deshmukh,11th Grade,A,15000.0,15000.0,0.0,0.0,COMPLETED
ADM-2026-01426,Anjali Sharma,12th Grade,A,18000.0,18000.0,0.0,0.0,COMPLETED
ADM-2026-01427,Priya Das,12th Grade,A,18000.0,5011.01,12988.99,500.0,DEFAULT_AGED
ADM-2026-01428,Sanya Nair,9th Grade,C,12000.0,12000.0,0.0,0.0,COMPLETED
ADM-2026-01429,Vikas Sen,11th Grade,C,22000.0,22000.0,0.0,0.0,COMPLETED
ADM-2026-01430,Rahul Sharma,11th Grade,B,15000.0,15000.0,0.0,0.0,COMPLETED
ADM-2026-01431,Aditya Nair,10th Grade,A,12000.0,1275.18,10724.82,1000.0,DEFAULT_AGED
ADM-2026-01432,Aarav Deshmukh,12th Grade,A,12000.0,12000.0,0.0,0.0,COMPLETED
ADM-2026-01433,Rohan Gupta,10th Grade,C,22000.0,8359.69,13640.31,0.0,PENDING_DUE
ADM-2026-01434,Aarav Mehta,11th Grade,D,12000.0,2454.2,9545.8,0.0,PENDING_DUE
ADM-2026-01435,Aditya Sharma,12th Grade,B,12000.0,3161.93,8838.07,0.0,PENDING_DUE
ADM-2026-01436,Diya Kumar,12th Grade,A,15000.0,2809.12,12190.88,250.0,DEFAULT_AGED
ADM-2026-01437,Aadhya Iyer,11th Grade,A,22000.0,22000.0,0.0,0.0,COMPLETED
ADM-2026-01438,Anjali Iyer,10th Grade,D,15000.0,3136.87,11863.13,0.0,PENDING_DUE
ADM-2026-01439,Krishna Bose,11th Grade,D,18000.0,18000.0,0.0,0.0,COMPLETED
ADM-2026-01440,Vikas Pillai,10th Grade,B,18000.0,18000.0,0.0,0.0,COMPLETED
ADM-2026-01441,Rohan Verma,9th Grade,C,22000.0,7229.36,14770.64,0.0,PENDING_DUE
ADM-2026-01442,Aditya Bose,12th Grade,D,12000.0,8095.25,3904.75,0.0,PENDING_DUE
ADM-2026-01443,Anjali Rao,11th Grade,A,15000.0,6375.08,8624.92,0.0,PENDING_DUE
ADM-2026-01444,Vihaan Patel,12th Grade,A,12000.0,12000.0,0.0,0.0,COMPLETED
ADM-2026-01445,Pooja Malhotra,12th Grade,A,18000.0,7736.34,10263.66,0.0,PENDING_DUE
ADM-2026-01446,Karan Deshmukh,10th Grade,B,12000.0,4607.4,7392.6,0.0,PENDING_DUE
ADM-2026-01447,Arjun Pillai,10th Grade,B,22000.0,4458.61,17541.39,500.0,DEFAULT_AGED
ADM-2026-01448,Rahul Menon,12th Grade,B,18000.0,4436.47,13563.53,0.0,PENDING_DUE
ADM-2026-01449,Ayaan Patel,11th Grade,B,12000.0,4572.29,7427.71,0.0,PENDING_DUE
ADM-2026-01450,Aarav Gupta,12th Grade,A,18000.0,18000.0,0.0,0.0,COMPLETED
ADM-2026-01451,Sanya Kumar,9th Grade,A,12000.0,7829.93,4170.07,0.0,PENDING_DUE
ADM-2026-01452,Sneha Choudhury,10th Grade,C,18000.0,8262.96,9737.04,0.0,PENDING_DUE
ADM-2026-01453,Vivaan Menon,12th Grade,C,18000.0,6601.61,11398.39,0.0,PENDING_DUE
ADM-2026-01454,Pooja Joshi,12th Grade,C,18000.0,18000.0,0.0,0.0,COMPLETED
ADM-2026-01455,Anjali Bose,11th Grade,A,18000.0,8264.17,9735.83,0.0,PENDING_DUE
ADM-2026-01456,Arjun Joshi,10th Grade,C,18000.0,18000.0,0.0,0.0,COMPLETED
ADM-2026-01457,Vihaan Choudhury,9th Grade,C,18000.0,4003.34,13996.66,1000.0,DEFAULT_AGED
ADM-2026-01458,Aadhya Gupta,9th Grade,D,15000.0,4298.45,10701.55,0.0,PENDING_DUE
ADM-2026-01459,Sneha Nair,10th Grade,B,22000.0,22000.0,0.0,0.0,COMPLETED
ADM-2026-01460,Sanya Reddy,12th Grade,D,12000.0,12000.0,0.0,0.0,COMPLETED
ADM-2026-01461,Aadhya Mehta,10th Grade,C,15000.0,15000.0,0.0,0.0,COMPLETED
ADM-2026-01462,Sneha Verma,9th Grade,A,18000.0,18000.0,0.0,0.0,COMPLETED
ADM-2026-01463,Aadhya Reddy,9th Grade,C,18000.0,8306.32,9693.68,0.0,PENDING_DUE
ADM-2026-01464,Sanya Malhotra,10th Grade,B,18000.0,18000.0,0.0,0.0,COMPLETED
ADM-2026-01465,Ishaan Das,12th Grade,D,12000.0,16.88,11983.12,1000.0,DEFAULT_AGED
ADM-2026-01466,Sai Mehta,12th Grade,B,22000.0,22000.0,0.0,0.0,COMPLETED
ADM-2026-01467,Sneha Mehta,11th Grade,D,15000.0,9617.03,5382.97,0.0,PENDING_DUE
ADM-2026-01468,Krishna Menon,9th Grade,A,12000.0,12000.0,0.0,0.0,COMPLETED
ADM-2026-01469,Vihaan Sharma,9th Grade,A,22000.0,7936.04,14063.96,0.0,PENDING_DUE
ADM-2026-01470,Anjali Sen,12th Grade,C,22000.0,11818.07,10181.93,0.0,PENDING_DUE
ADM-2026-01471,Meera Nair,12th Grade,D,15000.0,15000.0,0.0,0.0,COMPLETED
ADM-2026-01472,Vivaan Nair,12th Grade,D,22000.0,22000.0,0.0,0.0,COMPLETED
ADM-2026-01473,Anjali Mehta,12th Grade,B,22000.0,22000.0,0.0,0.0,COMPLETED
ADM-2026-01474,Pooja Mehta,10th Grade,B,22000.0,22000.0,0.0,0.0,COMPLETED
ADM-2026-01475,Sanya Mehta,9th Grade,D,18000.0,18000.0,0.0,0.0,COMPLETED
ADM-2026-01476,Pooja Bose,12th Grade,C,15000.0,15000.0,0.0,0.0,COMPLETED
ADM-2026-01477,Ananya Choudhury,11th Grade,C,18000.0,11501.04,6498.96,0.0,PENDING_DUE
ADM-2026-01478,Aadhya Menon,11th Grade,D,15000.0,15000.0,0.0,0.0,COMPLETED
ADM-2026-01479,Vivaan Nair,12th Grade,C,22000.0,22000.0,0.0,0.0,COMPLETED
ADM-2026-01480,Reyansh Menon,12th Grade,D,15000.0,15000.0,0.0,0.0,COMPLETED
ADM-2026-01481,Rahul Gupta,9th Grade,A,12000.0,12000.0,0.0,0.0,COMPLETED
ADM-2026-01482,Ayaan Nair,12th Grade,A,12000.0,5825.41,6174.59,0.0,PENDING_DUE
ADM-2026-01483,Sanya Mehta,10th Grade,A,12000.0,5561.06,6438.94,0.0,PENDING_DUE
ADM-2026-01484,Amit Reddy,11th Grade,D,12000.0,4137.23,7862.77,0.0,PENDING_DUE
ADM-2026-01485,Sanya Malhotra,9th Grade,B,12000.0,12000.0,0.0,0.0,COMPLETED
ADM-2026-01486,Diya Rao,10th Grade,B,18000.0,18000.0,0.0,0.0,COMPLETED
ADM-2026-01487,Aditya Iyer,9th Grade,C,22000.0,12709.05,9290.95,0.0,PENDING_DUE
ADM-2026-01488,Ayaan Verma,9th Grade,D,15000.0,8758.27,6241.73,0.0,PENDING_DUE
ADM-2026-01489,Anjali Iyer,10th Grade,B,18000.0,18000.0,0.0,0.0,COMPLETED
ADM-2026-01490,Reyansh Mehta,10th Grade,A,15000.0,15000.0,0.0,0.0,COMPLETED
ADM-2026-01491,Rohan Malhotra,11th Grade,D,18000.0,18000.0,0.0,0.0,COMPLETED
ADM-2026-01492,Aarav Sen,9th Grade,A,15000.0,15000.0,0.0,0.0,COMPLETED
ADM-2026-01493,Pankaj Joshi,10th Grade,C,15000.0,5283.16,9716.84,0.0,PENDING_DUE
ADM-2026-01494,Riya Pillai,11th Grade,D,22000.0,15320.69,6679.31,0.0,PENDING_DUE
ADM-2026-01495,Amit Bose,10th Grade,D,22000.0,22000.0,0.0,0.0,COMPLETED
ADM-2026-01496,Reyansh Iyer,9th Grade,D,12000.0,1649.26,10350.74,500.0,DEFAULT_AGED
ADM-2026-01497,Vihaan Iyer,10th Grade,D,12000.0,12000.0,0.0,0.0,COMPLETED
ADM-2026-01498,Ananya Rao,11th Grade,D,15000.0,6683.67,8316.33,0.0,PENDING_DUE
ADM-2026-01499,Karan Mehta,9th Grade,D,22000.0,5002.18,16997.82,0.0,PENDING_DUE
ADM-2026-01500,Rohan Das,11th Grade,C,22000.0,22000.0,0.0,0.0,COMPLETED
ADM-2026-01501,Ayaan Reddy,9th Grade,C,22000.0,6449.94,15550.06,0.0,PENDING_DUE
ADM-2026-01502,Ishaan Bose,10th Grade,B,18000.0,18000.0,0.0,0.0,COMPLETED
ADM-2026-01503,Priya Deshmukh,12th Grade,B,15000.0,6816.43,8183.57,0.0,PENDING_DUE
ADM-2026-01504,Diya Sharma,9th Grade,A,22000.0,11530.4,10469.6,0.0,PENDING_DUE
ADM-2026-01505,Ishaan Nair,10th Grade,B,22000.0,22000.0,0.0,0.0,COMPLETED
ADM-2026-01506,Ananya Sharma,9th Grade,C,22000.0,10625.54,11374.46,0.0,PENDING_DUE
ADM-2026-01507,Vikas Sen,9th Grade,D,22000.0,6089.75,15910.25,500.0,DEFAULT_AGED
ADM-2026-01508,Reyansh Deshmukh,12th Grade,B,15000.0,15000.0,0.0,0.0,COMPLETED
ADM-2026-01509,Kavita Choudhury,9th Grade,C,22000.0,22000.0,0.0,0.0,COMPLETED
ADM-2026-01510,Pari Choudhury,10th Grade,D,12000.0,812.52,11187.48,1000.0,DEFAULT_AGED
ADM-2026-01511,Priya Menon,11th Grade,C,18000.0,18000.0,0.0,0.0,COMPLETED
ADM-2026-01512,Neha Joshi,9th Grade,D,15000.0,6466.75,8533.25,0.0,PENDING_DUE
ADM-2026-01513,Neha Patel,9th Grade,D,22000.0,22000.0,0.0,0.0,COMPLETED
ADM-2026-01514,Anjali Sharma,12th Grade,D,22000.0,7687.81,14312.19,0.0,PENDING_DUE
ADM-2026-01515,Ayaan Choudhury,12th Grade,B,12000.0,12000.0,0.0,0.0,COMPLETED
ADM-2026-01516,Rahul Choudhury,11th Grade,C,12000.0,2994.19,9005.81,0.0,PENDING_DUE
ADM-2026-01517,Diya Sen,10th Grade,A,22000.0,22000.0,0.0,0.0,COMPLETED
ADM-2026-01518,Priya Sen,12th Grade,C,12000.0,275.63,11724.37,1000.0,DEFAULT_AGED
ADM-2026-01519,Kavita Rao,9th Grade,B,15000.0,6627.93,8372.07,0.0,PENDING_DUE
ADM-2026-01520,Aadhya Sen,9th Grade,C,18000.0,18000.0,0.0,0.0,COMPLETED
ADM-2026-01521,Ishaan Sen,12th Grade,B,18000.0,18000.0,0.0,0.0,COMPLETED
ADM-2026-01522,Vihaan Nair,11th Grade,D,15000.0,9487.19,5512.81,0.0,PENDING_DUE
ADM-2026-01523,Sai Joshi,11th Grade,A,15000.0,3511.26,11488.74,0.0,PENDING_DUE
ADM-2026-01524,Amit Nair,12th Grade,D,15000.0,15000.0,0.0,0.0,COMPLETED
ADM-2026-01525,Neha Das,12th Grade,C,12000.0,12000.0,0.0,0.0,COMPLETED
ADM-2026-01526,Kavita Pillai,9th Grade,D,15000.0,15000.0,0.0,0.0,COMPLETED
ADM-2026-01527,Aadhya Reddy,12th Grade,A,22000.0,22000.0,0.0,0.0,COMPLETED
ADM-2026-01528,Ananya Deshmukh,10th Grade,A,12000.0,4585.21,7414.79,0.0,PENDING_DUE
ADM-2026-01529,Riya Kumar,11th Grade,A,15000.0,15000.0,0.0,0.0,COMPLETED
ADM-2026-01530,Kavita Singh,12th Grade,A,15000.0,8262.22,6737.78,0.0,PENDING_DUE
ADM-2026-01531,Pooja Patel,10th Grade,D,22000.0,22000.0,0.0,0.0,COMPLETED
ADM-2026-01532,Kavita Mehta,10th Grade,A,12000.0,12000.0,0.0,0.0,COMPLETED
ADM-2026-01533,Vivaan Das,9th Grade,D,22000.0,22000.0,0.0,0.0,COMPLETED
ADM-2026-01534,Ananya Sen,10th Grade,D,15000.0,15000.0,0.0,0.0,COMPLETED
ADM-2026-01535,Aarav Patel,10th Grade,B,12000.0,12000.0,0.0,0.0,COMPLETED
ADM-2026-01536,Meera Malhotra,11th Grade,D,22000.0,22000.0,0.0,0.0,COMPLETED
ADM-2026-01537,Karan Verma,11th Grade,D,12000.0,232.34,11767.66,1000.0,DEFAULT_AGED
ADM-2026-01538,Diya Bose,10th Grade,D,22000.0,5123.91,16876.09,0.0,PENDING_DUE
ADM-2026-01539,Diya Bose,12th Grade,B,15000.0,1157.89,13842.11,500.0,DEFAULT_AGED
ADM-2026-01540,Ishaan Das,9th Grade,A,18000.0,7431.07,10568.93,0.0,PENDING_DUE
ADM-2026-01541,Ayaan Nair,11th Grade,C,15000.0,7601.34,7398.66,0.0,PENDING_DUE
ADM-2026-01542,Ishaan Deshmukh,9th Grade,C,12000.0,7724.49,4275.51,0.0,PENDING_DUE
ADM-2026-01543,Sneha Malhotra,10th Grade,C,12000.0,3440.14,8559.86,250.0,DEFAULT_AGED
ADM-2026-01544,Sneha Mehta,12th Grade,D,22000.0,22000.0,0.0,0.0,COMPLETED
ADM-2026-01545,Reyansh Malhotra,9th Grade,D,22000.0,3607.59,18392.41,250.0,DEFAULT_AGED
ADM-2026-01546,Meera Kumar,10th Grade,D,18000.0,6561.23,11438.77,0.0,PENDING_DUE
ADM-2026-01547,Ayaan Singh,11th Grade,D,18000.0,6593.46,11406.54,0.0,PENDING_DUE
ADM-2026-01548,Riya Rao,12th Grade,B,12000.0,12000.0,0.0,0.0,COMPLETED
ADM-2026-01549,Vikas Choudhury,12th Grade,C,12000.0,1354.07,10645.93,500.0,DEFAULT_AGED
ADM-2026-01550,Anjali Deshmukh,10th Grade,D,15000.0,7872.72,7127.28,0.0,PENDING_DUE
ADM-2026-01551,Krishna Verma,10th Grade,D,12000.0,12000.0,0.0,0.0,COMPLETED
ADM-2026-01552,Krishna Patel,10th Grade,D,12000.0,7289.52,4710.48,0.0,PENDING_DUE
ADM-2026-01553,Sneha Joshi,10th Grade,B,22000.0,22000.0,0.0,0.0,COMPLETED
ADM-2026-01554,Krishna Joshi,12th Grade,A,18000.0,8574.22,9425.78,0.0,PENDING_DUE
ADM-2026-01555,Aarav Das,9th Grade,C,12000.0,12000.0,0.0,0.0,COMPLETED
ADM-2026-01556,Aadhya Malhotra,9th Grade,B,15000.0,15000.0,0.0,0.0,COMPLETED
ADM-2026-01557,Ananya Menon,12th Grade,D,22000.0,22000.0,0.0,0.0,COMPLETED
ADM-2026-01558,Ayaan Iyer,11th Grade,A,15000.0,15000.0,0.0,0.0,COMPLETED
ADM-2026-01559,Amit Pillai,12th Grade,B,18000.0,12081.04,5918.96,0.0,PENDING_DUE
ADM-2026-01560,Pankaj Gupta,11th Grade,D,22000.0,11891.58,10108.42,0.0,PENDING_DUE
ADM-2026-01561,Pari Verma,11th Grade,B,12000.0,12000.0,0.0,0.0,COMPLETED
ADM-2026-01562,Diya Nair,9th Grade,C,18000.0,11390.77,6609.23,0.0,PENDING_DUE
ADM-2026-01563,Arjun Menon,12th Grade,A,22000.0,3302.18,18697.82,250.0,DEFAULT_AGED
ADM-2026-01564,Vivaan Sen,10th Grade,B,18000.0,18000.0,0.0,0.0,COMPLETED
ADM-2026-01565,Meera Menon,9th Grade,C,15000.0,15000.0,0.0,0.0,COMPLETED
ADM-2026-01566,Rohan Sen,12th Grade,A,15000.0,9540.38,5459.62,0.0,PENDING_DUE
ADM-2026-01567,Aarav Reddy,12th Grade,B,12000.0,3270.12,8729.88,0.0,PENDING_DUE
ADM-2026-01568,Ayaan Kumar,9th Grade,B,12000.0,917.93,11082.07,1000.0,DEFAULT_AGED
ADM-2026-01569,Aadhya Kumar,9th Grade,B,12000.0,12000.0,0.0,0.0,COMPLETED
ADM-2026-01570,Sanya Bose,9th Grade,B,22000.0,9969.22,12030.78,0.0,PENDING_DUE
ADM-2026-01571,Sanya Verma,11th Grade,A,18000.0,4565.71,13434.29,1000.0,DEFAULT_AGED
ADM-2026-01572,Aadhya Sen,12th Grade,A,18000.0,5285.1,12714.9,0.0,PENDING_DUE
ADM-2026-01573,Ishaan Gupta,11th Grade,B,15000.0,8927.98,6072.02,0.0,PENDING_DUE
ADM-2026-01574,Aadhya Deshmukh,11th Grade,A,15000.0,15000.0,0.0,0.0,COMPLETED
ADM-2026-01575,Vihaan Singh,10th Grade,B,22000.0,22000.0,0.0,0.0,COMPLETED
ADM-2026-01576,Ananya Mehta,10th Grade,A,22000.0,11985.45,10014.55,0.0,PENDING_DUE
ADM-2026-01577,Riya Deshmukh,11th Grade,B,18000.0,2477.84,15522.16,250.0,DEFAULT_AGED
ADM-2026-01578,Meera Reddy,9th Grade,A,12000.0,2739.93,9260.07,250.0,DEFAULT_AGED
ADM-2026-01579,Ananya Patel,12th Grade,B,18000.0,6538.6,11461.4,0.0,PENDING_DUE
ADM-2026-01580,Ayaan Iyer,9th Grade,C,12000.0,2673.39,9326.61,250.0,DEFAULT_AGED
ADM-2026-01581,Ananya Rao,9th Grade,D,18000.0,18000.0,0.0,0.0,COMPLETED
ADM-2026-01582,Rahul Sharma,9th Grade,A,15000.0,15000.0,0.0,0.0,COMPLETED
ADM-2026-01583,Amit Sharma,10th Grade,B,18000.0,9023.42,8976.58,0.0,PENDING_DUE
ADM-2026-01584,Meera Gupta,11th Grade,A,15000.0,2448.86,12551.14,250.0,DEFAULT_AGED
ADM-2026-01585,Diya Das,11th Grade,C,15000.0,9151.43,5848.57,0.0,PENDING_DUE
ADM-2026-01586,Meera Gupta,10th Grade,A,22000.0,22000.0,0.0,0.0,COMPLETED
ADM-2026-01587,Krishna Das,9th Grade,C,15000.0,15000.0,0.0,0.0,COMPLETED
ADM-2026-01588,Kavita Choudhury,10th Grade,B,15000.0,4318.31,10681.69,250.0,DEFAULT_AGED
ADM-2026-01589,Reyansh Choudhury,9th Grade,C,22000.0,22000.0,0.0,0.0,COMPLETED
ADM-2026-01590,Aadhya Rao,10th Grade,A,12000.0,1580.17,10419.83,250.0,DEFAULT_AGED
ADM-2026-01591,Amit Joshi,12th Grade,D,12000.0,4647.18,7352.82,0.0,PENDING_DUE
ADM-2026-01592,Sneha Reddy,10th Grade,B,15000.0,15000.0,0.0,0.0,COMPLETED
ADM-2026-01593,Aadhya Pillai,9th Grade,C,22000.0,22000.0,0.0,0.0,COMPLETED
ADM-2026-01594,Reyansh Singh,12th Grade,D,18000.0,4222.43,13777.57,0.0,PENDING_DUE
ADM-2026-01595,Ishaan Nair,11th Grade,B,12000.0,12000.0,0.0,0.0,COMPLETED
ADM-2026-01596,Aadhya Singh,10th Grade,C,12000.0,2852.11,9147.89,0.0,PENDING_DUE
ADM-2026-01597,Aditya Sharma,9th Grade,B,12000.0,2898.6,9101.4,250.0,DEFAULT_AGED
ADM-2026-01598,Sai Menon,9th Grade,B,15000.0,7062.07,7937.93,0.0,PENDING_DUE
ADM-2026-01599,Diya Sharma,10th Grade,D,12000.0,1080.82,10919.18,1000.0,DEFAULT_AGED
ADM-2026-01600,Ishaan Menon,12th Grade,A,22000.0,4780.66,17219.34,0.0,PENDING_DUE
ADM-2026-01601,Priya Joshi,9th Grade,D,12000.0,12000.0,0.0,0.0,COMPLETED
ADM-2026-01602,Rahul Patel,12th Grade,B,15000.0,6885.32,8114.68,0.0,PENDING_DUE
ADM-2026-01603,Sanya Mehta,12th Grade,A,22000.0,6512.96,15487.04,500.0,DEFAULT_AGED
ADM-2026-01604,Kavita Mehta,11th Grade,D,22000.0,11178.23,10821.77,0.0,PENDING_DUE
ADM-2026-01605,Sai Choudhury,9th Grade,A,12000.0,2890.56,9109.44,0.0,PENDING_DUE
ADM-2026-01606,Aadhya Das,9th Grade,A,18000.0,4691.8,13308.2,0.0,PENDING_DUE
ADM-2026-01607,Vivaan Singh,9th Grade,B,15000.0,15000.0,0.0,0.0,COMPLETED
ADM-2026-01608,Diya Pillai,9th Grade,A,15000.0,15000.0,0.0,0.0,COMPLETED
ADM-2026-01609,Aadhya Choudhury,10th Grade,C,15000.0,1978.36,13021.64,500.0,DEFAULT_AGED
ADM-2026-01610,Aadhya Deshmukh,12th Grade,A,18000.0,18000.0,0.0,0.0,COMPLETED
ADM-2026-01611,Ishaan Nair,11th Grade,C,15000.0,3993.08,11006.92,250.0,DEFAULT_AGED
ADM-2026-01612,Pari Gupta,12th Grade,C,15000.0,779.45,14220.55,500.0,DEFAULT_AGED
ADM-2026-01613,Pankaj Kumar,12th Grade,B,12000.0,12000.0,0.0,0.0,COMPLETED
ADM-2026-01614,Priya Patel,11th Grade,C,15000.0,4099.43,10900.57,250.0,DEFAULT_AGED
ADM-2026-01615,Krishna Choudhury,9th Grade,B,18000.0,7562.22,10437.78,0.0,PENDING_DUE
ADM-2026-01616,Meera Deshmukh,11th Grade,B,18000.0,8211.97,9788.03,0.0,PENDING_DUE
ADM-2026-01617,Arjun Joshi,9th Grade,C,15000.0,7278.38,7721.62,0.0,PENDING_DUE
ADM-2026-01618,Meera Joshi,9th Grade,C,12000.0,12000.0,0.0,0.0,COMPLETED
ADM-2026-01619,Rahul Choudhury,10th Grade,A,18000.0,5280.66,12719.34,250.0,DEFAULT_AGED
ADM-2026-01620,Rohan Joshi,10th Grade,D,18000.0,18000.0,0.0,0.0,COMPLETED
ADM-2026-01621,Pari Mehta,11th Grade,D,22000.0,3840.01,18159.99,1000.0,DEFAULT_AGED
ADM-2026-01622,Reyansh Choudhury,11th Grade,D,12000.0,12000.0,0.0,0.0,COMPLETED
ADM-2026-01623,Aditya Reddy,11th Grade,C,18000.0,4385.18,13614.82,250.0,DEFAULT_AGED
ADM-2026-01624,Sneha Mehta,12th Grade,C,12000.0,6028.47,5971.53,0.0,PENDING_DUE
ADM-2026-01625,Pankaj Menon,11th Grade,B,15000.0,15000.0,0.0,0.0,COMPLETED
ADM-2026-01626,Kavita Deshmukh,9th Grade,D,18000.0,18000.0,0.0,0.0,COMPLETED
ADM-2026-01627,Meera Choudhury,12th Grade,A,18000.0,18000.0,0.0,0.0,COMPLETED
ADM-2026-01628,Ananya Iyer,9th Grade,D,22000.0,22000.0,0.0,0.0,COMPLETED
ADM-2026-01629,Aarav Joshi,10th Grade,A,12000.0,12000.0,0.0,0.0,COMPLETED
ADM-2026-01630,Diya Deshmukh,11th Grade,B,15000.0,15000.0,0.0,0.0,COMPLETED
ADM-2026-01631,Ananya Rao,10th Grade,A,22000.0,2280.9,19719.1,500.0,DEFAULT_AGED
ADM-2026-01632,Vivaan Joshi,10th Grade,D,22000.0,22000.0,0.0,0.0,COMPLETED
ADM-2026-01633,Rohan Verma,12th Grade,B,12000.0,12000.0,0.0,0.0,COMPLETED
ADM-2026-01634,Sanya Mehta,10th Grade,A,12000.0,1795.58,10204.42,500.0,DEFAULT_AGED
ADM-2026-01635,Aadhya Iyer,11th Grade,A,18000.0,18000.0,0.0,0.0,COMPLETED
ADM-2026-01636,Rohan Deshmukh,9th Grade,C,18000.0,18000.0,0.0,0.0,COMPLETED
ADM-2026-01637,Anjali Nair,10th Grade,A,18000.0,8352.78,9647.22,0.0,PENDING_DUE
ADM-2026-01638,Aditya Deshmukh,10th Grade,A,15000.0,6918.85,8081.15,0.0,PENDING_DUE
ADM-2026-01639,Karan Sharma,11th Grade,B,15000.0,1415.8,13584.2,1000.0,DEFAULT_AGED
ADM-2026-01640,Ayaan Menon,10th Grade,D,18000.0,637.39,17362.61,1000.0,DEFAULT_AGED
ADM-2026-01641,Arjun Pillai,10th Grade,D,15000.0,15000.0,0.0,0.0,COMPLETED
ADM-2026-01642,Vivaan Singh,12th Grade,A,15000.0,15000.0,0.0,0.0,COMPLETED
ADM-2026-01643,Meera Rao,9th Grade,D,18000.0,8435.66,9564.34,0.0,PENDING_DUE
ADM-2026-01644,Vivaan Deshmukh,10th Grade,C,12000.0,12000.0,0.0,0.0,COMPLETED
ADM-2026-01645,Karan Joshi,9th Grade,C,18000.0,18000.0,0.0,0.0,COMPLETED
ADM-2026-01646,Riya Sen,12th Grade,A,18000.0,4091.19,13908.81,0.0,PENDING_DUE
ADM-2026-01647,Pankaj Iyer,11th Grade,D,22000.0,22000.0,0.0,0.0,COMPLETED
ADM-2026-01648,Pooja Menon,11th Grade,A,18000.0,9855.63,8144.37,0.0,PENDING_DUE
ADM-2026-01649,Riya Reddy,10th Grade,B,12000.0,2540.52,9459.48,500.0,DEFAULT_AGED
ADM-2026-01650,Meera Malhotra,9th Grade,C,18000.0,4541.37,13458.63,500.0,DEFAULT_AGED
ADM-2026-01651,Vikas Pillai,9th Grade,B,15000.0,15000.0,0.0,0.0,COMPLETED
ADM-2026-01652,Anjali Das,12th Grade,D,22000.0,22000.0,0.0,0.0,COMPLETED
ADM-2026-01653,Rahul Patel,10th Grade,D,22000.0,168.89,21831.11,500.0,DEFAULT_AGED
ADM-2026-01654,Aditya Pillai,10th Grade,C,15000.0,15000.0,0.0,0.0,COMPLETED
ADM-2026-01655,Neha Rao,12th Grade,D,18000.0,9601.89,8398.11,0.0,PENDING_DUE
ADM-2026-01656,Pankaj Sharma,11th Grade,B,22000.0,1835.86,20164.14,500.0,DEFAULT_AGED
ADM-2026-01657,Riya Rao,12th Grade,B,18000.0,11787.27,6212.73,0.0,PENDING_DUE
ADM-2026-01658,Vivaan Joshi,12th Grade,D,12000.0,7592.21,4407.79,0.0,PENDING_DUE
ADM-2026-01659,Anjali Deshmukh,10th Grade,D,15000.0,15000.0,0.0,0.0,COMPLETED
ADM-2026-01660,Reyansh Das,9th Grade,C,18000.0,7068.17,10931.83,0.0,PENDING_DUE
ADM-2026-01661,Riya Iyer,12th Grade,B,22000.0,22000.0,0.0,0.0,COMPLETED
ADM-2026-01662,Rohan Sharma,9th Grade,B,22000.0,7624.28,14375.72,0.0,PENDING_DUE
ADM-2026-01663,Priya Reddy,12th Grade,D,18000.0,548.59,17451.41,1000.0,DEFAULT_AGED
ADM-2026-01664,Sanya Gupta,11th Grade,D,18000.0,1687.59,16312.41,250.0,DEFAULT_AGED
ADM-2026-01665,Ishaan Joshi,11th Grade,D,18000.0,11172.16,6827.84,0.0,PENDING_DUE
ADM-2026-01666,Amit Gupta,12th Grade,A,12000.0,12000.0,0.0,0.0,COMPLETED
ADM-2026-01667,Riya Singh,12th Grade,A,12000.0,7886.41,4113.59,0.0,PENDING_DUE
ADM-2026-01668,Vihaan Choudhury,12th Grade,B,18000.0,4926.49,13073.51,0.0,PENDING_DUE
ADM-2026-01669,Riya Bose,9th Grade,D,22000.0,9830.92,12169.08,0.0,PENDING_DUE
ADM-2026-01670,Krishna Joshi,12th Grade,C,12000.0,12000.0,0.0,0.0,COMPLETED
ADM-2026-01671,Meera Mehta,9th Grade,C,15000.0,15000.0,0.0,0.0,COMPLETED
ADM-2026-01672,Priya Patel,9th Grade,A,12000.0,3995.61,8004.39,0.0,PENDING_DUE
ADM-2026-01673,Reyansh Bose,9th Grade,C,18000.0,3882.21,14117.79,0.0,PENDING_DUE
ADM-2026-01674,Meera Nair,12th Grade,C,15000.0,3137.01,11862.99,0.0,PENDING_DUE
ADM-2026-01675,Kavita Verma,12th Grade,B,15000.0,10179.43,4820.57,0.0,PENDING_DUE
ADM-2026-01676,Rahul Nair,10th Grade,A,12000.0,1341.33,10658.67,500.0,DEFAULT_AGED
ADM-2026-01677,Aditya Choudhury,12th Grade,D,12000.0,12000.0,0.0,0.0,COMPLETED
ADM-2026-01678,Krishna Rao,11th Grade,B,22000.0,7758.71,14241.29,0.0,PENDING_DUE
ADM-2026-01679,Aadhya Kumar,10th Grade,B,22000.0,22000.0,0.0,0.0,COMPLETED
ADM-2026-01680,Meera Sharma,9th Grade,C,12000.0,12000.0,0.0,0.0,COMPLETED
ADM-2026-01681,Amit Deshmukh,10th Grade,D,15000.0,15000.0,0.0,0.0,COMPLETED
ADM-2026-01682,Sai Sharma,9th Grade,B,12000.0,6262.42,5737.58,0.0,PENDING_DUE
ADM-2026-01683,Meera Deshmukh,9th Grade,B,18000.0,4744.83,13255.17,1000.0,DEFAULT_AGED
ADM-2026-01684,Aditya Bose,10th Grade,C,15000.0,15000.0,0.0,0.0,COMPLETED
ADM-2026-01685,Sanya Rao,10th Grade,A,18000.0,7474.38,10525.62,0.0,PENDING_DUE
ADM-2026-01686,Vivaan Nair,11th Grade,C,22000.0,740.02,21259.98,1000.0,DEFAULT_AGED
ADM-2026-01687,Karan Joshi,12th Grade,A,22000.0,10413.07,11586.93,0.0,PENDING_DUE
ADM-2026-01688,Sanya Rao,9th Grade,D,22000.0,22000.0,0.0,0.0,COMPLETED
ADM-2026-01689,Meera Reddy,9th Grade,D,15000.0,15000.0,0.0,0.0,COMPLETED
ADM-2026-01690,Reyansh Sharma,9th Grade,D,18000.0,18000.0,0.0,0.0,COMPLETED
ADM-2026-01691,Ayaan Joshi,12th Grade,D,18000.0,5194.99,12805.01,500.0,DEFAULT_AGED
ADM-2026-01692,Vihaan Joshi,12th Grade,A,22000.0,22000.0,0.0,0.0,COMPLETED
ADM-2026-01693,Diya Singh,9th Grade,D,22000.0,22000.0,0.0,0.0,COMPLETED
ADM-2026-01694,Vihaan Pillai,12th Grade,B,15000.0,4287.46,10712.54,0.0,PENDING_DUE
ADM-2026-01695,Aditya Joshi,12th Grade,A,18000.0,18000.0,0.0,0.0,COMPLETED
ADM-2026-01696,Pankaj Das,11th Grade,A,18000.0,18000.0,0.0,0.0,COMPLETED
ADM-2026-01697,Diya Patel,10th Grade,A,15000.0,930.63,14069.37,1000.0,DEFAULT_AGED
ADM-2026-01698,Ishaan Bose,9th Grade,C,15000.0,9473.41,5526.59,0.0,PENDING_DUE
ADM-2026-01699,Vikas Rao,11th Grade,C,18000.0,4073.06,13926.94,500.0,DEFAULT_AGED
ADM-2026-01700,Aarav Pillai,11th Grade,A,12000.0,6006.56,5993.44,0.0,PENDING_DUE
ADM-2026-01701,Aadhya Rao,12th Grade,D,22000.0,22000.0,0.0,0.0,COMPLETED
ADM-2026-01702,Vikas Deshmukh,9th Grade,D,18000.0,4137.15,13862.85,0.0,PENDING_DUE
ADM-2026-01703,Pooja Rao,12th Grade,A,18000.0,18000.0,0.0,0.0,COMPLETED
ADM-2026-01704,Rohan Gupta,12th Grade,C,15000.0,5746.69,9253.31,0.0,PENDING_DUE
ADM-2026-01705,Ayaan Malhotra,9th Grade,D,15000.0,15000.0,0.0,0.0,COMPLETED
ADM-2026-01706,Ananya Reddy,9th Grade,C,12000.0,4768.02,7231.98,0.0,PENDING_DUE
ADM-2026-01707,Vivaan Sen,10th Grade,B,18000.0,7289.91,10710.09,0.0,PENDING_DUE
ADM-2026-01708,Vivaan Gupta,12th Grade,D,12000.0,12000.0,0.0,0.0,COMPLETED
ADM-2026-01709,Priya Das,12th Grade,B,18000.0,18000.0,0.0,0.0,COMPLETED
ADM-2026-01710,Pankaj Malhotra,10th Grade,B,15000.0,15000.0,0.0,0.0,COMPLETED
ADM-2026-01711,Ishaan Pillai,11th Grade,A,12000.0,12000.0,0.0,0.0,COMPLETED
ADM-2026-01712,Riya Das,12th Grade,C,15000.0,1216.02,13783.98,1000.0,DEFAULT_AGED
ADM-2026-01713,Vikas Deshmukh,12th Grade,A,12000.0,12000.0,0.0,0.0,COMPLETED
ADM-2026-01714,Riya Pillai,9th Grade,D,15000.0,10078.24,4921.76,0.0,PENDING_DUE
ADM-2026-01715,Rohan Sharma,9th Grade,C,15000.0,15000.0,0.0,0.0,COMPLETED
ADM-2026-01716,Aadhya Gupta,9th Grade,D,22000.0,22000.0,0.0,0.0,COMPLETED
ADM-2026-01717,Pankaj Verma,12th Grade,A,18000.0,1748.61,16251.39,1000.0,DEFAULT_AGED
ADM-2026-01718,Ayaan Gupta,12th Grade,A,15000.0,15000.0,0.0,0.0,COMPLETED
ADM-2026-01719,Diya Rao,11th Grade,D,22000.0,22000.0,0.0,0.0,COMPLETED
ADM-2026-01720,Meera Malhotra,9th Grade,A,15000.0,15000.0,0.0,0.0,COMPLETED
ADM-2026-01721,Karan Joshi,9th Grade,B,22000.0,22000.0,0.0,0.0,COMPLETED
ADM-2026-01722,Sai Bose,9th Grade,A,22000.0,22000.0,0.0,0.0,COMPLETED
ADM-2026-01723,Pari Iyer,12th Grade,B,18000.0,18000.0,0.0,0.0,COMPLETED
ADM-2026-01724,Krishna Menon,11th Grade,A,18000.0,18000.0,0.0,0.0,COMPLETED
ADM-2026-01725,Krishna Joshi,12th Grade,D,18000.0,18000.0,0.0,0.0,COMPLETED
ADM-2026-01726,Sneha Bose,9th Grade,B,18000.0,12477.9,5522.1,0.0,PENDING_DUE
ADM-2026-01727,Riya Joshi,9th Grade,B,12000.0,5656.08,6343.92,0.0,PENDING_DUE
ADM-2026-01728,Rahul Das,9th Grade,C,18000.0,18000.0,0.0,0.0,COMPLETED
ADM-2026-01729,Vikas Bose,10th Grade,A,15000.0,15000.0,0.0,0.0,COMPLETED
ADM-2026-01730,Aadhya Pillai,9th Grade,A,18000.0,9911.81,8088.19,0.0,PENDING_DUE
ADM-2026-01731,Diya Verma,9th Grade,A,15000.0,15000.0,0.0,0.0,COMPLETED
ADM-2026-01732,Vivaan Singh,10th Grade,B,22000.0,22000.0,0.0,0.0,COMPLETED
ADM-2026-01733,Neha Pillai,9th Grade,A,15000.0,5802.57,9197.43,0.0,PENDING_DUE
ADM-2026-01734,Meera Iyer,11th Grade,B,15000.0,15000.0,0.0,0.0,COMPLETED
ADM-2026-01735,Pari Menon,11th Grade,D,22000.0,22000.0,0.0,0.0,COMPLETED
ADM-2026-01736,Vivaan Sen,10th Grade,C,15000.0,4243.27,10756.73,0.0,PENDING_DUE
ADM-2026-01737,Ishaan Verma,10th Grade,D,22000.0,22000.0,0.0,0.0,COMPLETED
ADM-2026-01738,Reyansh Iyer,10th Grade,D,15000.0,15000.0,0.0,0.0,COMPLETED
ADM-2026-01739,Pari Patel,12th Grade,A,22000.0,22000.0,0.0,0.0,COMPLETED
ADM-2026-01740,Vikas Choudhury,11th Grade,B,22000.0,22000.0,0.0,0.0,COMPLETED
ADM-2026-01741,Diya Sharma,11th Grade,C,15000.0,15000.0,0.0,0.0,COMPLETED
ADM-2026-01742,Kavita Verma,11th Grade,D,18000.0,18000.0,0.0,0.0,COMPLETED
ADM-2026-01743,Krishna Sen,11th Grade,D,22000.0,22000.0,0.0,0.0,COMPLETED
ADM-2026-01744,Reyansh Nair,9th Grade,C,18000.0,5263.14,12736.86,0.0,PENDING_DUE
ADM-2026-01745,Pari Pillai,12th Grade,D,15000.0,6419.72,8580.28,0.0,PENDING_DUE
ADM-2026-01746,Krishna Pillai,10th Grade,B,12000.0,4928.9,7071.1,0.0,PENDING_DUE
ADM-2026-01747,Ishaan Mehta,11th Grade,B,15000.0,3219.4,11780.6,0.0,PENDING_DUE
ADM-2026-01748,Pooja Iyer,11th Grade,D,12000.0,12000.0,0.0,0.0,COMPLETED
ADM-2026-01749,Rahul Choudhury,11th Grade,C,22000.0,6133.48,15866.52,0.0,PENDING_DUE
ADM-2026-01750,Reyansh Choudhury,11th Grade,B,15000.0,3279.4,11720.6,0.0,PENDING_DUE
ADM-2026-01751,Anjali Mehta,10th Grade,B,18000.0,11806.48,6193.52,0.0,PENDING_DUE
ADM-2026-01752,Rohan Choudhury,10th Grade,D,22000.0,22000.0,0.0,0.0,COMPLETED
ADM-2026-01753,Rahul Nair,10th Grade,A,22000.0,22000.0,0.0,0.0,COMPLETED
ADM-2026-01754,Meera Nair,12th Grade,A,18000.0,4346.25,13653.75,500.0,DEFAULT_AGED
ADM-2026-01755,Rohan Reddy,11th Grade,C,12000.0,12000.0,0.0,0.0,COMPLETED
ADM-2026-01756,Pooja Menon,11th Grade,D,15000.0,15000.0,0.0,0.0,COMPLETED
ADM-2026-01757,Pooja Choudhury,9th Grade,A,15000.0,8435.24,6564.76,0.0,PENDING_DUE
ADM-2026-01758,Aadhya Mehta,10th Grade,D,15000.0,831.83,14168.17,500.0,DEFAULT_AGED
ADM-2026-01759,Pari Sen,12th Grade,C,15000.0,6484.13,8515.87,0.0,PENDING_DUE
ADM-2026-01760,Rahul Joshi,10th Grade,D,12000.0,12000.0,0.0,0.0,COMPLETED
ADM-2026-01761,Rohan Reddy,10th Grade,D,12000.0,12000.0,0.0,0.0,COMPLETED
ADM-2026-01762,Krishna Sen,10th Grade,B,12000.0,3696.64,8303.36,0.0,PENDING_DUE
ADM-2026-01763,Vikas Das,9th Grade,D,15000.0,15000.0,0.0,0.0,COMPLETED
ADM-2026-01764,Amit Gupta,9th Grade,C,12000.0,12000.0,0.0,0.0,COMPLETED
ADM-2026-01765,Arjun Nair,9th Grade,A,15000.0,15000.0,0.0,0.0,COMPLETED
ADM-2026-01766,Ayaan Rao,12th Grade,C,18000.0,18000.0,0.0,0.0,COMPLETED
ADM-2026-01767,Sai Choudhury,12th Grade,D,12000.0,7382.69,4617.31,0.0,PENDING_DUE
ADM-2026-01768,Reyansh Verma,12th Grade,B,15000.0,15000.0,0.0,0.0,COMPLETED
ADM-2026-01769,Krishna Nair,10th Grade,D,15000.0,3967.84,11032.16,250.0,DEFAULT_AGED
ADM-2026-01770,Meera Nair,12th Grade,A,22000.0,1174.35,20825.65,1000.0,DEFAULT_AGED
ADM-2026-01771,Diya Sen,12th Grade,D,22000.0,11369.27,10630.73,0.0,PENDING_DUE
ADM-2026-01772,Amit Menon,11th Grade,B,18000.0,18000.0,0.0,0.0,COMPLETED
ADM-2026-01773,Sneha Kumar,11th Grade,D,22000.0,22000.0,0.0,0.0,COMPLETED
ADM-2026-01774,Ananya Bose,9th Grade,C,22000.0,22000.0,0.0,0.0,COMPLETED
ADM-2026-01775,Krishna Pillai,11th Grade,D,12000.0,12000.0,0.0,0.0,COMPLETED
ADM-2026-01776,Rahul Das,9th Grade,B,12000.0,12000.0,0.0,0.0,COMPLETED
ADM-2026-01777,Vivaan Menon,11th Grade,A,15000.0,3017.61,11982.39,250.0,DEFAULT_AGED
ADM-2026-01778,Karan Sharma,11th Grade,D,22000.0,5009.51,16990.49,1000.0,DEFAULT_AGED
ADM-2026-01779,Anjali Sen,11th Grade,D,12000.0,6340.51,5659.49,0.0,PENDING_DUE
ADM-2026-01780,Aadhya Singh,12th Grade,C,18000.0,18000.0,0.0,0.0,COMPLETED
ADM-2026-01781,Amit Menon,10th Grade,B,22000.0,22000.0,0.0,0.0,COMPLETED
ADM-2026-01782,Sanya Kumar,12th Grade,C,18000.0,4721.32,13278.68,1000.0,DEFAULT_AGED
ADM-2026-01783,Diya Das,11th Grade,A,15000.0,6120.0,8880.0,0.0,PENDING_DUE
ADM-2026-01784,Reyansh Malhotra,12th Grade,A,22000.0,180.44,21819.56,250.0,DEFAULT_AGED
ADM-2026-01785,Meera Nair,9th Grade,A,22000.0,6266.26,15733.74,0.0,PENDING_DUE
ADM-2026-01786,Rohan Kumar,11th Grade,B,12000.0,5990.5,6009.5,0.0,PENDING_DUE
ADM-2026-01787,Rahul Verma,12th Grade,C,15000.0,15000.0,0.0,0.0,COMPLETED
ADM-2026-01788,Rahul Deshmukh,11th Grade,B,12000.0,12000.0,0.0,0.0,COMPLETED
ADM-2026-01789,Pooja Sharma,9th Grade,D,18000.0,18000.0,0.0,0.0,COMPLETED
ADM-2026-01790,Vikas Pillai,11th Grade,C,15000.0,15000.0,0.0,0.0,COMPLETED
ADM-2026-01791,Krishna Pillai,11th Grade,C,12000.0,7003.05,4996.95,0.0,PENDING_DUE
ADM-2026-01792,Pooja Nair,9th Grade,A,22000.0,13112.44,8887.56,0.0,PENDING_DUE
ADM-2026-01793,Riya Sharma,12th Grade,C,12000.0,5983.91,6016.09,0.0,PENDING_DUE
ADM-2026-01794,Vivaan Bose,12th Grade,B,18000.0,5512.92,12487.08,0.0,PENDING_DUE
ADM-2026-01795,Diya Bose,10th Grade,D,15000.0,15000.0,0.0,0.0,COMPLETED
ADM-2026-01796,Ishaan Menon,12th Grade,D,22000.0,4878.05,17121.95,0.0,PENDING_DUE
ADM-2026-01797,Pari Sen,9th Grade,B,15000.0,9010.74,5989.26,0.0,PENDING_DUE
ADM-2026-01798,Ayaan Malhotra,10th Grade,D,12000.0,12000.0,0.0,0.0,COMPLETED
ADM-2026-01799,Diya Joshi,10th Grade,C,18000.0,18000.0,0.0,0.0,COMPLETED
ADM-2026-01800,Diya Mehta,10th Grade,C,12000.0,12000.0,0.0,0.0,COMPLETED
ADM-2026-01801,Aadhya Rao,10th Grade,A,15000.0,15000.0,0.0,0.0,COMPLETED
ADM-2026-01802,Neha Bose,12th Grade,C,18000.0,18000.0,0.0,0.0,COMPLETED
ADM-2026-01803,Pankaj Choudhury,12th Grade,A,22000.0,10919.38,11080.62,0.0,PENDING_DUE
ADM-2026-01804,Sanya Pillai,9th Grade,A,15000.0,15000.0,0.0,0.0,COMPLETED
ADM-2026-01805,Amit Gupta,12th Grade,A,22000.0,22000.0,0.0,0.0,COMPLETED
ADM-2026-01806,Diya Malhotra,12th Grade,C,15000.0,3486.93,11513.07,0.0,PENDING_DUE
ADM-2026-01807,Aditya Sen,11th Grade,C,22000.0,12974.98,9025.02,0.0,PENDING_DUE
ADM-2026-01808,Pankaj Iyer,10th Grade,C,22000.0,22000.0,0.0,0.0,COMPLETED
ADM-2026-01809,Vihaan Nair,10th Grade,A,12000.0,936.35,11063.65,1000.0,DEFAULT_AGED
ADM-2026-01810,Arjun Verma,12th Grade,C,15000.0,1158.9,13841.1,500.0,DEFAULT_AGED
ADM-2026-01811,Rahul Pillai,12th Grade,A,12000.0,8140.44,3859.56,0.0,PENDING_DUE
ADM-2026-01812,Diya Deshmukh,12th Grade,C,12000.0,5155.57,6844.43,0.0,PENDING_DUE
ADM-2026-01813,Ananya Pillai,11th Grade,B,22000.0,13785.73,8214.27,0.0,PENDING_DUE
ADM-2026-01814,Arjun Nair,12th Grade,C,12000.0,3794.51,8205.49,0.0,PENDING_DUE
ADM-2026-01815,Reyansh Sharma,9th Grade,A,18000.0,10238.17,7761.83,0.0,PENDING_DUE
ADM-2026-01816,Vivaan Deshmukh,10th Grade,B,18000.0,18000.0,0.0,0.0,COMPLETED
ADM-2026-01817,Krishna Patel,10th Grade,C,12000.0,12000.0,0.0,0.0,COMPLETED
ADM-2026-01818,Vivaan Singh,10th Grade,C,15000.0,6661.43,8338.57,0.0,PENDING_DUE
ADM-2026-01819,Aadhya Menon,12th Grade,C,12000.0,12000.0,0.0,0.0,COMPLETED
ADM-2026-01820,Neha Kumar,12th Grade,A,18000.0,18000.0,0.0,0.0,COMPLETED
ADM-2026-01821,Ananya Nair,10th Grade,A,12000.0,12000.0,0.0,0.0,COMPLETED
ADM-2026-01822,Rahul Gupta,11th Grade,C,15000.0,4303.66,10696.34,0.0,PENDING_DUE
ADM-2026-01823,Pankaj Joshi,10th Grade,B,18000.0,3267.16,14732.84,500.0,DEFAULT_AGED
ADM-2026-01824,Karan Rao,10th Grade,D,18000.0,18000.0,0.0,0.0,COMPLETED
ADM-2026-01825,Pooja Mehta,12th Grade,C,12000.0,12000.0,0.0,0.0,COMPLETED
ADM-2026-01826,Vikas Menon,11th Grade,A,18000.0,18000.0,0.0,0.0,COMPLETED
ADM-2026-01827,Pari Reddy,9th Grade,C,12000.0,12000.0,0.0,0.0,COMPLETED
ADM-2026-01828,Aarav Verma,12th Grade,C,22000.0,12712.04,9287.96,0.0,PENDING_DUE
ADM-2026-01829,Meera Kumar,10th Grade,D,18000.0,12536.61,5463.39,0.0,PENDING_DUE
ADM-2026-01830,Reyansh Joshi,12th Grade,D,15000.0,6523.34,8476.66,0.0,PENDING_DUE
ADM-2026-01831,Riya Sen,12th Grade,B,18000.0,18000.0,0.0,0.0,COMPLETED
ADM-2026-01832,Karan Menon,9th Grade,D,18000.0,18000.0,0.0,0.0,COMPLETED
ADM-2026-01833,Sanya Verma,11th Grade,D,22000.0,22000.0,0.0,0.0,COMPLETED
ADM-2026-01834,Vikas Patel,12th Grade,B,18000.0,18000.0,0.0,0.0,COMPLETED
ADM-2026-01835,Pankaj Sharma,9th Grade,D,22000.0,5810.37,16189.63,250.0,DEFAULT_AGED
ADM-2026-01836,Kavita Singh,10th Grade,A,22000.0,22000.0,0.0,0.0,COMPLETED
ADM-2026-01837,Aditya Choudhury,10th Grade,D,22000.0,22000.0,0.0,0.0,COMPLETED
ADM-2026-01838,Pooja Sen,9th Grade,A,15000.0,10108.98,4891.02,0.0,PENDING_DUE
ADM-2026-01839,Diya Bose,11th Grade,B,22000.0,2112.3,19887.7,1000.0,DEFAULT_AGED
ADM-2026-01840,Vivaan Pillai,11th Grade,D,12000.0,6661.89,5338.11,0.0,PENDING_DUE
ADM-2026-01841,Diya Joshi,12th Grade,A,15000.0,10481.13,4518.87,0.0,PENDING_DUE
ADM-2026-01842,Krishna Reddy,9th Grade,C,22000.0,9109.1,12890.9,0.0,PENDING_DUE
ADM-2026-01843,Pari Reddy,10th Grade,D,18000.0,18000.0,0.0,0.0,COMPLETED
ADM-2026-01844,Karan Choudhury,11th Grade,C,12000.0,7375.92,4624.08,0.0,PENDING_DUE
ADM-2026-01845,Ananya Verma,11th Grade,A,22000.0,22000.0,0.0,0.0,COMPLETED
ADM-2026-01846,Krishna Deshmukh,11th Grade,B,15000.0,15000.0,0.0,0.0,COMPLETED
ADM-2026-01847,Vihaan Kumar,9th Grade,B,18000.0,18000.0,0.0,0.0,COMPLETED
ADM-2026-01848,Riya Nair,9th Grade,A,15000.0,8363.55,6636.45,0.0,PENDING_DUE
ADM-2026-01849,Neha Das,10th Grade,A,15000.0,5700.13,9299.87,0.0,PENDING_DUE
ADM-2026-01850,Reyansh Sharma,9th Grade,B,18000.0,18000.0,0.0,0.0,COMPLETED
ADM-2026-01851,Neha Reddy,12th Grade,A,12000.0,4652.01,7347.99,0.0,PENDING_DUE
ADM-2026-01852,Arjun Mehta,12th Grade,C,15000.0,15000.0,0.0,0.0,COMPLETED
ADM-2026-01853,Reyansh Sen,9th Grade,A,22000.0,15178.52,6821.48,0.0,PENDING_DUE
ADM-2026-01854,Vihaan Bose,12th Grade,D,12000.0,5794.82,6205.18,0.0,PENDING_DUE
ADM-2026-01855,Arjun Iyer,12th Grade,B,15000.0,15000.0,0.0,0.0,COMPLETED
ADM-2026-01856,Ayaan Singh,9th Grade,C,15000.0,15000.0,0.0,0.0,COMPLETED
ADM-2026-01857,Diya Pillai,12th Grade,D,18000.0,1621.38,16378.62,1000.0,DEFAULT_AGED
ADM-2026-01858,Amit Das,11th Grade,C,22000.0,7647.93,14352.07,0.0,PENDING_DUE
ADM-2026-01859,Kavita Sen,11th Grade,A,12000.0,2450.8,9549.2,0.0,PENDING_DUE
ADM-2026-01860,Sai Gupta,10th Grade,B,22000.0,22000.0,0.0,0.0,COMPLETED
ADM-2026-01861,Vikas Patel,11th Grade,C,18000.0,9389.42,8610.58,0.0,PENDING_DUE
ADM-2026-01862,Diya Malhotra,12th Grade,B,22000.0,22000.0,0.0,0.0,COMPLETED
ADM-2026-01863,Anjali Pillai,9th Grade,A,22000.0,6150.31,15849.69,250.0,DEFAULT_AGED
ADM-2026-01864,Aadhya Das,9th Grade,A,18000.0,18000.0,0.0,0.0,COMPLETED
ADM-2026-01865,Amit Das,9th Grade,D,12000.0,6491.0,5509.0,0.0,PENDING_DUE
ADM-2026-01866,Aadhya Gupta,9th Grade,B,15000.0,3881.13,11118.87,250.0,DEFAULT_AGED
ADM-2026-01867,Neha Joshi,9th Grade,D,12000.0,12000.0,0.0,0.0,COMPLETED
ADM-2026-01868,Pari Singh,12th Grade,A,12000.0,12000.0,0.0,0.0,COMPLETED
ADM-2026-01869,Sneha Choudhury,11th Grade,A,15000.0,15000.0,0.0,0.0,COMPLETED
ADM-2026-01870,Sanya Gupta,12th Grade,B,22000.0,22000.0,0.0,0.0,COMPLETED
ADM-2026-01871,Diya Joshi,11th Grade,D,18000.0,4696.74,13303.26,0.0,PENDING_DUE
ADM-2026-01872,Vihaan Joshi,12th Grade,C,22000.0,22000.0,0.0,0.0,COMPLETED
ADM-2026-01873,Aditya Menon,10th Grade,B,12000.0,8309.22,3690.78,0.0,PENDING_DUE
ADM-2026-01874,Vivaan Menon,9th Grade,C,12000.0,12000.0,0.0,0.0,COMPLETED
ADM-2026-01875,Anjali Kumar,12th Grade,D,18000.0,9007.83,8992.17,0.0,PENDING_DUE
ADM-2026-01876,Sanya Bose,11th Grade,A,12000.0,3551.41,8448.59,0.0,PENDING_DUE
ADM-2026-01877,Anjali Deshmukh,12th Grade,B,22000.0,1210.52,20789.48,1000.0,DEFAULT_AGED
ADM-2026-01878,Pankaj Menon,9th Grade,B,15000.0,15000.0,0.0,0.0,COMPLETED
ADM-2026-01879,Pari Nair,10th Grade,D,22000.0,22000.0,0.0,0.0,COMPLETED
ADM-2026-01880,Kavita Malhotra,12th Grade,A,22000.0,332.71,21667.29,500.0,DEFAULT_AGED
ADM-2026-01881,Diya Joshi,10th Grade,D,15000.0,10012.08,4987.92,0.0,PENDING_DUE
ADM-2026-01882,Diya Deshmukh,12th Grade,D,22000.0,22000.0,0.0,0.0,COMPLETED
ADM-2026-01883,Diya Sharma,9th Grade,D,12000.0,12000.0,0.0,0.0,COMPLETED
ADM-2026-01884,Ayaan Patel,10th Grade,D,18000.0,419.49,17580.51,250.0,DEFAULT_AGED
ADM-2026-01885,Reyansh Verma,11th Grade,A,12000.0,539.62,11460.38,500.0,DEFAULT_AGED
ADM-2026-01886,Karan Deshmukh,11th Grade,D,12000.0,2543.89,9456.11,0.0,PENDING_DUE
ADM-2026-01887,Sanya Sharma,12th Grade,A,22000.0,4746.08,17253.92,1000.0,DEFAULT_AGED
ADM-2026-01888,Karan Deshmukh,9th Grade,B,22000.0,11285.16,10714.84,0.0,PENDING_DUE
ADM-2026-01889,Aadhya Nair,12th Grade,C,15000.0,1145.85,13854.15,500.0,DEFAULT_AGED
ADM-2026-01890,Aadhya Rao,9th Grade,B,15000.0,15000.0,0.0,0.0,COMPLETED
ADM-2026-01891,Pooja Malhotra,9th Grade,D,12000.0,12000.0,0.0,0.0,COMPLETED
ADM-2026-01892,Diya Singh,11th Grade,D,22000.0,14207.22,7792.78,0.0,PENDING_DUE
ADM-2026-01893,Meera Patel,11th Grade,D,15000.0,15000.0,0.0,0.0,COMPLETED
ADM-2026-01894,Aadhya Patel,12th Grade,A,15000.0,7219.91,7780.09,0.0,PENDING_DUE
ADM-2026-01895,Anjali Nair,12th Grade,B,18000.0,18000.0,0.0,0.0,COMPLETED
ADM-2026-01896,Rahul Menon,9th Grade,B,15000.0,8640.3,6359.7,0.0,PENDING_DUE
ADM-2026-01897,Sanya Das,10th Grade,B,22000.0,22000.0,0.0,0.0,COMPLETED
ADM-2026-01898,Neha Bose,12th Grade,D,18000.0,18000.0,0.0,0.0,COMPLETED
ADM-2026-01899,Aarav Iyer,11th Grade,D,22000.0,12167.08,9832.92,0.0,PENDING_DUE
ADM-2026-01900,Aditya Das,12th Grade,D,15000.0,15000.0,0.0,0.0,COMPLETED
ADM-2026-01901,Ishaan Deshmukh,11th Grade,C,12000.0,12000.0,0.0,0.0,COMPLETED
ADM-2026-01902,Aadhya Singh,11th Grade,C,15000.0,15000.0,0.0,0.0,COMPLETED
ADM-2026-01903,Vihaan Joshi,9th Grade,B,12000.0,2816.24,9183.76,0.0,PENDING_DUE
ADM-2026-01904,Vikas Patel,12th Grade,C,22000.0,12740.74,9259.26,0.0,PENDING_DUE
ADM-2026-01905,Krishna Bose,11th Grade,B,15000.0,5200.05,9799.95,0.0,PENDING_DUE
ADM-2026-01906,Vikas Menon,11th Grade,C,15000.0,15000.0,0.0,0.0,COMPLETED
ADM-2026-01907,Anjali Menon,10th Grade,D,12000.0,2274.79,9725.21,1000.0,DEFAULT_AGED
ADM-2026-01908,Arjun Pillai,11th Grade,D,18000.0,18000.0,0.0,0.0,COMPLETED
ADM-2026-01909,Aadhya Nair,10th Grade,C,15000.0,9812.53,5187.47,0.0,PENDING_DUE
ADM-2026-01910,Pari Singh,10th Grade,B,12000.0,3147.87,8852.13,1000.0,DEFAULT_AGED
ADM-2026-01911,Sai Patel,12th Grade,C,12000.0,12000.0,0.0,0.0,COMPLETED
ADM-2026-01912,Aadhya Verma,10th Grade,C,15000.0,6518.6,8481.4,0.0,PENDING_DUE
ADM-2026-01913,Priya Nair,10th Grade,C,12000.0,3800.55,8199.45,0.0,PENDING_DUE
ADM-2026-01914,Aadhya Joshi,9th Grade,D,15000.0,15000.0,0.0,0.0,COMPLETED
ADM-2026-01915,Pankaj Patel,12th Grade,A,12000.0,12000.0,0.0,0.0,COMPLETED
ADM-2026-01916,Rahul Reddy,11th Grade,B,15000.0,15000.0,0.0,0.0,COMPLETED
ADM-2026-01917,Ishaan Deshmukh,10th Grade,D,22000.0,22000.0,0.0,0.0,COMPLETED
ADM-2026-01918,Reyansh Bose,11th Grade,C,12000.0,2642.68,9357.32,0.0,PENDING_DUE
ADM-2026-01919,Karan Deshmukh,9th Grade,B,12000.0,7236.27,4763.73,0.0,PENDING_DUE
ADM-2026-01920,Ayaan Singh,10th Grade,C,15000.0,15000.0,0.0,0.0,COMPLETED
ADM-2026-01921,Reyansh Malhotra,12th Grade,B,22000.0,22000.0,0.0,0.0,COMPLETED
ADM-2026-01922,Aditya Pillai,9th Grade,D,22000.0,13324.99,8675.01,0.0,PENDING_DUE
ADM-2026-01923,Sanya Reddy,11th Grade,B,18000.0,18000.0,0.0,0.0,COMPLETED
ADM-2026-01924,Karan Kumar,11th Grade,B,22000.0,8850.53,13149.47,0.0,PENDING_DUE
ADM-2026-01925,Reyansh Patel,9th Grade,B,15000.0,15000.0,0.0,0.0,COMPLETED
ADM-2026-01926,Sanya Verma,12th Grade,A,15000.0,9213.29,5786.71,0.0,PENDING_DUE
ADM-2026-01927,Ishaan Das,9th Grade,C,18000.0,18000.0,0.0,0.0,COMPLETED
ADM-2026-01928,Aadhya Joshi,11th Grade,C,15000.0,6143.49,8856.51,0.0,PENDING_DUE
ADM-2026-01929,Reyansh Joshi,11th Grade,B,22000.0,22000.0,0.0,0.0,COMPLETED
ADM-2026-01930,Vihaan Patel,10th Grade,A,18000.0,18000.0,0.0,0.0,COMPLETED
ADM-2026-01931,Pankaj Verma,12th Grade,C,22000.0,22000.0,0.0,0.0,COMPLETED
ADM-2026-01932,Sanya Nair,9th Grade,D,18000.0,18000.0,0.0,0.0,COMPLETED
ADM-2026-01933,Meera Bose,9th Grade,B,12000.0,12000.0,0.0,0.0,COMPLETED
ADM-2026-01934,Riya Patel,10th Grade,C,22000.0,22000.0,0.0,0.0,COMPLETED
ADM-2026-01935,Vikas Das,9th Grade,D,12000.0,12000.0,0.0,0.0,COMPLETED
ADM-2026-01936,Vihaan Verma,9th Grade,A,18000.0,7619.79,10380.21,0.0,PENDING_DUE
ADM-2026-01937,Sneha Gupta,9th Grade,B,18000.0,18000.0,0.0,0.0,COMPLETED
ADM-2026-01938,Vikas Reddy,10th Grade,A,15000.0,10262.56,4737.44,0.0,PENDING_DUE
ADM-2026-01939,Sneha Mehta,10th Grade,D,12000.0,12000.0,0.0,0.0,COMPLETED
ADM-2026-01940,Ananya Das,12th Grade,B,22000.0,6368.87,15631.13,250.0,DEFAULT_AGED
ADM-2026-01941,Sai Sen,10th Grade,D,18000.0,4340.76,13659.24,0.0,PENDING_DUE
ADM-2026-01942,Krishna Patel,10th Grade,B,15000.0,9717.79,5282.21,0.0,PENDING_DUE
ADM-2026-01943,Rahul Mehta,12th Grade,D,15000.0,15000.0,0.0,0.0,COMPLETED
ADM-2026-01944,Ayaan Joshi,9th Grade,A,22000.0,22000.0,0.0,0.0,COMPLETED
ADM-2026-01945,Pooja Deshmukh,10th Grade,D,15000.0,7124.83,7875.17,0.0,PENDING_DUE
ADM-2026-01946,Priya Reddy,11th Grade,C,15000.0,15000.0,0.0,0.0,COMPLETED
ADM-2026-01947,Neha Malhotra,12th Grade,C,15000.0,7994.04,7005.96,0.0,PENDING_DUE
ADM-2026-01948,Sneha Nair,12th Grade,A,18000.0,18000.0,0.0,0.0,COMPLETED
ADM-2026-01949,Priya Nair,12th Grade,A,12000.0,12000.0,0.0,0.0,COMPLETED
ADM-2026-01950,Krishna Rao,11th Grade,B,15000.0,15000.0,0.0,0.0,COMPLETED
ADM-2026-01951,Priya Nair,11th Grade,C,18000.0,18000.0,0.0,0.0,COMPLETED
ADM-2026-01952,Karan Das,11th Grade,A,22000.0,22000.0,0.0,0.0,COMPLETED
ADM-2026-01953,Neha Patel,12th Grade,B,18000.0,6961.22,11038.78,0.0,PENDING_DUE
ADM-2026-01954,Sneha Verma,12th Grade,A,18000.0,18000.0,0.0,0.0,COMPLETED
ADM-2026-01955,Rohan Reddy,12th Grade,A,15000.0,3850.7,11149.3,0.0,PENDING_DUE
ADM-2026-01956,Krishna Singh,12th Grade,B,18000.0,10968.49,7031.51,0.0,PENDING_DUE
ADM-2026-01957,Amit Choudhury,10th Grade,B,15000.0,15000.0,0.0,0.0,COMPLETED
ADM-2026-01958,Riya Bose,12th Grade,C,15000.0,15000.0,0.0,0.0,COMPLETED
ADM-2026-01959,Ananya Iyer,11th Grade,A,22000.0,8904.16,13095.84,0.0,PENDING_DUE
ADM-2026-01960,Diya Pillai,9th Grade,B,18000.0,7990.32,10009.68,0.0,PENDING_DUE
ADM-2026-01961,Meera Iyer,11th Grade,C,12000.0,2583.89,9416.11,0.0,PENDING_DUE
ADM-2026-01962,Pari Menon,12th Grade,D,18000.0,18000.0,0.0,0.0,COMPLETED
ADM-2026-01963,Arjun Choudhury,9th Grade,B,22000.0,14356.0,7644.0,0.0,PENDING_DUE
ADM-2026-01964,Meera Bose,9th Grade,B,18000.0,18000.0,0.0,0.0,COMPLETED
ADM-2026-01965,Kavita Das,11th Grade,B,15000.0,15000.0,0.0,0.0,COMPLETED
ADM-2026-01966,Pari Bose,11th Grade,C,12000.0,5372.21,6627.79,0.0,PENDING_DUE
ADM-2026-01967,Aditya Sen,10th Grade,A,15000.0,15000.0,0.0,0.0,COMPLETED
ADM-2026-01968,Anjali Kumar,12th Grade,B,18000.0,2209.38,15790.62,500.0,DEFAULT_AGED
ADM-2026-01969,Meera Patel,12th Grade,A,22000.0,5059.32,16940.68,0.0,PENDING_DUE
ADM-2026-01970,Pari Deshmukh,10th Grade,B,12000.0,2038.79,9961.21,1000.0,DEFAULT_AGED
ADM-2026-01971,Arjun Choudhury,11th Grade,C,12000.0,12000.0,0.0,0.0,COMPLETED
ADM-2026-01972,Pankaj Menon,9th Grade,D,22000.0,13846.55,8153.45,0.0,PENDING_DUE
ADM-2026-01973,Ishaan Bose,9th Grade,A,12000.0,1662.48,10337.52,500.0,DEFAULT_AGED
ADM-2026-01974,Ananya Mehta,11th Grade,A,22000.0,12798.28,9201.72,0.0,PENDING_DUE
ADM-2026-01975,Diya Iyer,12th Grade,D,18000.0,18000.0,0.0,0.0,COMPLETED
ADM-2026-01976,Pankaj Joshi,10th Grade,A,22000.0,22000.0,0.0,0.0,COMPLETED
ADM-2026-01977,Ananya Sen,11th Grade,A,15000.0,2442.36,12557.64,1000.0,DEFAULT_AGED
ADM-2026-01978,Aadhya Reddy,10th Grade,A,12000.0,6014.52,5985.48,0.0,PENDING_DUE
ADM-2026-01979,Krishna Sharma,10th Grade,A,15000.0,15000.0,0.0,0.0,COMPLETED
ADM-2026-01980,Ishaan Pillai,10th Grade,B,18000.0,18000.0,0.0,0.0,COMPLETED
ADM-2026-01981,Reyansh Joshi,12th Grade,B,12000.0,6951.93,5048.07,0.0,PENDING_DUE
ADM-2026-01982,Rohan Gupta,10th Grade,B,22000.0,8433.78,13566.22,0.0,PENDING_DUE
ADM-2026-01983,Diya Verma,11th Grade,C,15000.0,15000.0,0.0,0.0,COMPLETED
ADM-2026-01984,Diya Patel,9th Grade,B,18000.0,18000.0,0.0,0.0,COMPLETED
ADM-2026-01985,Amit Menon,10th Grade,B,22000.0,22000.0,0.0,0.0,COMPLETED
ADM-2026-01986,Diya Rao,11th Grade,D,15000.0,3164.93,11835.07,0.0,PENDING_DUE
ADM-2026-01987,Ananya Rao,11th Grade,A,18000.0,10495.16,7504.84,0.0,PENDING_DUE
ADM-2026-01988,Vivaan Gupta,11th Grade,B,18000.0,18000.0,0.0,0.0,COMPLETED
ADM-2026-01989,Pooja Patel,12th Grade,C,15000.0,15000.0,0.0,0.0,COMPLETED
ADM-2026-01990,Diya Malhotra,12th Grade,D,18000.0,11593.9,6406.1,0.0,PENDING_DUE
ADM-2026-01991,Neha Joshi,12th Grade,C,18000.0,18000.0,0.0,0.0,COMPLETED
ADM-2026-01992,Pankaj Menon,11th Grade,A,22000.0,1733.93,20266.07,500.0,DEFAULT_AGED
ADM-2026-01993,Riya Nair,10th Grade,A,15000.0,1444.6,13555.4,500.0,DEFAULT_AGED
ADM-2026-01994,Arjun Singh,9th Grade,D,18000.0,12352.78,5647.22,0.0,PENDING_DUE
ADM-2026-01995,Diya Rao,12th Grade,B,15000.0,15000.0,0.0,0.0,COMPLETED
ADM-2026-01996,Sai Malhotra,11th Grade,B,12000.0,4320.97,7679.03,0.0,PENDING_DUE
ADM-2026-01997,Vihaan Patel,12th Grade,B,22000.0,15192.22,6807.78,0.0,PENDING_DUE
ADM-2026-01998,Ayaan Rao,9th Grade,B,18000.0,10582.49,7417.51,0.0,PENDING_DUE
ADM-2026-01999,Diya Reddy,12th Grade,C,22000.0,22000.0,0.0,0.0,COMPLETED
ADM-2026-02000,Diya Pillai,12th Grade,D,18000.0,11047.29,6952.71,0.0,PENDING_DUE
ADM-2026-02001,Sai Sen,11th Grade,A,12000.0,12000.0,0.0,0.0,COMPLETED
ADM-2026-02002,Pooja Reddy,10th Grade,D,22000.0,11873.39,10126.61,0.0,PENDING_DUE
ADM-2026-02003,Vikas Malhotra,10th Grade,A,22000.0,22000.0,0.0,0.0,COMPLETED
ADM-2026-02004,Pooja Das,11th Grade,A,18000.0,8255.29,9744.71,0.0,PENDING_DUE
ADM-2026-02005,Sneha Verma,12th Grade,C,12000.0,4427.49,7572.51,0.0,PENDING_DUE
ADM-2026-02006,Reyansh Reddy,11th Grade,D,18000.0,2136.51,15863.49,500.0,DEFAULT_AGED
ADM-2026-02007,Ayaan Gupta,10th Grade,C,22000.0,22000.0,0.0,0.0,COMPLETED
ADM-2026-02008,Rohan Kumar,9th Grade,A,15000.0,15000.0,0.0,0.0,COMPLETED
ADM-2026-02009,Pooja Joshi,11th Grade,C,18000.0,12477.08,5522.92,0.0,PENDING_DUE
ADM-2026-02010,Amit Reddy,12th Grade,B,15000.0,15000.0,0.0,0.0,COMPLETED
ADM-2026-02011,Kavita Nair,10th Grade,B,12000.0,5214.14,6785.86,0.0,PENDING_DUE
ADM-2026-02012,Vihaan Verma,10th Grade,B,18000.0,18000.0,0.0,0.0,COMPLETED
ADM-2026-02013,Amit Verma,9th Grade,C,15000.0,15000.0,0.0,0.0,COMPLETED
ADM-2026-02014,Diya Rao,9th Grade,C,18000.0,18000.0,0.0,0.0,COMPLETED
ADM-2026-02015,Reyansh Singh,11th Grade,A,22000.0,4519.97,17480.03,500.0,DEFAULT_AGED
ADM-2026-02016,Kavita Verma,10th Grade,D,18000.0,18000.0,0.0,0.0,COMPLETED
ADM-2026-02017,Vikas Pillai,10th Grade,D,12000.0,12000.0,0.0,0.0,COMPLETED
ADM-2026-02018,Pankaj Singh,9th Grade,C,22000.0,11472.78,10527.22,0.0,PENDING_DUE
ADM-2026-02019,Arjun Bose,11th Grade,D,18000.0,18000.0,0.0,0.0,COMPLETED
ADM-2026-02020,Reyansh Reddy,12th Grade,A,12000.0,12000.0,0.0,0.0,COMPLETED
ADM-2026-02021,Aadhya Choudhury,9th Grade,B,12000.0,12000.0,0.0,0.0,COMPLETED
ADM-2026-02022,Riya Sharma,11th Grade,D,18000.0,18000.0,0.0,0.0,COMPLETED
ADM-2026-02023,Meera Joshi,11th Grade,C,18000.0,10551.48,7448.52,0.0,PENDING_DUE
ADM-2026-02024,Sai Sharma,10th Grade,A,12000.0,6778.13,5221.87,0.0,PENDING_DUE
ADM-2026-02025,Sneha Singh,10th Grade,B,22000.0,9716.66,12283.34,0.0,PENDING_DUE
ADM-2026-02026,Ishaan Pillai,9th Grade,C,15000.0,9052.18,5947.82,0.0,PENDING_DUE
ADM-2026-02027,Reyansh Rao,10th Grade,B,22000.0,22000.0,0.0,0.0,COMPLETED
ADM-2026-02028,Ishaan Gupta,9th Grade,B,18000.0,18000.0,0.0,0.0,COMPLETED
ADM-2026-02029,Sai Menon,10th Grade,A,22000.0,14450.25,7549.75,0.0,PENDING_DUE
ADM-2026-02030,Priya Kumar,10th Grade,D,12000.0,3195.28,8804.72,0.0,PENDING_DUE
ADM-2026-02031,Aditya Verma,11th Grade,D,15000.0,7084.94,7915.06,0.0,PENDING_DUE
ADM-2026-02032,Kavita Gupta,9th Grade,D,22000.0,5750.04,16249.96,1000.0,DEFAULT_AGED
ADM-2026-02033,Vivaan Menon,10th Grade,D,18000.0,18000.0,0.0,0.0,COMPLETED
ADM-2026-02034,Neha Das,10th Grade,D,12000.0,2089.73,9910.27,500.0,DEFAULT_AGED
ADM-2026-02035,Priya Gupta,9th Grade,B,15000.0,15000.0,0.0,0.0,COMPLETED
ADM-2026-02036,Sai Malhotra,9th Grade,C,22000.0,22000.0,0.0,0.0,COMPLETED
ADM-2026-02037,Kavita Iyer,9th Grade,B,18000.0,18000.0,0.0,0.0,COMPLETED
ADM-2026-02038,Aadhya Sharma,10th Grade,C,22000.0,22000.0,0.0,0.0,COMPLETED
ADM-2026-02039,Aditya Choudhury,11th Grade,C,15000.0,15000.0,0.0,0.0,COMPLETED
ADM-2026-02040,Ishaan Mehta,9th Grade,D,15000.0,1925.61,13074.39,250.0,DEFAULT_AGED
ADM-2026-02041,Aditya Rao,12th Grade,C,18000.0,18000.0,0.0,0.0,COMPLETED
ADM-2026-02042,Arjun Iyer,10th Grade,B,15000.0,787.93,14212.07,500.0,DEFAULT_AGED
ADM-2026-02043,Karan Deshmukh,9th Grade,A,18000.0,18000.0,0.0,0.0,COMPLETED
ADM-2026-02044,Pooja Das,11th Grade,B,15000.0,15000.0,0.0,0.0,COMPLETED
ADM-2026-02045,Ananya Kumar,9th Grade,D,12000.0,2191.47,9808.53,500.0,DEFAULT_AGED
ADM-2026-02046,Arjun Mehta,9th Grade,B,18000.0,18000.0,0.0,0.0,COMPLETED
ADM-2026-02047,Sneha Choudhury,9th Grade,D,15000.0,3737.08,11262.92,0.0,PENDING_DUE
ADM-2026-02048,Sai Choudhury,9th Grade,B,12000.0,1701.13,10298.87,1000.0,DEFAULT_AGED
ADM-2026-02049,Vihaan Sharma,9th Grade,A,18000.0,1853.62,16146.38,1000.0,DEFAULT_AGED
ADM-2026-02050,Kavita Joshi,9th Grade,B,12000.0,12000.0,0.0,0.0,COMPLETED
ADM-2026-02051,Vikas Iyer,12th Grade,B,12000.0,12000.0,0.0,0.0,COMPLETED
ADM-2026-02052,Riya Choudhury,10th Grade,D,18000.0,540.95,17459.05,500.0,DEFAULT_AGED
ADM-2026-02053,Ishaan Verma,11th Grade,A,15000.0,15000.0,0.0,0.0,COMPLETED
ADM-2026-02054,Riya Iyer,10th Grade,D,12000.0,12000.0,0.0,0.0,COMPLETED
ADM-2026-02055,Krishna Rao,11th Grade,B,22000.0,22000.0,0.0,0.0,COMPLETED
ADM-2026-02056,Rahul Sharma,9th Grade,A,12000.0,12000.0,0.0,0.0,COMPLETED
ADM-2026-02057,Ayaan Gupta,12th Grade,B,22000.0,22000.0,0.0,0.0,COMPLETED
ADM-2026-02058,Pankaj Pillai,10th Grade,C,15000.0,384.36,14615.64,500.0,DEFAULT_AGED
ADM-2026-02059,Vikas Nair,9th Grade,C,12000.0,5040.75,6959.25,0.0,PENDING_DUE
ADM-2026-02060,Rahul Deshmukh,10th Grade,C,22000.0,22000.0,0.0,0.0,COMPLETED
ADM-2026-02061,Reyansh Mehta,11th Grade,C,15000.0,15000.0,0.0,0.0,COMPLETED
ADM-2026-02062,Neha Nair,10th Grade,B,18000.0,10308.63,7691.37,0.0,PENDING_DUE
ADM-2026-02063,Diya Sharma,11th Grade,B,12000.0,5263.71,6736.29,0.0,PENDING_DUE
ADM-2026-02064,Meera Deshmukh,11th Grade,B,12000.0,12000.0,0.0,0.0,COMPLETED
ADM-2026-02065,Reyansh Iyer,10th Grade,D,22000.0,4884.4,17115.6,1000.0,DEFAULT_AGED
ADM-2026-02066,Kavita Mehta,11th Grade,D,18000.0,18000.0,0.0,0.0,COMPLETED
ADM-2026-02067,Sai Joshi,12th Grade,A,12000.0,875.43,11124.57,500.0,DEFAULT_AGED
ADM-2026-02068,Rohan Verma,11th Grade,D,22000.0,22000.0,0.0,0.0,COMPLETED
ADM-2026-02069,Priya Mehta,12th Grade,B,18000.0,18000.0,0.0,0.0,COMPLETED
ADM-2026-02070,Meera Singh,11th Grade,C,15000.0,15000.0,0.0,0.0,COMPLETED
ADM-2026-02071,Neha Choudhury,9th Grade,C,22000.0,22000.0,0.0,0.0,COMPLETED
ADM-2026-02072,Krishna Reddy,12th Grade,D,15000.0,7952.29,7047.71,0.0,PENDING_DUE
ADM-2026-02073,Aadhya Sen,9th Grade,B,15000.0,15000.0,0.0,0.0,COMPLETED
ADM-2026-02074,Karan Gupta,10th Grade,C,15000.0,5318.07,9681.93,0.0,PENDING_DUE
ADM-2026-02075,Sanya Malhotra,11th Grade,D,18000.0,670.61,17329.39,500.0,DEFAULT_AGED
ADM-2026-02076,Meera Menon,9th Grade,A,12000.0,12000.0,0.0,0.0,COMPLETED
ADM-2026-02077,Anjali Rao,10th Grade,D,22000.0,22000.0,0.0,0.0,COMPLETED
ADM-2026-02078,Sanya Nair,12th Grade,A,15000.0,15000.0,0.0,0.0,COMPLETED
ADM-2026-02079,Priya Malhotra,11th Grade,B,12000.0,3622.72,8377.28,0.0,PENDING_DUE
ADM-2026-02080,Diya Choudhury,10th Grade,B,18000.0,18000.0,0.0,0.0,COMPLETED
ADM-2026-02081,Aarav Patel,12th Grade,B,22000.0,6288.1,15711.9,0.0,PENDING_DUE
ADM-2026-02082,Meera Sharma,10th Grade,A,15000.0,4406.98,10593.02,500.0,DEFAULT_AGED
ADM-2026-02083,Sneha Patel,10th Grade,A,12000.0,2411.11,9588.89,250.0,DEFAULT_AGED
ADM-2026-02084,Priya Kumar,10th Grade,C,12000.0,4051.42,7948.58,0.0,PENDING_DUE
ADM-2026-02085,Pooja Deshmukh,10th Grade,C,12000.0,3034.18,8965.82,500.0,DEFAULT_AGED
ADM-2026-02086,Ayaan Nair,10th Grade,A,12000.0,649.61,11350.39,250.0,DEFAULT_AGED
ADM-2026-02087,Vihaan Singh,10th Grade,C,22000.0,22000.0,0.0,0.0,COMPLETED
ADM-2026-02088,Ishaan Singh,11th Grade,B,12000.0,12000.0,0.0,0.0,COMPLETED
ADM-2026-02089,Pooja Bose,9th Grade,D,18000.0,3256.88,14743.12,1000.0,DEFAULT_AGED
ADM-2026-02090,Rahul Verma,11th Grade,D,22000.0,11472.58,10527.42,0.0,PENDING_DUE
ADM-2026-02091,Meera Choudhury,11th Grade,A,12000.0,3094.24,8905.76,0.0,PENDING_DUE
ADM-2026-02092,Neha Sharma,11th Grade,C,15000.0,2151.46,12848.54,500.0,DEFAULT_AGED
ADM-2026-02093,Amit Singh,11th Grade,D,22000.0,22000.0,0.0,0.0,COMPLETED
ADM-2026-02094,Meera Mehta,10th Grade,B,12000.0,12000.0,0.0,0.0,COMPLETED
ADM-2026-02095,Arjun Choudhury,9th Grade,C,18000.0,666.36,17333.64,500.0,DEFAULT_AGED
ADM-2026-02096,Sanya Joshi,9th Grade,A,12000.0,12000.0,0.0,0.0,COMPLETED
ADM-2026-02097,Sai Deshmukh,10th Grade,C,12000.0,12000.0,0.0,0.0,COMPLETED
ADM-2026-02098,Riya Nair,12th Grade,A,22000.0,22000.0,0.0,0.0,COMPLETED
ADM-2026-02099,Sneha Kumar,11th Grade,A,18000.0,6805.38,11194.62,0.0,PENDING_DUE
ADM-2026-02100,Aarav Iyer,11th Grade,B,22000.0,22000.0,0.0,0.0,COMPLETED
ADM-2026-02101,Kavita Reddy,10th Grade,A,18000.0,3654.79,14345.21,250.0,DEFAULT_AGED
ADM-2026-02102,Kavita Joshi,12th Grade,C,22000.0,22000.0,0.0,0.0,COMPLETED
ADM-2026-02103,Riya Pillai,11th Grade,C,12000.0,12000.0,0.0,0.0,COMPLETED
ADM-2026-02104,Pari Kumar,12th Grade,D,15000.0,8390.44,6609.56,0.0,PENDING_DUE
ADM-2026-02105,Riya Rao,12th Grade,D,12000.0,12000.0,0.0,0.0,COMPLETED
ADM-2026-02106,Diya Singh,10th Grade,C,12000.0,2997.25,9002.75,0.0,PENDING_DUE
ADM-2026-02107,Rohan Kumar,10th Grade,C,22000.0,6182.09,15817.91,0.0,PENDING_DUE
ADM-2026-02108,Rohan Iyer,10th Grade,B,22000.0,22000.0,0.0,0.0,COMPLETED
ADM-2026-02109,Anjali Sen,10th Grade,A,12000.0,12000.0,0.0,0.0,COMPLETED
ADM-2026-02110,Rohan Malhotra,10th Grade,C,22000.0,22000.0,0.0,0.0,COMPLETED
ADM-2026-02111,Pari Pillai,12th Grade,D,12000.0,12000.0,0.0,0.0,COMPLETED
ADM-2026-02112,Sneha Pillai,11th Grade,C,15000.0,15000.0,0.0,0.0,COMPLETED
ADM-2026-02113,Ishaan Verma,9th Grade,C,22000.0,9057.88,12942.12,0.0,PENDING_DUE
ADM-2026-02114,Diya Mehta,11th Grade,B,18000.0,18000.0,0.0,0.0,COMPLETED
ADM-2026-02115,Vikas Rao,9th Grade,A,12000.0,2898.31,9101.69,0.0,PENDING_DUE
ADM-2026-02116,Diya Patel,9th Grade,D,15000.0,4739.27,10260.73,0.0,PENDING_DUE
ADM-2026-02117,Pankaj Mehta,9th Grade,C,22000.0,10564.87,11435.13,0.0,PENDING_DUE
ADM-2026-02118,Anjali Patel,12th Grade,C,15000.0,10178.21,4821.79,0.0,PENDING_DUE
ADM-2026-02119,Rohan Menon,9th Grade,C,15000.0,3818.39,11181.61,250.0,DEFAULT_AGED
ADM-2026-02120,Sanya Reddy,12th Grade,D,12000.0,4192.58,7807.42,0.0,PENDING_DUE
ADM-2026-02121,Arjun Nair,11th Grade,A,22000.0,22000.0,0.0,0.0,COMPLETED
ADM-2026-02122,Ishaan Menon,10th Grade,D,18000.0,3927.87,14072.13,0.0,PENDING_DUE
ADM-2026-02123,Karan Iyer,10th Grade,B,22000.0,22000.0,0.0,0.0,COMPLETED
ADM-2026-02124,Ayaan Reddy,9th Grade,A,15000.0,15000.0,0.0,0.0,COMPLETED
ADM-2026-02125,Vihaan Gupta,11th Grade,D,12000.0,8250.05,3749.95,0.0,PENDING_DUE
ADM-2026-02126,Rahul Pillai,11th Grade,B,15000.0,8598.43,6401.57,0.0,PENDING_DUE
ADM-2026-02127,Sneha Nair,9th Grade,C,18000.0,10787.99,7212.01,0.0,PENDING_DUE
ADM-2026-02128,Amit Kumar,12th Grade,C,12000.0,12000.0,0.0,0.0,COMPLETED
ADM-2026-02129,Rahul Bose,9th Grade,C,18000.0,3405.94,14594.06,250.0,DEFAULT_AGED
ADM-2026-02130,Pooja Joshi,10th Grade,C,18000.0,10777.82,7222.18,0.0,PENDING_DUE
ADM-2026-02131,Aditya Patel,12th Grade,D,22000.0,4474.24,17525.76,1000.0,DEFAULT_AGED
ADM-2026-02132,Ananya Sharma,9th Grade,A,18000.0,18000.0,0.0,0.0,COMPLETED
ADM-2026-02133,Ananya Menon,10th Grade,A,18000.0,18000.0,0.0,0.0,COMPLETED
ADM-2026-02134,Vihaan Mehta,9th Grade,D,22000.0,22000.0,0.0,0.0,COMPLETED
ADM-2026-02135,Aditya Sharma,9th Grade,B,18000.0,18000.0,0.0,0.0,COMPLETED
ADM-2026-02136,Vikas Malhotra,11th Grade,A,22000.0,22000.0,0.0,0.0,COMPLETED
ADM-2026-02137,Rahul Menon,9th Grade,A,22000.0,22000.0,0.0,0.0,COMPLETED
ADM-2026-02138,Vivaan Pillai,12th Grade,B,22000.0,22000.0,0.0,0.0,COMPLETED
ADM-2026-02139,Pooja Pillai,10th Grade,C,22000.0,22000.0,0.0,0.0,COMPLETED
ADM-2026-02140,Amit Bose,11th Grade,D,15000.0,2768.35,12231.65,500.0,DEFAULT_AGED
ADM-2026-02141,Sanya Menon,11th Grade,C,18000.0,5818.01,12181.99,0.0,PENDING_DUE
ADM-2026-02142,Diya Sen,12th Grade,D,22000.0,14828.52,7171.48,0.0,PENDING_DUE
ADM-2026-02143,Anjali Reddy,12th Grade,C,18000.0,823.88,17176.12,250.0,DEFAULT_AGED
ADM-2026-02144,Rahul Malhotra,10th Grade,D,18000.0,12595.09,5404.91,0.0,PENDING_DUE
ADM-2026-02145,Rahul Verma,9th Grade,C,15000.0,4017.85,10982.15,250.0,DEFAULT_AGED
ADM-2026-02146,Sanya Reddy,11th Grade,B,12000.0,6863.55,5136.45,0.0,PENDING_DUE
ADM-2026-02147,Vihaan Nair,10th Grade,C,12000.0,12000.0,0.0,0.0,COMPLETED
ADM-2026-02148,Sai Pillai,9th Grade,B,22000.0,22000.0,0.0,0.0,COMPLETED
ADM-2026-02149,Anjali Pillai,10th Grade,B,22000.0,22000.0,0.0,0.0,COMPLETED
ADM-2026-02150,Aadhya Sen,11th Grade,D,22000.0,22000.0,0.0,0.0,COMPLETED
ADM-2026-02151,Meera Singh,10th Grade,C,18000.0,18000.0,0.0,0.0,COMPLETED
ADM-2026-02152,Riya Iyer,12th Grade,D,12000.0,12000.0,0.0,0.0,COMPLETED
ADM-2026-02153,Pankaj Gupta,10th Grade,A,18000.0,10729.98,7270.02,0.0,PENDING_DUE
ADM-2026-02154,Aditya Patel,10th Grade,A,18000.0,5248.57,12751.43,0.0,PENDING_DUE
ADM-2026-02155,Rahul Joshi,12th Grade,B,15000.0,409.39,14590.61,250.0,DEFAULT_AGED
ADM-2026-02156,Anjali Reddy,11th Grade,B,12000.0,4716.96,7283.04,0.0,PENDING_DUE
ADM-2026-02157,Neha Rao,10th Grade,B,15000.0,7630.63,7369.37,0.0,PENDING_DUE
ADM-2026-02158,Ishaan Joshi,12th Grade,B,22000.0,8085.8,13914.2,0.0,PENDING_DUE
ADM-2026-02159,Vivaan Patel,9th Grade,A,12000.0,12000.0,0.0,0.0,COMPLETED
ADM-2026-02160,Karan Reddy,11th Grade,B,22000.0,22000.0,0.0,0.0,COMPLETED
ADM-2026-02161,Vikas Pillai,9th Grade,B,22000.0,22000.0,0.0,0.0,COMPLETED
ADM-2026-02162,Pankaj Patel,9th Grade,A,12000.0,1047.56,10952.44,1000.0,DEFAULT_AGED
ADM-2026-02163,Anjali Iyer,10th Grade,A,22000.0,11860.8,10139.2,0.0,PENDING_DUE
ADM-2026-02164,Diya Das,9th Grade,C,15000.0,15000.0,0.0,0.0,COMPLETED
ADM-2026-02165,Priya Choudhury,12th Grade,B,22000.0,22000.0,0.0,0.0,COMPLETED
ADM-2026-02166,Aditya Rao,11th Grade,D,12000.0,4824.88,7175.12,0.0,PENDING_DUE
ADM-2026-02167,Ananya Kumar,11th Grade,B,22000.0,22000.0,0.0,0.0,COMPLETED
ADM-2026-02168,Diya Singh,11th Grade,C,22000.0,7883.72,14116.28,0.0,PENDING_DUE
ADM-2026-02169,Karan Malhotra,10th Grade,C,15000.0,15000.0,0.0,0.0,COMPLETED
ADM-2026-02170,Vivaan Kumar,9th Grade,B,12000.0,4581.17,7418.83,0.0,PENDING_DUE
ADM-2026-02171,Aadhya Verma,12th Grade,D,22000.0,5303.08,16696.92,0.0,PENDING_DUE
ADM-2026-02172,Rahul Kumar,11th Grade,B,15000.0,4182.01,10817.99,0.0,PENDING_DUE
ADM-2026-02173,Diya Reddy,9th Grade,D,22000.0,2528.25,19471.75,500.0,DEFAULT_AGED
ADM-2026-02174,Ishaan Patel,10th Grade,C,22000.0,5972.67,16027.33,0.0,PENDING_DUE
ADM-2026-02175,Riya Reddy,10th Grade,A,12000.0,212.24,11787.76,1000.0,DEFAULT_AGED
ADM-2026-02176,Kavita Iyer,11th Grade,B,15000.0,15000.0,0.0,0.0,COMPLETED
ADM-2026-02177,Priya Rao,10th Grade,B,15000.0,15000.0,0.0,0.0,COMPLETED
ADM-2026-02178,Pankaj Malhotra,9th Grade,D,22000.0,698.99,21301.01,500.0,DEFAULT_AGED
ADM-2026-02179,Ayaan Sen,11th Grade,A,22000.0,22000.0,0.0,0.0,COMPLETED
ADM-2026-02180,Ananya Patel,10th Grade,A,18000.0,7465.32,10534.68,0.0,PENDING_DUE
ADM-2026-02181,Ishaan Sharma,11th Grade,D,15000.0,3775.03,11224.97,0.0,PENDING_DUE
ADM-2026-02182,Pari Sharma,11th Grade,A,18000.0,18000.0,0.0,0.0,COMPLETED
ADM-2026-02183,Aarav Bose,11th Grade,D,12000.0,4950.67,7049.33,0.0,PENDING_DUE
ADM-2026-02184,Rohan Verma,10th Grade,D,22000.0,22000.0,0.0,0.0,COMPLETED
ADM-2026-02185,Neha Pillai,10th Grade,D,18000.0,408.81,17591.19,500.0,DEFAULT_AGED
ADM-2026-02186,Riya Choudhury,11th Grade,A,15000.0,7699.09,7300.91,0.0,PENDING_DUE
ADM-2026-02187,Rohan Nair,9th Grade,D,22000.0,6477.92,15522.08,500.0,DEFAULT_AGED
ADM-2026-02188,Pooja Pillai,11th Grade,D,18000.0,4966.65,13033.35,1000.0,DEFAULT_AGED
ADM-2026-02189,Pooja Reddy,9th Grade,D,22000.0,9288.3,12711.7,0.0,PENDING_DUE
ADM-2026-02190,Vihaan Menon,12th Grade,A,15000.0,295.68,14704.32,500.0,DEFAULT_AGED
ADM-2026-02191,Rahul Das,9th Grade,C,12000.0,12000.0,0.0,0.0,COMPLETED
ADM-2026-02192,Ayaan Verma,9th Grade,A,15000.0,15000.0,0.0,0.0,COMPLETED
ADM-2026-02193,Amit Sharma,11th Grade,A,15000.0,4222.73,10777.27,500.0,DEFAULT_AGED
ADM-2026-02194,Kavita Rao,9th Grade,D,15000.0,3424.68,11575.32,0.0,PENDING_DUE
ADM-2026-02195,Rohan Kumar,11th Grade,A,15000.0,15000.0,0.0,0.0,COMPLETED
ADM-2026-02196,Rahul Sen,12th Grade,D,18000.0,18000.0,0.0,0.0,COMPLETED
ADM-2026-02197,Aditya Bose,12th Grade,D,15000.0,3642.73,11357.27,0.0,PENDING_DUE
ADM-2026-02198,Amit Singh,12th Grade,D,12000.0,12000.0,0.0,0.0,COMPLETED
ADM-2026-02199,Aadhya Gupta,12th Grade,C,12000.0,12000.0,0.0,0.0,COMPLETED
ADM-2026-02200,Vivaan Kumar,9th Grade,C,15000.0,1108.02,13891.98,500.0,DEFAULT_AGED
ADM-2026-02201,Krishna Rao,9th Grade,A,12000.0,12000.0,0.0,0.0,COMPLETED
ADM-2026-02202,Amit Sharma,12th Grade,B,22000.0,22000.0,0.0,0.0,COMPLETED
ADM-2026-02203,Pankaj Mehta,9th Grade,D,22000.0,5578.31,16421.69,0.0,PENDING_DUE
ADM-2026-02204,Rahul Gupta,12th Grade,D,12000.0,12000.0,0.0,0.0,COMPLETED
ADM-2026-02205,Pankaj Das,12th Grade,A,15000.0,2004.83,12995.17,1000.0,DEFAULT_AGED
ADM-2026-02206,Ishaan Kumar,11th Grade,B,18000.0,18000.0,0.0,0.0,COMPLETED
ADM-2026-02207,Kavita Sen,10th Grade,B,12000.0,12000.0,0.0,0.0,COMPLETED
ADM-2026-02208,Vihaan Reddy,12th Grade,B,15000.0,5411.06,9588.94,0.0,PENDING_DUE
ADM-2026-02209,Ananya Malhotra,11th Grade,C,18000.0,18000.0,0.0,0.0,COMPLETED
ADM-2026-02210,Rahul Iyer,11th Grade,D,12000.0,12000.0,0.0,0.0,COMPLETED
ADM-2026-02211,Neha Kumar,10th Grade,D,12000.0,8317.41,3682.59,0.0,PENDING_DUE
ADM-2026-02212,Sneha Patel,9th Grade,A,18000.0,8386.56,9613.44,0.0,PENDING_DUE
ADM-2026-02213,Reyansh Sharma,12th Grade,A,18000.0,2799.35,15200.65,500.0,DEFAULT_AGED
ADM-2026-02214,Rahul Mehta,9th Grade,A,22000.0,2422.08,19577.92,500.0,DEFAULT_AGED
ADM-2026-02215,Sai Patel,9th Grade,B,12000.0,12000.0,0.0,0.0,COMPLETED
ADM-2026-02216,Pari Pillai,10th Grade,D,12000.0,4172.05,7827.95,0.0,PENDING_DUE
ADM-2026-02217,Reyansh Deshmukh,12th Grade,A,22000.0,7297.85,14702.15,0.0,PENDING_DUE
ADM-2026-02218,Aditya Reddy,12th Grade,A,15000.0,3158.83,11841.17,0.0,PENDING_DUE
ADM-2026-02219,Neha Singh,10th Grade,A,22000.0,1317.84,20682.16,250.0,DEFAULT_AGED
ADM-2026-02220,Anjali Menon,11th Grade,D,12000.0,12000.0,0.0,0.0,COMPLETED
ADM-2026-02221,Sai Iyer,12th Grade,C,22000.0,4473.41,17526.59,500.0,DEFAULT_AGED
ADM-2026-02222,Arjun Malhotra,10th Grade,A,12000.0,12000.0,0.0,0.0,COMPLETED
ADM-2026-02223,Arjun Gupta,10th Grade,A,12000.0,12000.0,0.0,0.0,COMPLETED
ADM-2026-02224,Pari Rao,10th Grade,A,22000.0,9394.98,12605.02,0.0,PENDING_DUE
ADM-2026-02225,Kavita Joshi,12th Grade,D,18000.0,11331.04,6668.96,0.0,PENDING_DUE
ADM-2026-02226,Pankaj Bose,10th Grade,B,15000.0,15000.0,0.0,0.0,COMPLETED
ADM-2026-02227,Neha Verma,12th Grade,A,18000.0,897.28,17102.72,250.0,DEFAULT_AGED
ADM-2026-02228,Pankaj Patel,12th Grade,A,22000.0,11168.27,10831.73,0.0,PENDING_DUE
ADM-2026-02229,Aarav Verma,9th Grade,D,12000.0,12000.0,0.0,0.0,COMPLETED
ADM-2026-02230,Priya Malhotra,11th Grade,A,15000.0,15000.0,0.0,0.0,COMPLETED
ADM-2026-02231,Diya Sen,12th Grade,D,22000.0,4875.44,17124.56,0.0,PENDING_DUE
ADM-2026-02232,Neha Rao,10th Grade,A,22000.0,9222.93,12777.07,0.0,PENDING_DUE
ADM-2026-02233,Krishna Gupta,11th Grade,A,22000.0,22000.0,0.0,0.0,COMPLETED
ADM-2026-02234,Aditya Sharma,12th Grade,A,15000.0,15000.0,0.0,0.0,COMPLETED
ADM-2026-02235,Vivaan Nair,11th Grade,D,12000.0,12000.0,0.0,0.0,COMPLETED
ADM-2026-02236,Aarav Menon,9th Grade,B,18000.0,18000.0,0.0,0.0,COMPLETED
ADM-2026-02237,Sneha Bose,12th Grade,C,12000.0,12000.0,0.0,0.0,COMPLETED
ADM-2026-02238,Rohan Choudhury,12th Grade,B,22000.0,2364.98,19635.02,250.0,DEFAULT_AGED
ADM-2026-02239,Vikas Nair,12th Grade,C,12000.0,12000.0,0.0,0.0,COMPLETED
ADM-2026-02240,Amit Bose,12th Grade,C,22000.0,4828.65,17171.35,0.0,PENDING_DUE
ADM-2026-02241,Vivaan Sharma,10th Grade,D,22000.0,10312.72,11687.28,0.0,PENDING_DUE
ADM-2026-02242,Sai Sen,12th Grade,C,12000.0,12000.0,0.0,0.0,COMPLETED
ADM-2026-02243,Meera Verma,10th Grade,A,12000.0,2854.89,9145.11,0.0,PENDING_DUE
ADM-2026-02244,Reyansh Gupta,9th Grade,B,22000.0,22000.0,0.0,0.0,COMPLETED
ADM-2026-02245,Kavita Gupta,12th Grade,D,15000.0,6254.74,8745.26,0.0,PENDING_DUE
ADM-2026-02246,Vihaan Deshmukh,12th Grade,B,18000.0,10445.73,7554.27,0.0,PENDING_DUE
ADM-2026-02247,Diya Kumar,9th Grade,C,18000.0,18000.0,0.0,0.0,COMPLETED
ADM-2026-02248,Sneha Pillai,10th Grade,C,15000.0,3398.39,11601.61,0.0,PENDING_DUE
ADM-2026-02249,Aarav Choudhury,10th Grade,A,12000.0,12000.0,0.0,0.0,COMPLETED
ADM-2026-02250,Rohan Kumar,12th Grade,A,22000.0,22000.0,0.0,0.0,COMPLETED
ADM-2026-02251,Amit Reddy,12th Grade,C,22000.0,22000.0,0.0,0.0,COMPLETED
ADM-2026-02252,Kavita Deshmukh,12th Grade,B,15000.0,7920.86,7079.14,0.0,PENDING_DUE
ADM-2026-02253,Ananya Deshmukh,9th Grade,B,15000.0,8146.34,6853.66,0.0,PENDING_DUE
ADM-2026-02254,Rohan Iyer,10th Grade,B,18000.0,2398.81,15601.19,1000.0,DEFAULT_AGED
ADM-2026-02255,Anjali Sharma,11th Grade,D,18000.0,18000.0,0.0,0.0,COMPLETED
ADM-2026-02256,Kavita Bose,10th Grade,B,18000.0,8302.02,9697.98,0.0,PENDING_DUE
ADM-2026-02257,Riya Singh,10th Grade,A,15000.0,7261.58,7738.42,0.0,PENDING_DUE
ADM-2026-02258,Vivaan Rao,9th Grade,D,22000.0,11824.82,10175.18,0.0,PENDING_DUE
ADM-2026-02259,Vivaan Reddy,10th Grade,C,15000.0,15000.0,0.0,0.0,COMPLETED
ADM-2026-02260,Rahul Singh,11th Grade,B,18000.0,18000.0,0.0,0.0,COMPLETED
ADM-2026-02261,Sneha Patel,9th Grade,B,22000.0,6509.5,15490.5,0.0,PENDING_DUE
ADM-2026-02262,Aadhya Malhotra,11th Grade,C,15000.0,4367.16,10632.84,0.0,PENDING_DUE
ADM-2026-02263,Diya Sen,9th Grade,A,15000.0,15000.0,0.0,0.0,COMPLETED
ADM-2026-02264,Pari Das,10th Grade,D,18000.0,8403.99,9596.01,0.0,PENDING_DUE
ADM-2026-02265,Vihaan Reddy,11th Grade,A,18000.0,18000.0,0.0,0.0,COMPLETED
ADM-2026-02266,Pankaj Das,10th Grade,D,15000.0,15000.0,0.0,0.0,COMPLETED
ADM-2026-02267,Arjun Malhotra,10th Grade,D,12000.0,7485.38,4514.62,0.0,PENDING_DUE
ADM-2026-02268,Priya Mehta,10th Grade,A,22000.0,928.65,21071.35,1000.0,DEFAULT_AGED
ADM-2026-02269,Neha Patel,9th Grade,A,22000.0,22000.0,0.0,0.0,COMPLETED
ADM-2026-02270,Ayaan Iyer,9th Grade,C,15000.0,15000.0,0.0,0.0,COMPLETED
ADM-2026-02271,Rohan Deshmukh,12th Grade,B,22000.0,6115.87,15884.13,0.0,PENDING_DUE
ADM-2026-02272,Aadhya Malhotra,10th Grade,A,22000.0,22000.0,0.0,0.0,COMPLETED
ADM-2026-02273,Rohan Iyer,10th Grade,B,15000.0,15000.0,0.0,0.0,COMPLETED
ADM-2026-02274,Arjun Kumar,12th Grade,D,15000.0,2542.19,12457.81,250.0,DEFAULT_AGED
ADM-2026-02275,Sanya Menon,10th Grade,C,22000.0,7203.84,14796.16,0.0,PENDING_DUE
ADM-2026-02276,Priya Deshmukh,10th Grade,B,15000.0,3933.69,11066.31,0.0,PENDING_DUE
ADM-2026-02277,Aditya Sharma,12th Grade,B,15000.0,2077.3,12922.7,1000.0,DEFAULT_AGED
ADM-2026-02278,Vikas Deshmukh,12th Grade,B,22000.0,22000.0,0.0,0.0,COMPLETED
ADM-2026-02279,Vihaan Menon,11th Grade,B,22000.0,5641.84,16358.16,0.0,PENDING_DUE
ADM-2026-02280,Pari Gupta,9th Grade,B,22000.0,22000.0,0.0,0.0,COMPLETED
ADM-2026-02281,Priya Sharma,10th Grade,C,12000.0,12000.0,0.0,0.0,COMPLETED
ADM-2026-02282,Amit Sharma,10th Grade,D,12000.0,5668.1,6331.9,0.0,PENDING_DUE
ADM-2026-02283,Karan Nair,9th Grade,A,22000.0,22000.0,0.0,0.0,COMPLETED
ADM-2026-02284,Vivaan Verma,11th Grade,A,22000.0,22000.0,0.0,0.0,COMPLETED
ADM-2026-02285,Vihaan Das,9th Grade,A,12000.0,12000.0,0.0,0.0,COMPLETED
ADM-2026-02286,Diya Nair,10th Grade,D,15000.0,15000.0,0.0,0.0,COMPLETED
ADM-2026-02287,Pankaj Rao,9th Grade,B,22000.0,22000.0,0.0,0.0,COMPLETED
ADM-2026-02288,Sai Malhotra,9th Grade,B,15000.0,6336.09,8663.91,0.0,PENDING_DUE
ADM-2026-02289,Pankaj Choudhury,11th Grade,C,22000.0,4862.32,17137.68,250.0,DEFAULT_AGED
ADM-2026-02290,Vikas Malhotra,11th Grade,B,15000.0,15000.0,0.0,0.0,COMPLETED
ADM-2026-02291,Meera Nair,9th Grade,A,18000.0,18000.0,0.0,0.0,COMPLETED
ADM-2026-02292,Sanya Nair,9th Grade,D,12000.0,12000.0,0.0,0.0,COMPLETED
ADM-2026-02293,Ishaan Sharma,9th Grade,A,15000.0,15000.0,0.0,0.0,COMPLETED
ADM-2026-02294,Vikas Joshi,12th Grade,D,22000.0,22000.0,0.0,0.0,COMPLETED
ADM-2026-02295,Aadhya Joshi,9th Grade,D,12000.0,8176.54,3823.46,0.0,PENDING_DUE
ADM-2026-02296,Amit Das,11th Grade,A,22000.0,4010.17,17989.83,250.0,DEFAULT_AGED
ADM-2026-02297,Kavita Reddy,12th Grade,D,18000.0,3676.56,14323.44,0.0,PENDING_DUE
ADM-2026-02298,Amit Nair,9th Grade,B,12000.0,496.39,11503.61,1000.0,DEFAULT_AGED
ADM-2026-02299,Vikas Das,11th Grade,D,12000.0,12000.0,0.0,0.0,COMPLETED
ADM-2026-02300,Riya Sharma,10th Grade,B,15000.0,15000.0,0.0,0.0,COMPLETED
ADM-2026-02301,Rohan Rao,9th Grade,D,22000.0,22000.0,0.0,0.0,COMPLETED
ADM-2026-02302,Sneha Rao,10th Grade,B,15000.0,3690.6,11309.4,500.0,DEFAULT_AGED
ADM-2026-02303,Aarav Rao,9th Grade,A,15000.0,2526.49,12473.51,1000.0,DEFAULT_AGED
ADM-2026-02304,Sanya Patel,9th Grade,B,22000.0,3985.34,18014.66,1000.0,DEFAULT_AGED
ADM-2026-02305,Sanya Singh,12th Grade,A,15000.0,6538.81,8461.19,0.0,PENDING_DUE
ADM-2026-02306,Sanya Menon,9th Grade,A,15000.0,15000.0,0.0,0.0,COMPLETED
ADM-2026-02307,Kavita Das,11th Grade,A,18000.0,18000.0,0.0,0.0,COMPLETED
ADM-2026-02308,Rahul Deshmukh,11th Grade,D,15000.0,15000.0,0.0,0.0,COMPLETED
ADM-2026-02309,Pankaj Das,9th Grade,B,15000.0,5757.58,9242.42,0.0,PENDING_DUE
ADM-2026-02310,Priya Sen,10th Grade,B,22000.0,5038.05,16961.95,0.0,PENDING_DUE
ADM-2026-02311,Riya Pillai,11th Grade,D,18000.0,18000.0,0.0,0.0,COMPLETED
ADM-2026-02312,Aditya Singh,12th Grade,C,22000.0,22000.0,0.0,0.0,COMPLETED
ADM-2026-02313,Sai Patel,10th Grade,C,22000.0,22000.0,0.0,0.0,COMPLETED
ADM-2026-02314,Reyansh Das,12th Grade,D,12000.0,7160.63,4839.37,0.0,PENDING_DUE
ADM-2026-02315,Aarav Malhotra,12th Grade,A,18000.0,18000.0,0.0,0.0,COMPLETED
ADM-2026-02316,Kavita Verma,11th Grade,A,15000.0,15000.0,0.0,0.0,COMPLETED
ADM-2026-02317,Diya Bose,10th Grade,D,18000.0,7145.52,10854.48,0.0,PENDING_DUE
ADM-2026-02318,Anjali Bose,11th Grade,C,22000.0,22000.0,0.0,0.0,COMPLETED
ADM-2026-02319,Karan Mehta,12th Grade,B,18000.0,18000.0,0.0,0.0,COMPLETED
ADM-2026-02320,Riya Menon,9th Grade,D,22000.0,1934.54,20065.46,500.0,DEFAULT_AGED
ADM-2026-02321,Ananya Nair,9th Grade,D,18000.0,4482.92,13517.08,0.0,PENDING_DUE
ADM-2026-02322,Diya Sen,12th Grade,D,22000.0,22000.0,0.0,0.0,COMPLETED
ADM-2026-02323,Vivaan Malhotra,10th Grade,A,18000.0,3067.49,14932.51,500.0,DEFAULT_AGED
ADM-2026-02324,Pari Bose,10th Grade,D,12000.0,12000.0,0.0,0.0,COMPLETED
ADM-2026-02325,Vikas Bose,11th Grade,C,18000.0,7956.67,10043.33,0.0,PENDING_DUE
ADM-2026-02326,Pari Singh,11th Grade,B,15000.0,15000.0,0.0,0.0,COMPLETED
ADM-2026-02327,Amit Verma,12th Grade,A,12000.0,12000.0,0.0,0.0,COMPLETED
ADM-2026-02328,Arjun Gupta,11th Grade,B,22000.0,12564.13,9435.87,0.0,PENDING_DUE
ADM-2026-02329,Pari Nair,11th Grade,D,22000.0,6294.33,15705.67,0.0,PENDING_DUE
ADM-2026-02330,Riya Joshi,9th Grade,B,15000.0,15000.0,0.0,0.0,COMPLETED
ADM-2026-02331,Vikas Kumar,10th Grade,C,18000.0,18000.0,0.0,0.0,COMPLETED
ADM-2026-02332,Krishna Das,9th Grade,B,18000.0,18000.0,0.0,0.0,COMPLETED
ADM-2026-02333,Pari Iyer,9th Grade,D,18000.0,18000.0,0.0,0.0,COMPLETED
ADM-2026-02334,Priya Das,9th Grade,A,18000.0,366.48,17633.52,250.0,DEFAULT_AGED
ADM-2026-02335,Krishna Verma,12th Grade,C,22000.0,22000.0,0.0,0.0,COMPLETED
ADM-2026-02336,Pari Malhotra,11th Grade,A,22000.0,14669.62,7330.38,0.0,PENDING_DUE
ADM-2026-02337,Diya Malhotra,11th Grade,A,12000.0,2730.38,9269.62,0.0,PENDING_DUE
ADM-2026-02338,Krishna Nair,11th Grade,C,18000.0,473.88,17526.12,250.0,DEFAULT_AGED
ADM-2026-02339,Sanya Pillai,9th Grade,B,18000.0,929.47,17070.53,1000.0,DEFAULT_AGED
ADM-2026-02340,Kavita Mehta,9th Grade,B,15000.0,3344.61,11655.39,250.0,DEFAULT_AGED
ADM-2026-02341,Vivaan Patel,12th Grade,C,18000.0,18000.0,0.0,0.0,COMPLETED
ADM-2026-02342,Priya Bose,12th Grade,B,18000.0,18000.0,0.0,0.0,COMPLETED
ADM-2026-02343,Pankaj Patel,10th Grade,B,18000.0,18000.0,0.0,0.0,COMPLETED
ADM-2026-02344,Vivaan Verma,12th Grade,D,12000.0,1517.94,10482.06,500.0,DEFAULT_AGED
ADM-2026-02345,Reyansh Mehta,11th Grade,B,22000.0,22000.0,0.0,0.0,COMPLETED
ADM-2026-02346,Pari Nair,12th Grade,D,15000.0,15000.0,0.0,0.0,COMPLETED
ADM-2026-02347,Ishaan Sen,11th Grade,B,18000.0,2634.06,15365.94,1000.0,DEFAULT_AGED
ADM-2026-02348,Neha Joshi,11th Grade,D,12000.0,3547.94,8452.06,0.0,PENDING_DUE
ADM-2026-02349,Amit Gupta,11th Grade,B,18000.0,18000.0,0.0,0.0,COMPLETED
ADM-2026-02350,Rahul Singh,9th Grade,A,12000.0,2967.3,9032.7,500.0,DEFAULT_AGED
ADM-2026-02351,Sneha Kumar,9th Grade,C,12000.0,3358.06,8641.94,0.0,PENDING_DUE
ADM-2026-02352,Rahul Verma,10th Grade,B,18000.0,9870.16,8129.84,0.0,PENDING_DUE
ADM-2026-02353,Vikas Verma,9th Grade,B,12000.0,1952.92,10047.08,1000.0,DEFAULT_AGED
ADM-2026-02354,Sanya Menon,9th Grade,A,18000.0,18000.0,0.0,0.0,COMPLETED
ADM-2026-02355,Aarav Patel,10th Grade,C,15000.0,5700.4,9299.6,0.0,PENDING_DUE
ADM-2026-02356,Vihaan Bose,11th Grade,B,15000.0,15000.0,0.0,0.0,COMPLETED
ADM-2026-02357,Ishaan Gupta,12th Grade,C,22000.0,290.7,21709.3,250.0,DEFAULT_AGED
ADM-2026-02358,Anjali Sharma,12th Grade,C,15000.0,5525.94,9474.06,0.0,PENDING_DUE
ADM-2026-02359,Anjali Menon,10th Grade,D,15000.0,6572.02,8427.98,0.0,PENDING_DUE
ADM-2026-02360,Vikas Gupta,9th Grade,A,15000.0,15000.0,0.0,0.0,COMPLETED
ADM-2026-02361,Aarav Malhotra,10th Grade,D,18000.0,569.96,17430.04,250.0,DEFAULT_AGED
ADM-2026-02362,Krishna Kumar,11th Grade,B,12000.0,12000.0,0.0,0.0,COMPLETED
ADM-2026-02363,Meera Reddy,9th Grade,B,12000.0,6856.99,5143.01,0.0,PENDING_DUE
ADM-2026-02364,Vihaan Choudhury,9th Grade,B,18000.0,18000.0,0.0,0.0,COMPLETED
ADM-2026-02365,Ayaan Singh,10th Grade,C,12000.0,771.99,11228.01,1000.0,DEFAULT_AGED
ADM-2026-02366,Ishaan Choudhury,12th Grade,B,12000.0,12000.0,0.0,0.0,COMPLETED
ADM-2026-02367,Reyansh Singh,9th Grade,D,15000.0,15000.0,0.0,0.0,COMPLETED
ADM-2026-02368,Meera Gupta,11th Grade,C,22000.0,22000.0,0.0,0.0,COMPLETED
ADM-2026-02369,Amit Singh,10th Grade,D,12000.0,3825.52,8174.48,0.0,PENDING_DUE
ADM-2026-02370,Diya Nair,10th Grade,A,15000.0,1488.95,13511.05,1000.0,DEFAULT_AGED
ADM-2026-02371,Reyansh Das,9th Grade,A,22000.0,5584.92,16415.08,0.0,PENDING_DUE
ADM-2026-02372,Vivaan Choudhury,9th Grade,A,12000.0,7911.97,4088.03,0.0,PENDING_DUE
ADM-2026-02373,Vivaan Sen,9th Grade,A,12000.0,12000.0,0.0,0.0,COMPLETED
ADM-2026-02374,Meera Rao,11th Grade,D,12000.0,12000.0,0.0,0.0,COMPLETED
ADM-2026-02375,Kavita Nair,10th Grade,D,18000.0,9719.56,8280.44,0.0,PENDING_DUE
ADM-2026-02376,Riya Malhotra,9th Grade,B,22000.0,14630.98,7369.02,0.0,PENDING_DUE
ADM-2026-02377,Vihaan Pillai,11th Grade,D,22000.0,9022.19,12977.81,0.0,PENDING_DUE
ADM-2026-02378,Aarav Gupta,12th Grade,D,22000.0,14329.32,7670.68,0.0,PENDING_DUE
ADM-2026-02379,Aarav Malhotra,11th Grade,C,22000.0,10983.45,11016.55,0.0,PENDING_DUE
ADM-2026-02380,Sai Verma,12th Grade,C,15000.0,15000.0,0.0,0.0,COMPLETED
ADM-2026-02381,Anjali Menon,10th Grade,D,18000.0,634.61,17365.39,1000.0,DEFAULT_AGED
ADM-2026-02382,Karan Gupta,10th Grade,D,18000.0,18000.0,0.0,0.0,COMPLETED
ADM-2026-02383,Kavita Pillai,9th Grade,C,18000.0,568.82,17431.18,250.0,DEFAULT_AGED
ADM-2026-02384,Aditya Rao,10th Grade,A,15000.0,15000.0,0.0,0.0,COMPLETED
ADM-2026-02385,Ananya Reddy,11th Grade,C,12000.0,12000.0,0.0,0.0,COMPLETED
ADM-2026-02386,Aarav Singh,10th Grade,D,22000.0,22000.0,0.0,0.0,COMPLETED
ADM-2026-02387,Riya Reddy,9th Grade,D,22000.0,4858.41,17141.59,250.0,DEFAULT_AGED
ADM-2026-02388,Amit Das,10th Grade,B,15000.0,15000.0,0.0,0.0,COMPLETED
ADM-2026-02389,Krishna Sharma,11th Grade,A,18000.0,18000.0,0.0,0.0,COMPLETED
ADM-2026-02390,Vihaan Bose,12th Grade,B,15000.0,7014.46,7985.54,0.0,PENDING_DUE
ADM-2026-02391,Diya Patel,11th Grade,A,18000.0,18000.0,0.0,0.0,COMPLETED
ADM-2026-02392,Diya Patel,10th Grade,B,22000.0,4850.6,17149.4,250.0,DEFAULT_AGED
ADM-2026-02393,Diya Patel,11th Grade,C,12000.0,6594.16,5405.84,0.0,PENDING_DUE
ADM-2026-02394,Ishaan Reddy,12th Grade,A,12000.0,5884.54,6115.46,0.0,PENDING_DUE
ADM-2026-02395,Neha Iyer,12th Grade,A,15000.0,15000.0,0.0,0.0,COMPLETED
ADM-2026-02396,Ayaan Sen,10th Grade,A,15000.0,4348.71,10651.29,0.0,PENDING_DUE
ADM-2026-02397,Vivaan Mehta,12th Grade,D,12000.0,12000.0,0.0,0.0,COMPLETED
ADM-2026-02398,Sanya Das,9th Grade,A,15000.0,4195.44,10804.56,1000.0,DEFAULT_AGED
ADM-2026-02399,Aarav Pillai,9th Grade,B,18000.0,3690.09,14309.91,0.0,PENDING_DUE
ADM-2026-02400,Neha Sen,11th Grade,C,15000.0,9346.44,5653.56,0.0,PENDING_DUE
ADM-2026-02401,Aditya Mehta,11th Grade,D,15000.0,15000.0,0.0,0.0,COMPLETED
ADM-2026-02402,Amit Joshi,12th Grade,B,18000.0,11354.98,6645.02,0.0,PENDING_DUE
ADM-2026-02403,Amit Kumar,12th Grade,B,15000.0,15000.0,0.0,0.0,COMPLETED
ADM-2026-02404,Pari Iyer,10th Grade,D,12000.0,12000.0,0.0,0.0,COMPLETED
ADM-2026-02405,Ayaan Gupta,12th Grade,A,15000.0,3391.77,11608.23,0.0,PENDING_DUE
ADM-2026-02406,Vivaan Deshmukh,11th Grade,C,18000.0,18000.0,0.0,0.0,COMPLETED
ADM-2026-02407,Krishna Sharma,9th Grade,B,15000.0,944.64,14055.36,1000.0,DEFAULT_AGED
ADM-2026-02408,Ayaan Choudhury,11th Grade,D,15000.0,2046.93,12953.07,250.0,DEFAULT_AGED
ADM-2026-02409,Sneha Sharma,12th Grade,C,15000.0,2519.53,12480.47,500.0,DEFAULT_AGED
ADM-2026-02410,Aditya Joshi,11th Grade,D,18000.0,18000.0,0.0,0.0,COMPLETED
ADM-2026-02411,Krishna Joshi,10th Grade,C,12000.0,4084.86,7915.14,0.0,PENDING_DUE
ADM-2026-02412,Sneha Nair,12th Grade,D,22000.0,8346.43,13653.57,0.0,PENDING_DUE
ADM-2026-02413,Amit Menon,10th Grade,B,18000.0,18000.0,0.0,0.0,COMPLETED
ADM-2026-02414,Kavita Reddy,12th Grade,A,15000.0,10348.1,4651.9,0.0,PENDING_DUE
ADM-2026-02415,Pankaj Singh,11th Grade,B,18000.0,18000.0,0.0,0.0,COMPLETED
ADM-2026-02416,Diya Sen,12th Grade,C,15000.0,15000.0,0.0,0.0,COMPLETED
ADM-2026-02417,Vikas Mehta,11th Grade,C,12000.0,4344.31,7655.69,0.0,PENDING_DUE
ADM-2026-02418,Neha Patel,11th Grade,D,12000.0,12000.0,0.0,0.0,COMPLETED
ADM-2026-02419,Reyansh Nair,9th Grade,B,15000.0,15000.0,0.0,0.0,COMPLETED
ADM-2026-02420,Aarav Mehta,12th Grade,D,18000.0,7854.17,10145.83,0.0,PENDING_DUE
ADM-2026-02421,Sai Nair,12th Grade,D,15000.0,15000.0,0.0,0.0,COMPLETED
ADM-2026-02422,Ishaan Menon,12th Grade,B,22000.0,22000.0,0.0,0.0,COMPLETED
ADM-2026-02423,Vivaan Gupta,10th Grade,A,12000.0,8117.4,3882.6,0.0,PENDING_DUE
ADM-2026-02424,Rahul Bose,11th Grade,B,12000.0,1701.33,10298.67,1000.0,DEFAULT_AGED
ADM-2026-02425,Vihaan Iyer,11th Grade,C,12000.0,12000.0,0.0,0.0,COMPLETED
ADM-2026-02426,Pankaj Kumar,10th Grade,D,22000.0,9141.69,12858.31,0.0,PENDING_DUE
ADM-2026-02427,Pooja Deshmukh,11th Grade,C,18000.0,18000.0,0.0,0.0,COMPLETED
ADM-2026-02428,Pooja Deshmukh,11th Grade,C,15000.0,15000.0,0.0,0.0,COMPLETED
ADM-2026-02429,Aarav Sharma,12th Grade,A,12000.0,12000.0,0.0,0.0,COMPLETED
ADM-2026-02430,Diya Das,10th Grade,A,12000.0,12000.0,0.0,0.0,COMPLETED
ADM-2026-02431,Krishna Sen,10th Grade,A,22000.0,22000.0,0.0,0.0,COMPLETED
ADM-2026-02432,Ayaan Malhotra,10th Grade,C,18000.0,3977.26,14022.74,0.0,PENDING_DUE
ADM-2026-02433,Sneha Sharma,12th Grade,A,12000.0,12000.0,0.0,0.0,COMPLETED
ADM-2026-02434,Pooja Das,12th Grade,D,22000.0,22000.0,0.0,0.0,COMPLETED
ADM-2026-02435,Arjun Mehta,9th Grade,D,15000.0,15000.0,0.0,0.0,COMPLETED
ADM-2026-02436,Kavita Iyer,10th Grade,B,15000.0,15000.0,0.0,0.0,COMPLETED
ADM-2026-02437,Sai Rao,11th Grade,C,15000.0,2093.13,12906.87,500.0,DEFAULT_AGED
ADM-2026-02438,Kavita Pillai,11th Grade,B,12000.0,442.78,11557.22,250.0,DEFAULT_AGED
ADM-2026-02439,Aarav Choudhury,12th Grade,B,22000.0,11209.41,10790.59,0.0,PENDING_DUE
ADM-2026-02440,Priya Pillai,9th Grade,C,15000.0,8424.96,6575.04,0.0,PENDING_DUE
ADM-2026-02441,Amit Patel,10th Grade,A,22000.0,22000.0,0.0,0.0,COMPLETED
ADM-2026-02442,Riya Sen,12th Grade,C,22000.0,22000.0,0.0,0.0,COMPLETED
ADM-2026-02443,Kavita Gupta,9th Grade,A,22000.0,22000.0,0.0,0.0,COMPLETED
ADM-2026-02444,Ishaan Joshi,12th Grade,A,22000.0,22000.0,0.0,0.0,COMPLETED
ADM-2026-02445,Ishaan Das,12th Grade,D,15000.0,15000.0,0.0,0.0,COMPLETED
ADM-2026-02446,Krishna Pillai,11th Grade,C,22000.0,22000.0,0.0,0.0,COMPLETED
ADM-2026-02447,Aditya Deshmukh,9th Grade,C,22000.0,10949.42,11050.58,0.0,PENDING_DUE
ADM-2026-02448,Riya Malhotra,11th Grade,D,15000.0,5999.94,9000.06,0.0,PENDING_DUE
ADM-2026-02449,Aditya Gupta,9th Grade,C,18000.0,18000.0,0.0,0.0,COMPLETED
ADM-2026-02450,Sai Singh,9th Grade,D,18000.0,18000.0,0.0,0.0,COMPLETED
ADM-2026-02451,Priya Iyer,11th Grade,A,18000.0,18000.0,0.0,0.0,COMPLETED
ADM-2026-02452,Neha Nair,9th Grade,D,15000.0,15000.0,0.0,0.0,COMPLETED
ADM-2026-02453,Diya Sen,9th Grade,D,22000.0,22000.0,0.0,0.0,COMPLETED
ADM-2026-02454,Kavita Malhotra,12th Grade,C,18000.0,7442.76,10557.24,0.0,PENDING_DUE
ADM-2026-02455,Aarav Malhotra,11th Grade,D,15000.0,15000.0,0.0,0.0,COMPLETED
ADM-2026-02456,Rohan Reddy,11th Grade,B,12000.0,7100.09,4899.91,0.0,PENDING_DUE
ADM-2026-02457,Ishaan Deshmukh,9th Grade,C,15000.0,3685.54,11314.46,0.0,PENDING_DUE
ADM-2026-02458,Diya Reddy,12th Grade,D,22000.0,6040.17,15959.83,0.0,PENDING_DUE
ADM-2026-02459,Diya Joshi,10th Grade,B,12000.0,23.19,11976.81,250.0,DEFAULT_AGED
ADM-2026-02460,Karan Choudhury,10th Grade,A,15000.0,3720.04,11279.96,0.0,PENDING_DUE
ADM-2026-02461,Anjali Mehta,11th Grade,D,22000.0,22000.0,0.0,0.0,COMPLETED
ADM-2026-02462,Pankaj Bose,10th Grade,C,18000.0,8800.23,9199.77,0.0,PENDING_DUE
ADM-2026-02463,Neha Singh,10th Grade,A,22000.0,22000.0,0.0,0.0,COMPLETED
ADM-2026-02464,Aadhya Kumar,10th Grade,A,22000.0,22000.0,0.0,0.0,COMPLETED
ADM-2026-02465,Diya Malhotra,10th Grade,B,15000.0,15000.0,0.0,0.0,COMPLETED
ADM-2026-02466,Ayaan Menon,9th Grade,C,22000.0,8941.46,13058.54,0.0,PENDING_DUE
ADM-2026-02467,Vivaan Rao,10th Grade,A,15000.0,15000.0,0.0,0.0,COMPLETED
ADM-2026-02468,Rohan Sharma,12th Grade,A,18000.0,6878.25,11121.75,0.0,PENDING_DUE
ADM-2026-02469,Rahul Reddy,10th Grade,B,15000.0,15000.0,0.0,0.0,COMPLETED
ADM-2026-02470,Pankaj Verma,11th Grade,D,22000.0,5933.76,16066.24,500.0,DEFAULT_AGED
ADM-2026-02471,Karan Joshi,10th Grade,B,15000.0,15000.0,0.0,0.0,COMPLETED
ADM-2026-02472,Anjali Malhotra,12th Grade,C,18000.0,2375.52,15624.48,1000.0,DEFAULT_AGED
ADM-2026-02473,Anjali Menon,9th Grade,B,15000.0,15000.0,0.0,0.0,COMPLETED
ADM-2026-02474,Reyansh Malhotra,9th Grade,A,22000.0,12792.39,9207.61,0.0,PENDING_DUE
ADM-2026-02475,Arjun Gupta,11th Grade,B,12000.0,8316.21,3683.79,0.0,PENDING_DUE
ADM-2026-02476,Pooja Bose,9th Grade,B,22000.0,3416.24,18583.76,1000.0,DEFAULT_AGED
ADM-2026-02477,Vikas Verma,11th Grade,D,22000.0,13136.81,8863.19,0.0,PENDING_DUE
ADM-2026-02478,Sanya Sharma,9th Grade,D,15000.0,9440.79,5559.21,0.0,PENDING_DUE
ADM-2026-02479,Vihaan Gupta,10th Grade,D,15000.0,6885.47,8114.53,0.0,PENDING_DUE
ADM-2026-02480,Priya Das,11th Grade,C,15000.0,3671.67,11328.33,500.0,DEFAULT_AGED
ADM-2026-02481,Rahul Iyer,11th Grade,A,15000.0,15000.0,0.0,0.0,COMPLETED
ADM-2026-02482,Vikas Menon,11th Grade,C,22000.0,22000.0,0.0,0.0,COMPLETED
ADM-2026-02483,Vivaan Pillai,9th Grade,C,12000.0,6529.59,5470.41,0.0,PENDING_DUE
ADM-2026-02484,Krishna Malhotra,10th Grade,D,12000.0,6274.04,5725.96,0.0,PENDING_DUE
ADM-2026-02485,Ananya Singh,12th Grade,A,12000.0,3305.28,8694.72,250.0,DEFAULT_AGED
ADM-2026-02486,Anjali Nair,10th Grade,A,15000.0,15000.0,0.0,0.0,COMPLETED
ADM-2026-02487,Vivaan Joshi,11th Grade,D,15000.0,15000.0,0.0,0.0,COMPLETED
ADM-2026-02488,Riya Sharma,11th Grade,B,12000.0,12000.0,0.0,0.0,COMPLETED
ADM-2026-02489,Rahul Sen,9th Grade,A,15000.0,7440.33,7559.67,0.0,PENDING_DUE
ADM-2026-02490,Aditya Reddy,11th Grade,C,22000.0,12191.71,9808.29,0.0,PENDING_DUE
ADM-2026-02491,Krishna Nair,12th Grade,A,18000.0,18000.0,0.0,0.0,COMPLETED
ADM-2026-02492,Vihaan Sen,9th Grade,A,18000.0,18000.0,0.0,0.0,COMPLETED
ADM-2026-02493,Rahul Verma,11th Grade,C,22000.0,13802.85,8197.15,0.0,PENDING_DUE
ADM-2026-02494,Aarav Patel,10th Grade,D,15000.0,15000.0,0.0,0.0,COMPLETED
ADM-2026-02495,Karan Verma,11th Grade,D,18000.0,18000.0,0.0,0.0,COMPLETED
ADM-2026-02496,Neha Sharma,11th Grade,C,12000.0,12000.0,0.0,0.0,COMPLETED
ADM-2026-02497,Meera Mehta,12th Grade,D,22000.0,12659.91,9340.09,0.0,PENDING_DUE
ADM-2026-02498,Reyansh Patel,11th Grade,C,22000.0,12111.54,9888.46,0.0,PENDING_DUE
ADM-2026-02499,Ishaan Pillai,9th Grade,A,18000.0,8403.76,9596.24,0.0,PENDING_DUE
ADM-2026-02500,Diya Das,9th Grade,B,18000.0,3902.1,14097.9,250.0,DEFAULT_AGED
ADM-2026-02501,Vihaan Reddy,11th Grade,C,18000.0,18000.0,0.0,0.0,COMPLETED
ADM-2026-02502,Sai Sharma,11th Grade,B,22000.0,22000.0,0.0,0.0,COMPLETED
ADM-2026-02503,Diya Choudhury,10th Grade,C,15000.0,6924.17,8075.83,0.0,PENDING_DUE
ADM-2026-02504,Vivaan Menon,9th Grade,D,12000.0,2051.99,9948.01,250.0,DEFAULT_AGED
ADM-2026-02505,Karan Reddy,12th Grade,D,15000.0,15000.0,0.0,0.0,COMPLETED
ADM-2026-02506,Diya Malhotra,9th Grade,D,15000.0,15000.0,0.0,0.0,COMPLETED
ADM-2026-02507,Aditya Iyer,9th Grade,C,12000.0,12000.0,0.0,0.0,COMPLETED
ADM-2026-02508,Sai Mehta,12th Grade,A,15000.0,15000.0,0.0,0.0,COMPLETED
ADM-2026-02509,Priya Joshi,11th Grade,C,12000.0,12000.0,0.0,0.0,COMPLETED
ADM-2026-02510,Aarav Patel,9th Grade,B,22000.0,12883.07,9116.93,0.0,PENDING_DUE
ADM-2026-02511,Diya Sharma,11th Grade,C,12000.0,668.39,11331.61,1000.0,DEFAULT_AGED
ADM-2026-02512,Reyansh Pillai,10th Grade,C,22000.0,8942.4,13057.6,0.0,PENDING_DUE
ADM-2026-02513,Rohan Menon,9th Grade,C,12000.0,12000.0,0.0,0.0,COMPLETED
ADM-2026-02514,Pooja Deshmukh,12th Grade,C,18000.0,6296.17,11703.83,0.0,PENDING_DUE
ADM-2026-02515,Rahul Malhotra,10th Grade,C,22000.0,22000.0,0.0,0.0,COMPLETED
ADM-2026-02516,Meera Verma,11th Grade,C,15000.0,8801.62,6198.38,0.0,PENDING_DUE
ADM-2026-02517,Aarav Sharma,12th Grade,A,22000.0,12765.01,9234.99,0.0,PENDING_DUE
ADM-2026-02518,Diya Deshmukh,12th Grade,A,12000.0,12000.0,0.0,0.0,COMPLETED
ADM-2026-02519,Vivaan Sharma,10th Grade,C,18000.0,18000.0,0.0,0.0,COMPLETED
ADM-2026-02520,Riya Das,10th Grade,C,15000.0,65.05,14934.95,1000.0,DEFAULT_AGED
ADM-2026-02521,Diya Choudhury,9th Grade,B,15000.0,15000.0,0.0,0.0,COMPLETED
ADM-2026-02522,Rahul Reddy,11th Grade,D,12000.0,12000.0,0.0,0.0,COMPLETED
ADM-2026-02523,Amit Sen,9th Grade,A,12000.0,3522.75,8477.25,500.0,DEFAULT_AGED
ADM-2026-02524,Aadhya Singh,9th Grade,C,22000.0,22000.0,0.0,0.0,COMPLETED
ADM-2026-02525,Kavita Deshmukh,12th Grade,A,18000.0,4043.49,13956.51,250.0,DEFAULT_AGED
ADM-2026-02526,Karan Deshmukh,11th Grade,B,12000.0,2467.48,9532.52,0.0,PENDING_DUE
ADM-2026-02527,Aditya Reddy,12th Grade,D,18000.0,7383.76,10616.24,0.0,PENDING_DUE
ADM-2026-02528,Krishna Verma,10th Grade,C,22000.0,22000.0,0.0,0.0,COMPLETED
ADM-2026-02529,Amit Sharma,9th Grade,A,18000.0,3474.04,14525.96,250.0,DEFAULT_AGED
ADM-2026-02530,Kavita Patel,9th Grade,C,18000.0,12378.14,5621.86,0.0,PENDING_DUE
ADM-2026-02531,Pari Das,10th Grade,A,12000.0,3904.45,8095.55,0.0,PENDING_DUE
ADM-2026-02532,Aarav Kumar,10th Grade,C,18000.0,18000.0,0.0,0.0,COMPLETED
ADM-2026-02533,Pari Deshmukh,9th Grade,B,12000.0,12000.0,0.0,0.0,COMPLETED
ADM-2026-02534,Aarav Malhotra,10th Grade,D,15000.0,3112.13,11887.87,500.0,DEFAULT_AGED
ADM-2026-02535,Rahul Joshi,12th Grade,B,12000.0,3445.93,8554.07,500.0,DEFAULT_AGED
ADM-2026-02536,Amit Choudhury,10th Grade,A,22000.0,22000.0,0.0,0.0,COMPLETED
ADM-2026-02537,Aadhya Deshmukh,9th Grade,A,18000.0,8319.95,9680.05,0.0,PENDING_DUE
ADM-2026-02538,Aditya Patel,9th Grade,A,12000.0,6884.01,5115.99,0.0,PENDING_DUE
ADM-2026-02539,Sneha Nair,9th Grade,A,15000.0,9495.97,5504.03,0.0,PENDING_DUE
ADM-2026-02540,Pari Deshmukh,10th Grade,B,22000.0,13259.59,8740.41,0.0,PENDING_DUE
ADM-2026-02541,Ayaan Gupta,9th Grade,C,22000.0,9538.48,12461.52,0.0,PENDING_DUE
ADM-2026-02542,Aadhya Joshi,10th Grade,D,22000.0,22000.0,0.0,0.0,COMPLETED
ADM-2026-02543,Pari Iyer,11th Grade,D,12000.0,2112.21,9887.79,250.0,DEFAULT_AGED
ADM-2026-02544,Reyansh Iyer,9th Grade,A,12000.0,12000.0,0.0,0.0,COMPLETED
ADM-2026-02545,Riya Sen,12th Grade,A,22000.0,22000.0,0.0,0.0,COMPLETED
ADM-2026-02546,Rohan Rao,12th Grade,B,22000.0,22000.0,0.0,0.0,COMPLETED
ADM-2026-02547,Pooja Iyer,12th Grade,C,15000.0,7081.69,7918.31,0.0,PENDING_DUE
ADM-2026-02548,Aadhya Rao,10th Grade,C,18000.0,5992.09,12007.91,0.0,PENDING_DUE
ADM-2026-02549,Vivaan Pillai,12th Grade,C,15000.0,15000.0,0.0,0.0,COMPLETED
ADM-2026-02550,Sanya Rao,12th Grade,B,15000.0,15000.0,0.0,0.0,COMPLETED
ADM-2026-02551,Aditya Mehta,11th Grade,D,18000.0,8321.51,9678.49,0.0,PENDING_DUE
ADM-2026-02552,Arjun Menon,12th Grade,C,18000.0,18000.0,0.0,0.0,COMPLETED
ADM-2026-02553,Priya Joshi,10th Grade,C,15000.0,7902.49,7097.51,0.0,PENDING_DUE
ADM-2026-02554,Ananya Pillai,9th Grade,C,15000.0,7745.9,7254.1,0.0,PENDING_DUE
ADM-2026-02555,Rahul Pillai,9th Grade,B,15000.0,5766.74,9233.26,0.0,PENDING_DUE
ADM-2026-02556,Diya Deshmukh,11th Grade,D,22000.0,10484.7,11515.3,0.0,PENDING_DUE
ADM-2026-02557,Ananya Patel,10th Grade,C,18000.0,8540.88,9459.12,0.0,PENDING_DUE
ADM-2026-02558,Sneha Joshi,12th Grade,C,12000.0,6858.31,5141.69,0.0,PENDING_DUE
ADM-2026-02559,Sneha Iyer,12th Grade,D,18000.0,18000.0,0.0,0.0,COMPLETED
ADM-2026-02560,Sanya Mehta,12th Grade,D,15000.0,15000.0,0.0,0.0,COMPLETED
ADM-2026-02561,Meera Sen,9th Grade,D,18000.0,3910.35,14089.65,250.0,DEFAULT_AGED
ADM-2026-02562,Ayaan Bose,12th Grade,D,22000.0,22000.0,0.0,0.0,COMPLETED
ADM-2026-02563,Ishaan Gupta,9th Grade,A,15000.0,15000.0,0.0,0.0,COMPLETED
ADM-2026-02564,Diya Sen,12th Grade,D,18000.0,5597.29,12402.71,0.0,PENDING_DUE
ADM-2026-02565,Riya Joshi,10th Grade,B,22000.0,15317.47,6682.53,0.0,PENDING_DUE
ADM-2026-02566,Aadhya Verma,10th Grade,B,18000.0,465.85,17534.15,250.0,DEFAULT_AGED
ADM-2026-02567,Amit Das,10th Grade,D,18000.0,18000.0,0.0,0.0,COMPLETED
ADM-2026-02568,Sai Nair,12th Grade,D,18000.0,18000.0,0.0,0.0,COMPLETED
ADM-2026-02569,Pankaj Pillai,10th Grade,C,22000.0,22000.0,0.0,0.0,COMPLETED
ADM-2026-02570,Vikas Kumar,9th Grade,D,12000.0,12000.0,0.0,0.0,COMPLETED
ADM-2026-02571,Vivaan Reddy,12th Grade,D,22000.0,22000.0,0.0,0.0,COMPLETED
ADM-2026-02572,Aarav Nair,10th Grade,B,22000.0,22000.0,0.0,0.0,COMPLETED
ADM-2026-02573,Pankaj Das,9th Grade,D,22000.0,14907.55,7092.45,0.0,PENDING_DUE
ADM-2026-02574,Karan Das,12th Grade,D,22000.0,22000.0,0.0,0.0,COMPLETED
ADM-2026-02575,Kavita Kumar,9th Grade,C,22000.0,11807.03,10192.97,0.0,PENDING_DUE
ADM-2026-02576,Arjun Bose,11th Grade,B,15000.0,15000.0,0.0,0.0,COMPLETED
ADM-2026-02577,Neha Deshmukh,11th Grade,C,18000.0,290.9,17709.1,1000.0,DEFAULT_AGED
ADM-2026-02578,Rahul Pillai,12th Grade,C,12000.0,12000.0,0.0,0.0,COMPLETED
ADM-2026-02579,Pankaj Iyer,10th Grade,C,15000.0,15000.0,0.0,0.0,COMPLETED
ADM-2026-02580,Diya Bose,11th Grade,B,15000.0,15000.0,0.0,0.0,COMPLETED
ADM-2026-02581,Karan Gupta,12th Grade,A,15000.0,3761.01,11238.99,0.0,PENDING_DUE
ADM-2026-02582,Karan Sharma,9th Grade,C,18000.0,10288.4,7711.6,0.0,PENDING_DUE
ADM-2026-02583,Meera Gupta,11th Grade,D,15000.0,15000.0,0.0,0.0,COMPLETED
ADM-2026-02584,Aadhya Sharma,10th Grade,D,15000.0,8538.15,6461.85,0.0,PENDING_DUE
ADM-2026-02585,Diya Mehta,12th Grade,A,18000.0,2976.55,15023.45,250.0,DEFAULT_AGED
ADM-2026-02586,Sanya Verma,10th Grade,A,12000.0,4415.51,7584.49,0.0,PENDING_DUE
ADM-2026-02587,Arjun Pillai,12th Grade,A,15000.0,3249.15,11750.85,0.0,PENDING_DUE
ADM-2026-02588,Aadhya Kumar,11th Grade,C,12000.0,12000.0,0.0,0.0,COMPLETED
ADM-2026-02589,Diya Kumar,12th Grade,A,18000.0,18000.0,0.0,0.0,COMPLETED
ADM-2026-02590,Meera Sharma,9th Grade,D,15000.0,15000.0,0.0,0.0,COMPLETED
ADM-2026-02591,Karan Reddy,9th Grade,B,22000.0,5265.23,16734.77,0.0,PENDING_DUE
ADM-2026-02592,Krishna Singh,12th Grade,C,12000.0,2424.86,9575.14,0.0,PENDING_DUE
ADM-2026-02593,Aadhya Sen,11th Grade,D,22000.0,22000.0,0.0,0.0,COMPLETED
ADM-2026-02594,Neha Bose,9th Grade,B,22000.0,15253.41,6746.59,0.0,PENDING_DUE
ADM-2026-02595,Aadhya Bose,10th Grade,D,15000.0,15000.0,0.0,0.0,COMPLETED
ADM-2026-02596,Neha Kumar,9th Grade,C,22000.0,10646.11,11353.89,0.0,PENDING_DUE
ADM-2026-02597,Pooja Das,11th Grade,A,22000.0,22000.0,0.0,0.0,COMPLETED
ADM-2026-02598,Aditya Nair,11th Grade,C,18000.0,18000.0,0.0,0.0,COMPLETED
ADM-2026-02599,Pankaj Rao,10th Grade,B,22000.0,367.96,21632.04,1000.0,DEFAULT_AGED
ADM-2026-02600,Vihaan Kumar,12th Grade,A,12000.0,12000.0,0.0,0.0,COMPLETED
ADM-2026-02601,Aarav Singh,11th Grade,C,15000.0,9519.63,5480.37,0.0,PENDING_DUE
ADM-2026-02602,Meera Pillai,11th Grade,B,18000.0,10081.62,7918.38,0.0,PENDING_DUE
ADM-2026-02603,Aadhya Rao,11th Grade,D,18000.0,18000.0,0.0,0.0,COMPLETED
ADM-2026-02604,Rahul Gupta,10th Grade,A,22000.0,2156.76,19843.24,1000.0,DEFAULT_AGED
ADM-2026-02605,Amit Bose,9th Grade,B,22000.0,22000.0,0.0,0.0,COMPLETED
ADM-2026-02606,Rohan Bose,9th Grade,C,15000.0,4236.64,10763.36,1000.0,DEFAULT_AGED
ADM-2026-02607,Ayaan Malhotra,9th Grade,D,22000.0,8509.24,13490.76,0.0,PENDING_DUE
ADM-2026-02608,Aditya Choudhury,9th Grade,A,22000.0,6988.05,15011.95,0.0,PENDING_DUE
ADM-2026-02609,Diya Joshi,10th Grade,D,22000.0,22000.0,0.0,0.0,COMPLETED
ADM-2026-02610,Diya Verma,10th Grade,C,18000.0,930.34,17069.66,1000.0,DEFAULT_AGED
ADM-2026-02611,Rohan Rao,10th Grade,C,12000.0,2144.49,9855.51,500.0,DEFAULT_AGED
ADM-2026-02612,Krishna Reddy,9th Grade,A,12000.0,6009.63,5990.37,0.0,PENDING_DUE
ADM-2026-02613,Priya Singh,10th Grade,A,15000.0,7836.04,7163.96,0.0,PENDING_DUE
ADM-2026-02614,Aarav Rao,11th Grade,C,15000.0,8897.12,6102.88,0.0,PENDING_DUE
ADM-2026-02615,Aarav Malhotra,9th Grade,C,18000.0,18000.0,0.0,0.0,COMPLETED
ADM-2026-02616,Riya Nair,11th Grade,B,15000.0,15000.0,0.0,0.0,COMPLETED
ADM-2026-02617,Pari Patel,10th Grade,A,22000.0,22000.0,0.0,0.0,COMPLETED
ADM-2026-02618,Aarav Choudhury,9th Grade,B,12000.0,12000.0,0.0,0.0,COMPLETED
ADM-2026-02619,Riya Rao,11th Grade,A,15000.0,15000.0,0.0,0.0,COMPLETED
ADM-2026-02620,Pooja Choudhury,9th Grade,A,12000.0,1225.18,10774.82,500.0,DEFAULT_AGED
ADM-2026-02621,Aadhya Deshmukh,11th Grade,B,12000.0,7002.09,4997.91,0.0,PENDING_DUE
ADM-2026-02622,Sanya Menon,10th Grade,D,12000.0,2216.79,9783.21,250.0,DEFAULT_AGED
ADM-2026-02623,Aarav Choudhury,12th Grade,A,18000.0,18000.0,0.0,0.0,COMPLETED
ADM-2026-02624,Vikas Sharma,9th Grade,B,15000.0,9079.63,5920.37,0.0,PENDING_DUE
ADM-2026-02625,Aadhya Das,10th Grade,B,12000.0,12000.0,0.0,0.0,COMPLETED
ADM-2026-02626,Arjun Gupta,12th Grade,B,18000.0,18000.0,0.0,0.0,COMPLETED
ADM-2026-02627,Pankaj Reddy,10th Grade,C,22000.0,2464.15,19535.85,250.0,DEFAULT_AGED
ADM-2026-02628,Amit Bose,10th Grade,C,15000.0,765.48,14234.52,1000.0,DEFAULT_AGED
ADM-2026-02629,Krishna Reddy,12th Grade,D,12000.0,12000.0,0.0,0.0,COMPLETED
ADM-2026-02630,Pankaj Malhotra,12th Grade,B,12000.0,12000.0,0.0,0.0,COMPLETED
ADM-2026-02631,Pari Mehta,12th Grade,A,18000.0,18000.0,0.0,0.0,COMPLETED
ADM-2026-02632,Riya Pillai,12th Grade,C,15000.0,3464.52,11535.48,0.0,PENDING_DUE
ADM-2026-02633,Priya Das,11th Grade,B,22000.0,2646.29,19353.71,250.0,DEFAULT_AGED
ADM-2026-02634,Sneha Sharma,9th Grade,C,18000.0,1809.24,16190.76,500.0,DEFAULT_AGED
ADM-2026-02635,Arjun Joshi,10th Grade,B,12000.0,12000.0,0.0,0.0,COMPLETED
ADM-2026-02636,Vikas Sharma,9th Grade,B,22000.0,22000.0,0.0,0.0,COMPLETED
ADM-2026-02637,Pankaj Iyer,12th Grade,C,12000.0,12000.0,0.0,0.0,COMPLETED
ADM-2026-02638,Amit Pillai,12th Grade,A,22000.0,120.0,21880.0,250.0,DEFAULT_AGED
ADM-2026-02639,Ananya Bose,10th Grade,A,15000.0,15000.0,0.0,0.0,COMPLETED
ADM-2026-02640,Karan Patel,11th Grade,B,12000.0,6615.64,5384.36,0.0,PENDING_DUE
ADM-2026-02641,Sanya Patel,10th Grade,B,18000.0,3140.07,14859.93,1000.0,DEFAULT_AGED
ADM-2026-02642,Aarav Malhotra,11th Grade,B,22000.0,8369.34,13630.66,0.0,PENDING_DUE
ADM-2026-02643,Reyansh Reddy,11th Grade,C,12000.0,12000.0,0.0,0.0,COMPLETED
ADM-2026-02644,Krishna Malhotra,11th Grade,C,18000.0,18000.0,0.0,0.0,COMPLETED
ADM-2026-02645,Rohan Kumar,11th Grade,B,18000.0,8827.79,9172.21,0.0,PENDING_DUE
ADM-2026-02646,Karan Kumar,9th Grade,D,22000.0,11149.59,10850.41,0.0,PENDING_DUE
ADM-2026-02647,Amit Sharma,12th Grade,B,15000.0,1859.33,13140.67,250.0,DEFAULT_AGED
ADM-2026-02648,Neha Nair,11th Grade,D,22000.0,1010.16,20989.84,250.0,DEFAULT_AGED
ADM-2026-02649,Aditya Singh,11th Grade,A,18000.0,18000.0,0.0,0.0,COMPLETED
ADM-2026-02650,Anjali Verma,9th Grade,A,18000.0,3574.9,14425.1,1000.0,DEFAULT_AGED
ADM-2026-02651,Rahul Rao,12th Grade,B,15000.0,15000.0,0.0,0.0,COMPLETED
ADM-2026-02652,Reyansh Pillai,12th Grade,B,12000.0,12000.0,0.0,0.0,COMPLETED
ADM-2026-02653,Karan Sharma,9th Grade,A,12000.0,12000.0,0.0,0.0,COMPLETED
ADM-2026-02654,Priya Reddy,9th Grade,D,12000.0,12000.0,0.0,0.0,COMPLETED
ADM-2026-02655,Krishna Kumar,9th Grade,C,18000.0,1880.15,16119.85,250.0,DEFAULT_AGED
ADM-2026-02656,Sneha Nair,9th Grade,C,15000.0,15000.0,0.0,0.0,COMPLETED
ADM-2026-02657,Ishaan Mehta,12th Grade,D,12000.0,12000.0,0.0,0.0,COMPLETED
ADM-2026-02658,Meera Sen,10th Grade,A,12000.0,12000.0,0.0,0.0,COMPLETED
ADM-2026-02659,Pooja Singh,12th Grade,C,18000.0,3956.43,14043.57,500.0,DEFAULT_AGED
ADM-2026-02660,Vihaan Das,9th Grade,B,18000.0,8423.34,9576.66,0.0,PENDING_DUE
ADM-2026-02661,Vikas Deshmukh,11th Grade,D,12000.0,12000.0,0.0,0.0,COMPLETED
ADM-2026-02662,Priya Verma,9th Grade,B,18000.0,18000.0,0.0,0.0,COMPLETED
ADM-2026-02663,Neha Joshi,12th Grade,C,22000.0,22000.0,0.0,0.0,COMPLETED
ADM-2026-02664,Rahul Singh,9th Grade,C,22000.0,9899.36,12100.64,0.0,PENDING_DUE
ADM-2026-02665,Vivaan Sharma,12th Grade,A,22000.0,2435.31,19564.69,500.0,DEFAULT_AGED
ADM-2026-02666,Sneha Kumar,9th Grade,D,18000.0,18000.0,0.0,0.0,COMPLETED
ADM-2026-02667,Sanya Joshi,11th Grade,B,18000.0,18000.0,0.0,0.0,COMPLETED
ADM-2026-02668,Pari Malhotra,10th Grade,A,15000.0,15000.0,0.0,0.0,COMPLETED
ADM-2026-02669,Pankaj Mehta,10th Grade,B,18000.0,8077.38,9922.62,0.0,PENDING_DUE
ADM-2026-02670,Pooja Das,11th Grade,A,22000.0,22.8,21977.2,500.0,DEFAULT_AGED
ADM-2026-02671,Aarav Patel,11th Grade,D,22000.0,7507.61,14492.39,0.0,PENDING_DUE
ADM-2026-02672,Arjun Sen,12th Grade,C,18000.0,18000.0,0.0,0.0,COMPLETED
ADM-2026-02673,Aarav Rao,11th Grade,D,15000.0,1436.02,13563.98,1000.0,DEFAULT_AGED
ADM-2026-02674,Aarav Nair,12th Grade,A,18000.0,18000.0,0.0,0.0,COMPLETED
ADM-2026-02675,Aarav Singh,10th Grade,D,15000.0,15000.0,0.0,0.0,COMPLETED
ADM-2026-02676,Riya Malhotra,9th Grade,D,22000.0,11835.68,10164.32,0.0,PENDING_DUE
ADM-2026-02677,Rahul Choudhury,10th Grade,B,12000.0,8101.24,3898.76,0.0,PENDING_DUE
ADM-2026-02678,Krishna Iyer,11th Grade,A,15000.0,15000.0,0.0,0.0,COMPLETED
ADM-2026-02679,Diya Nair,9th Grade,B,12000.0,12000.0,0.0,0.0,COMPLETED
ADM-2026-02680,Kavita Sharma,10th Grade,C,18000.0,8119.64,9880.36,0.0,PENDING_DUE
ADM-2026-02681,Meera Gupta,10th Grade,A,15000.0,8304.92,6695.08,0.0,PENDING_DUE
ADM-2026-02682,Aditya Sharma,11th Grade,C,18000.0,9200.01,8799.99,0.0,PENDING_DUE
ADM-2026-02683,Aadhya Sen,10th Grade,B,15000.0,15000.0,0.0,0.0,COMPLETED
ADM-2026-02684,Diya Sen,12th Grade,A,18000.0,18000.0,0.0,0.0,COMPLETED
ADM-2026-02685,Vikas Gupta,11th Grade,C,18000.0,18000.0,0.0,0.0,COMPLETED
ADM-2026-02686,Ayaan Kumar,12th Grade,C,22000.0,22000.0,0.0,0.0,COMPLETED
ADM-2026-02687,Arjun Gupta,10th Grade,A,22000.0,6374.42,15625.58,500.0,DEFAULT_AGED
ADM-2026-02688,Pankaj Das,12th Grade,B,18000.0,4988.45,13011.55,0.0,PENDING_DUE
ADM-2026-02689,Vikas Deshmukh,12th Grade,D,18000.0,7532.85,10467.15,0.0,PENDING_DUE
ADM-2026-02690,Sneha Verma,12th Grade,D,22000.0,22000.0,0.0,0.0,COMPLETED
ADM-2026-02691,Pankaj Patel,9th Grade,C,22000.0,22000.0,0.0,0.0,COMPLETED
ADM-2026-02692,Reyansh Mehta,10th Grade,A,18000.0,18000.0,0.0,0.0,COMPLETED
ADM-2026-02693,Sneha Joshi,12th Grade,C,18000.0,5226.17,12773.83,250.0,DEFAULT_AGED
ADM-2026-02694,Sanya Malhotra,10th Grade,A,18000.0,18000.0,0.0,0.0,COMPLETED
ADM-2026-02695,Ayaan Rao,9th Grade,A,12000.0,12000.0,0.0,0.0,COMPLETED
ADM-2026-02696,Sanya Joshi,10th Grade,A,18000.0,18000.0,0.0,0.0,COMPLETED
ADM-2026-02697,Diya Verma,11th Grade,C,22000.0,22000.0,0.0,0.0,COMPLETED
ADM-2026-02698,Ishaan Kumar,10th Grade,B,18000.0,4265.97,13734.03,500.0,DEFAULT_AGED
ADM-2026-02699,Aadhya Bose,10th Grade,A,22000.0,11288.03,10711.97,0.0,PENDING_DUE
ADM-2026-02700,Aditya Das,9th Grade,C,22000.0,7268.16,14731.84,0.0,PENDING_DUE
ADM-2026-02701,Krishna Bose,11th Grade,D,12000.0,12000.0,0.0,0.0,COMPLETED
ADM-2026-02702,Arjun Joshi,10th Grade,A,22000.0,22000.0,0.0,0.0,COMPLETED
ADM-2026-02703,Anjali Reddy,11th Grade,B,22000.0,5031.45,16968.55,1000.0,DEFAULT_AGED
ADM-2026-02704,Reyansh Reddy,12th Grade,A,12000.0,4762.4,7237.6,0.0,PENDING_DUE
ADM-2026-02705,Reyansh Menon,10th Grade,C,22000.0,15366.78,6633.22,0.0,PENDING_DUE
ADM-2026-02706,Meera Gupta,11th Grade,D,18000.0,18000.0,0.0,0.0,COMPLETED
ADM-2026-02707,Diya Mehta,9th Grade,B,15000.0,3099.72,11900.28,1000.0,DEFAULT_AGED
ADM-2026-02708,Ayaan Gupta,9th Grade,D,15000.0,7684.97,7315.03,0.0,PENDING_DUE
ADM-2026-02709,Meera Kumar,12th Grade,C,15000.0,2693.58,12306.42,500.0,DEFAULT_AGED
ADM-2026-02710,Pari Sharma,10th Grade,B,12000.0,12000.0,0.0,0.0,COMPLETED
ADM-2026-02711,Vihaan Deshmukh,10th Grade,C,22000.0,3708.67,18291.33,250.0,DEFAULT_AGED
ADM-2026-02712,Diya Choudhury,12th Grade,A,18000.0,4121.83,13878.17,0.0,PENDING_DUE
ADM-2026-02713,Meera Pillai,11th Grade,B,22000.0,5320.71,16679.29,0.0,PENDING_DUE
ADM-2026-02714,Meera Patel,12th Grade,B,22000.0,8651.94,13348.06,0.0,PENDING_DUE
ADM-2026-02715,Ishaan Das,11th Grade,B,12000.0,2756.6,9243.4,0.0,PENDING_DUE
ADM-2026-02716,Sanya Sharma,11th Grade,A,15000.0,15000.0,0.0,0.0,COMPLETED
ADM-2026-02717,Rohan Sen,9th Grade,B,15000.0,15000.0,0.0,0.0,COMPLETED
ADM-2026-02718,Diya Menon,9th Grade,A,12000.0,6253.32,5746.68,0.0,PENDING_DUE
ADM-2026-02719,Rahul Nair,9th Grade,A,12000.0,6370.67,5629.33,0.0,PENDING_DUE
ADM-2026-02720,Reyansh Verma,10th Grade,C,18000.0,5336.3,12663.7,500.0,DEFAULT_AGED
ADM-2026-02721,Rahul Iyer,12th Grade,B,22000.0,22000.0,0.0,0.0,COMPLETED
ADM-2026-02722,Karan Iyer,11th Grade,A,18000.0,18000.0,0.0,0.0,COMPLETED
ADM-2026-02723,Priya Patel,12th Grade,A,15000.0,15000.0,0.0,0.0,COMPLETED
ADM-2026-02724,Aarav Iyer,12th Grade,A,15000.0,15000.0,0.0,0.0,COMPLETED
ADM-2026-02725,Pari Singh,12th Grade,C,15000.0,15000.0,0.0,0.0,COMPLETED
ADM-2026-02726,Kavita Das,12th Grade,D,12000.0,2920.42,9079.58,1000.0,DEFAULT_AGED
ADM-2026-02727,Sneha Menon,12th Grade,C,15000.0,15000.0,0.0,0.0,COMPLETED
ADM-2026-02728,Aditya Kumar,11th Grade,C,12000.0,12000.0,0.0,0.0,COMPLETED
ADM-2026-02729,Neha Singh,12th Grade,D,18000.0,18000.0,0.0,0.0,COMPLETED
ADM-2026-02730,Rahul Menon,10th Grade,D,22000.0,6688.76,15311.24,0.0,PENDING_DUE
ADM-2026-02731,Pankaj Choudhury,9th Grade,B,12000.0,5319.64,6680.36,0.0,PENDING_DUE
ADM-2026-02732,Priya Verma,11th Grade,C,18000.0,18000.0,0.0,0.0,COMPLETED
ADM-2026-02733,Arjun Malhotra,12th Grade,C,12000.0,12000.0,0.0,0.0,COMPLETED
ADM-2026-02734,Riya Menon,9th Grade,C,22000.0,22000.0,0.0,0.0,COMPLETED
ADM-2026-02735,Vivaan Deshmukh,12th Grade,B,18000.0,18000.0,0.0,0.0,COMPLETED
ADM-2026-02736,Rahul Verma,11th Grade,A,15000.0,6616.4,8383.6,0.0,PENDING_DUE
ADM-2026-02737,Ayaan Iyer,12th Grade,B,15000.0,15000.0,0.0,0.0,COMPLETED
ADM-2026-02738,Rohan Kumar,11th Grade,A,15000.0,15000.0,0.0,0.0,COMPLETED
ADM-2026-02739,Vihaan Menon,10th Grade,C,22000.0,22000.0,0.0,0.0,COMPLETED
ADM-2026-02740,Krishna Das,9th Grade,B,18000.0,18000.0,0.0,0.0,COMPLETED
ADM-2026-02741,Karan Reddy,9th Grade,D,15000.0,4416.97,10583.03,0.0,PENDING_DUE
ADM-2026-02742,Vihaan Joshi,12th Grade,D,22000.0,15342.35,6657.65,0.0,PENDING_DUE
ADM-2026-02743,Krishna Reddy,12th Grade,B,15000.0,8387.06,6612.94,0.0,PENDING_DUE
ADM-2026-02744,Amit Choudhury,11th Grade,C,12000.0,12000.0,0.0,0.0,COMPLETED
ADM-2026-02745,Vivaan Patel,12th Grade,D,18000.0,10005.3,7994.7,0.0,PENDING_DUE
ADM-2026-02746,Ishaan Iyer,12th Grade,D,22000.0,22000.0,0.0,0.0,COMPLETED
ADM-2026-02747,Sneha Deshmukh,10th Grade,A,15000.0,6866.7,8133.3,0.0,PENDING_DUE
ADM-2026-02748,Priya Joshi,10th Grade,B,15000.0,15000.0,0.0,0.0,COMPLETED
ADM-2026-02749,Rohan Das,12th Grade,A,15000.0,15000.0,0.0,0.0,COMPLETED
ADM-2026-02750,Diya Iyer,11th Grade,A,18000.0,18000.0,0.0,0.0,COMPLETED
ADM-2026-02751,Diya Nair,12th Grade,B,12000.0,1884.78,10115.22,1000.0,DEFAULT_AGED
ADM-2026-02752,Pari Reddy,11th Grade,A,22000.0,22000.0,0.0,0.0,COMPLETED
ADM-2026-02753,Krishna Malhotra,11th Grade,D,12000.0,12000.0,0.0,0.0,COMPLETED
ADM-2026-02754,Ishaan Sen,10th Grade,B,22000.0,2345.12,19654.88,1000.0,DEFAULT_AGED
ADM-2026-02755,Meera Nair,11th Grade,B,12000.0,12000.0,0.0,0.0,COMPLETED
ADM-2026-02756,Ayaan Joshi,12th Grade,A,12000.0,3263.6,8736.4,0.0,PENDING_DUE
ADM-2026-02757,Reyansh Deshmukh,10th Grade,A,12000.0,12000.0,0.0,0.0,COMPLETED
ADM-2026-02758,Ananya Iyer,12th Grade,B,22000.0,5462.57,16537.43,0.0,PENDING_DUE
ADM-2026-02759,Vikas Joshi,11th Grade,B,22000.0,11157.7,10842.3,0.0,PENDING_DUE
ADM-2026-02760,Sai Das,11th Grade,B,22000.0,5029.2,16970.8,0.0,PENDING_DUE
ADM-2026-02761,Reyansh Singh,9th Grade,C,12000.0,636.67,11363.33,500.0,DEFAULT_AGED
ADM-2026-02762,Vikas Joshi,12th Grade,C,18000.0,12215.3,5784.7,0.0,PENDING_DUE
ADM-2026-02763,Rohan Deshmukh,10th Grade,D,15000.0,15000.0,0.0,0.0,COMPLETED
ADM-2026-02764,Pankaj Deshmukh,12th Grade,B,12000.0,3482.59,8517.41,1000.0,DEFAULT_AGED
ADM-2026-02765,Pooja Sharma,9th Grade,B,12000.0,12000.0,0.0,0.0,COMPLETED
ADM-2026-02766,Riya Nair,9th Grade,B,18000.0,3651.77,14348.23,1000.0,DEFAULT_AGED
ADM-2026-02767,Pankaj Sharma,11th Grade,B,15000.0,15000.0,0.0,0.0,COMPLETED
ADM-2026-02768,Pari Joshi,12th Grade,B,12000.0,6075.79,5924.21,0.0,PENDING_DUE
ADM-2026-02769,Kavita Malhotra,12th Grade,B,22000.0,5348.99,16651.01,1000.0,DEFAULT_AGED
ADM-2026-02770,Aditya Das,12th Grade,C,15000.0,15000.0,0.0,0.0,COMPLETED
ADM-2026-02771,Vivaan Pillai,9th Grade,B,15000.0,9101.68,5898.32,0.0,PENDING_DUE
ADM-2026-02772,Neha Verma,10th Grade,A,15000.0,4522.61,10477.39,0.0,PENDING_DUE
ADM-2026-02773,Riya Joshi,12th Grade,C,22000.0,22000.0,0.0,0.0,COMPLETED
ADM-2026-02774,Meera Verma,11th Grade,B,12000.0,3212.85,8787.15,0.0,PENDING_DUE
ADM-2026-02775,Kavita Sen,10th Grade,C,12000.0,12000.0,0.0,0.0,COMPLETED
ADM-2026-02776,Pari Kumar,10th Grade,D,15000.0,9621.82,5378.18,0.0,PENDING_DUE
ADM-2026-02777,Sneha Verma,12th Grade,B,15000.0,5862.94,9137.06,0.0,PENDING_DUE
ADM-2026-02778,Krishna Sharma,12th Grade,D,15000.0,15000.0,0.0,0.0,COMPLETED
ADM-2026-02779,Diya Choudhury,10th Grade,B,22000.0,13415.23,8584.77,0.0,PENDING_DUE
ADM-2026-02780,Karan Kumar,10th Grade,D,18000.0,18000.0,0.0,0.0,COMPLETED
ADM-2026-02781,Pari Bose,12th Grade,C,22000.0,9449.27,12550.73,0.0,PENDING_DUE
ADM-2026-02782,Diya Reddy,9th Grade,D,12000.0,3563.06,8436.94,0.0,PENDING_DUE
ADM-2026-02783,Diya Menon,12th Grade,C,22000.0,1832.18,20167.82,500.0,DEFAULT_AGED
ADM-2026-02784,Ishaan Menon,10th Grade,D,12000.0,12000.0,0.0,0.0,COMPLETED
ADM-2026-02785,Aadhya Bose,9th Grade,A,22000.0,22000.0,0.0,0.0,COMPLETED
ADM-2026-02786,Pooja Kumar,11th Grade,A,12000.0,12000.0,0.0,0.0,COMPLETED
ADM-2026-02787,Sanya Pillai,10th Grade,A,18000.0,18000.0,0.0,0.0,COMPLETED
ADM-2026-02788,Sai Sen,10th Grade,C,22000.0,22000.0,0.0,0.0,COMPLETED
ADM-2026-02789,Meera Malhotra,9th Grade,B,12000.0,12000.0,0.0,0.0,COMPLETED
ADM-2026-02790,Aditya Verma,10th Grade,C,15000.0,8122.67,6877.33,0.0,PENDING_DUE
ADM-2026-02791,Amit Pillai,12th Grade,B,12000.0,12000.0,0.0,0.0,COMPLETED
ADM-2026-02792,Sanya Deshmukh,11th Grade,B,12000.0,4971.97,7028.03,0.0,PENDING_DUE
ADM-2026-02793,Rohan Kumar,12th Grade,D,15000.0,15000.0,0.0,0.0,COMPLETED
ADM-2026-02794,Kavita Singh,10th Grade,C,22000.0,22000.0,0.0,0.0,COMPLETED
ADM-2026-02795,Rohan Deshmukh,12th Grade,C,18000.0,18000.0,0.0,0.0,COMPLETED
ADM-2026-02796,Pankaj Kumar,10th Grade,D,22000.0,13688.83,8311.17,0.0,PENDING_DUE
ADM-2026-02797,Diya Sharma,12th Grade,C,12000.0,1860.07,10139.93,1000.0,DEFAULT_AGED
ADM-2026-02798,Diya Sharma,11th Grade,D,22000.0,22000.0,0.0,0.0,COMPLETED
ADM-2026-02799,Amit Menon,12th Grade,C,12000.0,6416.85,5583.15,0.0,PENDING_DUE
ADM-2026-02800,Vivaan Das,10th Grade,C,18000.0,4457.77,13542.23,0.0,PENDING_DUE
ADM-2026-02801,Ayaan Singh,11th Grade,C,15000.0,15000.0,0.0,0.0,COMPLETED
ADM-2026-02802,Ayaan Singh,12th Grade,C,12000.0,3331.52,8668.48,0.0,PENDING_DUE
ADM-2026-02803,Ananya Menon,10th Grade,A,12000.0,12000.0,0.0,0.0,COMPLETED
ADM-2026-02804,Sneha Sharma,12th Grade,C,18000.0,18000.0,0.0,0.0,COMPLETED
ADM-2026-02805,Priya Verma,11th Grade,A,22000.0,1823.07,20176.93,500.0,DEFAULT_AGED
ADM-2026-02806,Riya Iyer,10th Grade,A,22000.0,22000.0,0.0,0.0,COMPLETED
ADM-2026-02807,Sneha Menon,12th Grade,C,12000.0,2925.2,9074.8,0.0,PENDING_DUE
ADM-2026-02808,Diya Nair,9th Grade,C,12000.0,12000.0,0.0,0.0,COMPLETED
ADM-2026-02809,Vihaan Kumar,10th Grade,A,12000.0,12000.0,0.0,0.0,COMPLETED
ADM-2026-02810,Sanya Gupta,12th Grade,B,22000.0,15315.97,6684.03,0.0,PENDING_DUE
ADM-2026-02811,Arjun Joshi,10th Grade,C,12000.0,12000.0,0.0,0.0,COMPLETED
ADM-2026-02812,Priya Menon,12th Grade,D,15000.0,5138.3,9861.7,0.0,PENDING_DUE
ADM-2026-02813,Vikas Nair,10th Grade,B,12000.0,12000.0,0.0,0.0,COMPLETED
ADM-2026-02814,Anjali Das,9th Grade,D,12000.0,3165.89,8834.11,0.0,PENDING_DUE
ADM-2026-02815,Amit Bose,11th Grade,B,18000.0,7484.88,10515.12,0.0,PENDING_DUE
ADM-2026-02816,Vivaan Singh,9th Grade,C,22000.0,22000.0,0.0,0.0,COMPLETED
ADM-2026-02817,Vikas Deshmukh,10th Grade,A,22000.0,22000.0,0.0,0.0,COMPLETED
ADM-2026-02818,Rohan Verma,11th Grade,D,18000.0,9673.62,8326.38,0.0,PENDING_DUE
ADM-2026-02819,Rahul Choudhury,12th Grade,D,12000.0,12000.0,0.0,0.0,COMPLETED
ADM-2026-02820,Priya Rao,11th Grade,C,15000.0,15000.0,0.0,0.0,COMPLETED
ADM-2026-02821,Priya Rao,12th Grade,D,18000.0,18000.0,0.0,0.0,COMPLETED
ADM-2026-02822,Sneha Sharma,12th Grade,A,22000.0,9955.88,12044.12,0.0,PENDING_DUE
ADM-2026-02823,Aarav Sen,10th Grade,C,15000.0,15000.0,0.0,0.0,COMPLETED
ADM-2026-02824,Vivaan Menon,12th Grade,C,15000.0,15000.0,0.0,0.0,COMPLETED
ADM-2026-02825,Pari Choudhury,10th Grade,D,18000.0,18000.0,0.0,0.0,COMPLETED
ADM-2026-02826,Vihaan Kumar,12th Grade,D,18000.0,18000.0,0.0,0.0,COMPLETED
ADM-2026-02827,Ishaan Mehta,11th Grade,C,22000.0,15093.62,6906.38,0.0,PENDING_DUE
ADM-2026-02828,Reyansh Pillai,9th Grade,B,22000.0,22000.0,0.0,0.0,COMPLETED
ADM-2026-02829,Vivaan Mehta,9th Grade,C,22000.0,13156.16,8843.84,0.0,PENDING_DUE
ADM-2026-02830,Anjali Deshmukh,10th Grade,D,18000.0,18000.0,0.0,0.0,COMPLETED
ADM-2026-02831,Pankaj Reddy,12th Grade,A,18000.0,18000.0,0.0,0.0,COMPLETED
ADM-2026-02832,Pankaj Singh,9th Grade,B,22000.0,22000.0,0.0,0.0,COMPLETED
ADM-2026-02833,Kavita Malhotra,9th Grade,C,22000.0,9872.79,12127.21,0.0,PENDING_DUE
ADM-2026-02834,Krishna Rao,12th Grade,D,18000.0,18000.0,0.0,0.0,COMPLETED
ADM-2026-02835,Sai Choudhury,10th Grade,B,12000.0,3919.77,8080.23,0.0,PENDING_DUE
ADM-2026-02836,Rohan Pillai,10th Grade,A,15000.0,3231.25,11768.75,250.0,DEFAULT_AGED
ADM-2026-02837,Pooja Choudhury,11th Grade,B,12000.0,2726.92,9273.08,0.0,PENDING_DUE
ADM-2026-02838,Vikas Nair,10th Grade,B,12000.0,2034.74,9965.26,1000.0,DEFAULT_AGED
ADM-2026-02839,Pankaj Sharma,9th Grade,C,15000.0,15000.0,0.0,0.0,COMPLETED
ADM-2026-02840,Krishna Gupta,9th Grade,C,15000.0,15000.0,0.0,0.0,COMPLETED
ADM-2026-02841,Rahul Pillai,10th Grade,B,22000.0,22000.0,0.0,0.0,COMPLETED
ADM-2026-02842,Ishaan Joshi,12th Grade,D,15000.0,15000.0,0.0,0.0,COMPLETED
ADM-2026-02843,Vihaan Bose,12th Grade,B,18000.0,18000.0,0.0,0.0,COMPLETED
ADM-2026-02844,Riya Joshi,12th Grade,C,12000.0,3234.91,8765.09,1000.0,DEFAULT_AGED
ADM-2026-02845,Aditya Patel,12th Grade,D,22000.0,5555.71,16444.29,0.0,PENDING_DUE
ADM-2026-02846,Sneha Verma,10th Grade,D,18000.0,18000.0,0.0,0.0,COMPLETED
ADM-2026-02847,Kavita Das,9th Grade,B,18000.0,8174.95,9825.05,0.0,PENDING_DUE
ADM-2026-02848,Rahul Das,9th Grade,C,12000.0,12000.0,0.0,0.0,COMPLETED
ADM-2026-02849,Arjun Verma,10th Grade,D,22000.0,293.84,21706.16,250.0,DEFAULT_AGED
ADM-2026-02850,Arjun Menon,9th Grade,D,15000.0,2482.22,12517.78,1000.0,DEFAULT_AGED
ADM-2026-02851,Krishna Joshi,11th Grade,C,12000.0,7341.66,4658.34,0.0,PENDING_DUE
ADM-2026-02852,Vihaan Menon,10th Grade,C,18000.0,2163.36,15836.64,500.0,DEFAULT_AGED
ADM-2026-02853,Reyansh Reddy,11th Grade,A,15000.0,3739.66,11260.34,0.0,PENDING_DUE
ADM-2026-02854,Meera Gupta,12th Grade,D,12000.0,12000.0,0.0,0.0,COMPLETED
ADM-2026-02855,Amit Patel,12th Grade,A,12000.0,12000.0,0.0,0.0,COMPLETED
ADM-2026-02856,Neha Reddy,9th Grade,D,12000.0,12000.0,0.0,0.0,COMPLETED
ADM-2026-02857,Riya Choudhury,11th Grade,C,15000.0,4210.12,10789.88,0.0,PENDING_DUE
ADM-2026-02858,Ishaan Das,11th Grade,D,22000.0,13550.51,8449.49,0.0,PENDING_DUE
ADM-2026-02859,Neha Sharma,10th Grade,A,22000.0,22000.0,0.0,0.0,COMPLETED
ADM-2026-02860,Karan Iyer,12th Grade,B,12000.0,6913.78,5086.22,0.0,PENDING_DUE
ADM-2026-02861,Pankaj Nair,12th Grade,D,18000.0,18000.0,0.0,0.0,COMPLETED
ADM-2026-02862,Reyansh Singh,9th Grade,A,12000.0,1780.7,10219.3,500.0,DEFAULT_AGED
ADM-2026-02863,Aadhya Das,12th Grade,C,15000.0,515.47,14484.53,1000.0,DEFAULT_AGED
ADM-2026-02864,Neha Patel,11th Grade,D,18000.0,3538.78,14461.22,500.0,DEFAULT_AGED
ADM-2026-02865,Pari Menon,9th Grade,D,22000.0,22000.0,0.0,0.0,COMPLETED
ADM-2026-02866,Anjali Kumar,9th Grade,A,15000.0,15000.0,0.0,0.0,COMPLETED
ADM-2026-02867,Vihaan Rao,10th Grade,A,12000.0,5303.04,6696.96,0.0,PENDING_DUE
ADM-2026-02868,Aarav Sen,12th Grade,D,18000.0,11286.62,6713.38,0.0,PENDING_DUE
ADM-2026-02869,Vihaan Nair,12th Grade,D,12000.0,12000.0,0.0,0.0,COMPLETED
ADM-2026-02870,Vivaan Pillai,12th Grade,C,18000.0,18000.0,0.0,0.0,COMPLETED
ADM-2026-02871,Priya Menon,12th Grade,D,15000.0,1640.54,13359.46,250.0,DEFAULT_AGED
ADM-2026-02872,Aarav Rao,11th Grade,D,22000.0,22000.0,0.0,0.0,COMPLETED
ADM-2026-02873,Riya Verma,9th Grade,D,12000.0,12000.0,0.0,0.0,COMPLETED
ADM-2026-02874,Sanya Menon,11th Grade,B,12000.0,2399.54,9600.46,1000.0,DEFAULT_AGED
ADM-2026-02875,Anjali Sharma,12th Grade,D,15000.0,5055.85,9944.15,0.0,PENDING_DUE
ADM-2026-02876,Reyansh Singh,10th Grade,B,22000.0,22000.0,0.0,0.0,COMPLETED
ADM-2026-02877,Riya Sharma,11th Grade,A,15000.0,5888.25,9111.75,0.0,PENDING_DUE
ADM-2026-02878,Ayaan Rao,10th Grade,D,18000.0,7516.1,10483.9,0.0,PENDING_DUE
ADM-2026-02879,Rahul Choudhury,10th Grade,A,12000.0,12000.0,0.0,0.0,COMPLETED
ADM-2026-02880,Ayaan Singh,10th Grade,A,22000.0,22000.0,0.0,0.0,COMPLETED
ADM-2026-02881,Kavita Iyer,11th Grade,D,18000.0,6105.69,11894.31,0.0,PENDING_DUE
ADM-2026-02882,Riya Patel,11th Grade,D,15000.0,7658.65,7341.35,0.0,PENDING_DUE
ADM-2026-02883,Diya Bose,11th Grade,B,18000.0,18000.0,0.0,0.0,COMPLETED
ADM-2026-02884,Neha Das,9th Grade,D,15000.0,3635.23,11364.77,0.0,PENDING_DUE
ADM-2026-02885,Ishaan Joshi,11th Grade,C,22000.0,13238.38,8761.62,0.0,PENDING_DUE
ADM-2026-02886,Sanya Choudhury,11th Grade,B,22000.0,8127.84,13872.16,0.0,PENDING_DUE
ADM-2026-02887,Neha Iyer,11th Grade,B,12000.0,2452.71,9547.29,0.0,PENDING_DUE
ADM-2026-02888,Priya Kumar,12th Grade,B,22000.0,22000.0,0.0,0.0,COMPLETED
ADM-2026-02889,Vihaan Choudhury,9th Grade,D,12000.0,5472.8,6527.2,0.0,PENDING_DUE
ADM-2026-02890,Reyansh Joshi,9th Grade,D,12000.0,5457.69,6542.31,0.0,PENDING_DUE
ADM-2026-02891,Reyansh Patel,9th Grade,C,15000.0,15000.0,0.0,0.0,COMPLETED
ADM-2026-02892,Aadhya Sharma,12th Grade,D,18000.0,10278.63,7721.37,0.0,PENDING_DUE
ADM-2026-02893,Ishaan Kumar,10th Grade,C,12000.0,7729.89,4270.11,0.0,PENDING_DUE
ADM-2026-02894,Pari Iyer,10th Grade,D,22000.0,22000.0,0.0,0.0,COMPLETED
ADM-2026-02895,Aarav Mehta,9th Grade,C,15000.0,15000.0,0.0,0.0,COMPLETED
ADM-2026-02896,Rahul Gupta,12th Grade,A,22000.0,22000.0,0.0,0.0,COMPLETED
ADM-2026-02897,Arjun Singh,9th Grade,C,15000.0,3107.93,11892.07,250.0,DEFAULT_AGED
ADM-2026-02898,Aditya Menon,11th Grade,B,12000.0,6012.9,5987.1,0.0,PENDING_DUE
ADM-2026-02899,Pankaj Singh,10th Grade,B,15000.0,15000.0,0.0,0.0,COMPLETED
ADM-2026-02900,Arjun Kumar,9th Grade,B,12000.0,3474.26,8525.74,0.0,PENDING_DUE
ADM-2026-02901,Amit Iyer,11th Grade,B,22000.0,22000.0,0.0,0.0,COMPLETED
ADM-2026-02902,Arjun Singh,9th Grade,D,22000.0,4199.1,17800.9,500.0,DEFAULT_AGED
ADM-2026-02903,Anjali Mehta,11th Grade,A,12000.0,4453.92,7546.08,0.0,PENDING_DUE
ADM-2026-02904,Krishna Menon,10th Grade,A,15000.0,15000.0,0.0,0.0,COMPLETED
ADM-2026-02905,Meera Sharma,10th Grade,B,22000.0,5696.75,16303.25,0.0,PENDING_DUE
ADM-2026-02906,Aditya Sen,12th Grade,B,12000.0,4498.91,7501.09,0.0,PENDING_DUE
ADM-2026-02907,Diya Mehta,11th Grade,B,22000.0,7225.01,14774.99,0.0,PENDING_DUE
ADM-2026-02908,Pooja Menon,11th Grade,B,12000.0,12000.0,0.0,0.0,COMPLETED
ADM-2026-02909,Reyansh Iyer,12th Grade,D,12000.0,12000.0,0.0,0.0,COMPLETED
ADM-2026-02910,Vikas Patel,9th Grade,D,18000.0,18000.0,0.0,0.0,COMPLETED
ADM-2026-02911,Anjali Deshmukh,11th Grade,D,12000.0,7958.61,4041.39,0.0,PENDING_DUE
ADM-2026-02912,Kavita Pillai,12th Grade,D,12000.0,5358.52,6641.48,0.0,PENDING_DUE
ADM-2026-02913,Krishna Patel,10th Grade,A,15000.0,15000.0,0.0,0.0,COMPLETED
ADM-2026-02914,Meera Sen,10th Grade,B,18000.0,9988.94,8011.06,0.0,PENDING_DUE
ADM-2026-02915,Kavita Deshmukh,9th Grade,D,22000.0,22000.0,0.0,0.0,COMPLETED
ADM-2026-02916,Amit Malhotra,11th Grade,D,12000.0,4201.83,7798.17,0.0,PENDING_DUE
ADM-2026-02917,Rohan Das,10th Grade,D,12000.0,12000.0,0.0,0.0,COMPLETED
ADM-2026-02918,Ananya Pillai,11th Grade,C,22000.0,22000.0,0.0,0.0,COMPLETED
ADM-2026-02919,Diya Malhotra,12th Grade,B,22000.0,22000.0,0.0,0.0,COMPLETED
ADM-2026-02920,Meera Das,10th Grade,C,18000.0,3460.07,14539.93,1000.0,DEFAULT_AGED
ADM-2026-02921,Sai Rao,11th Grade,D,18000.0,9691.03,8308.97,0.0,PENDING_DUE
ADM-2026-02922,Pari Das,12th Grade,B,22000.0,22000.0,0.0,0.0,COMPLETED
ADM-2026-02923,Krishna Menon,9th Grade,D,18000.0,1031.15,16968.85,500.0,DEFAULT_AGED
ADM-2026-02924,Pankaj Iyer,12th Grade,D,22000.0,11508.45,10491.55,0.0,PENDING_DUE
ADM-2026-02925,Rohan Malhotra,11th Grade,C,12000.0,7533.26,4466.74,0.0,PENDING_DUE
ADM-2026-02926,Diya Pillai,10th Grade,C,12000.0,12000.0,0.0,0.0,COMPLETED
ADM-2026-02927,Aditya Reddy,9th Grade,C,18000.0,7227.8,10772.2,0.0,PENDING_DUE
ADM-2026-02928,Ishaan Iyer,11th Grade,B,12000.0,12000.0,0.0,0.0,COMPLETED
ADM-2026-02929,Pooja Deshmukh,11th Grade,C,12000.0,6586.56,5413.44,0.0,PENDING_DUE
ADM-2026-02930,Neha Das,11th Grade,A,18000.0,6448.65,11551.35,0.0,PENDING_DUE
ADM-2026-02931,Sanya Nair,11th Grade,A,12000.0,12000.0,0.0,0.0,COMPLETED
ADM-2026-02932,Sneha Gupta,10th Grade,B,18000.0,18000.0,0.0,0.0,COMPLETED
ADM-2026-02933,Aditya Reddy,9th Grade,A,22000.0,11160.34,10839.66,0.0,PENDING_DUE
ADM-2026-02934,Rahul Iyer,9th Grade,C,18000.0,4744.68,13255.32,500.0,DEFAULT_AGED
ADM-2026-02935,Reyansh Pillai,11th Grade,A,22000.0,22000.0,0.0,0.0,COMPLETED
ADM-2026-02936,Reyansh Pillai,9th Grade,D,12000.0,12000.0,0.0,0.0,COMPLETED
ADM-2026-02937,Neha Das,12th Grade,D,22000.0,5721.05,16278.95,0.0,PENDING_DUE
ADM-2026-02938,Amit Joshi,12th Grade,C,18000.0,18000.0,0.0,0.0,COMPLETED
ADM-2026-02939,Diya Menon,9th Grade,A,18000.0,3648.81,14351.19,250.0,DEFAULT_AGED
ADM-2026-02940,Karan Malhotra,10th Grade,D,15000.0,7665.47,7334.53,0.0,PENDING_DUE
ADM-2026-02941,Ishaan Choudhury,10th Grade,D,15000.0,6557.62,8442.38,0.0,PENDING_DUE
ADM-2026-02942,Krishna Bose,11th Grade,B,22000.0,22000.0,0.0,0.0,COMPLETED
ADM-2026-02943,Ananya Joshi,12th Grade,D,12000.0,12000.0,0.0,0.0,COMPLETED
ADM-2026-02944,Amit Choudhury,12th Grade,D,18000.0,18000.0,0.0,0.0,COMPLETED
ADM-2026-02945,Sanya Das,10th Grade,D,22000.0,22000.0,0.0,0.0,COMPLETED
ADM-2026-02946,Karan Sharma,9th Grade,A,22000.0,4954.02,17045.98,500.0,DEFAULT_AGED
ADM-2026-02947,Anjali Joshi,11th Grade,A,18000.0,18000.0,0.0,0.0,COMPLETED
ADM-2026-02948,Meera Mehta,9th Grade,D,18000.0,18000.0,0.0,0.0,COMPLETED
ADM-2026-02949,Reyansh Patel,11th Grade,B,18000.0,18000.0,0.0,0.0,COMPLETED
ADM-2026-02950,Diya Joshi,12th Grade,A,18000.0,7943.51,10056.49,0.0,PENDING_DUE
ADM-2026-02951,Karan Pillai,10th Grade,B,22000.0,22000.0,0.0,0.0,COMPLETED
ADM-2026-02952,Diya Sharma,12th Grade,D,12000.0,12000.0,0.0,0.0,COMPLETED
ADM-2026-02953,Sai Patel,9th Grade,A,18000.0,8565.44,9434.56,0.0,PENDING_DUE
ADM-2026-02954,Kavita Mehta,9th Grade,B,12000.0,12000.0,0.0,0.0,COMPLETED
ADM-2026-02955,Arjun Pillai,11th Grade,A,15000.0,6704.68,8295.32,0.0,PENDING_DUE
ADM-2026-02956,Aarav Gupta,12th Grade,A,12000.0,12000.0,0.0,0.0,COMPLETED
ADM-2026-02957,Reyansh Sen,11th Grade,D,22000.0,22000.0,0.0,0.0,COMPLETED
ADM-2026-02958,Aarav Sen,10th Grade,A,15000.0,15000.0,0.0,0.0,COMPLETED
ADM-2026-02959,Pooja Verma,12th Grade,B,22000.0,12164.63,9835.37,0.0,PENDING_DUE
ADM-2026-02960,Aarav Kumar,9th Grade,B,12000.0,12000.0,0.0,0.0,COMPLETED
ADM-2026-02961,Reyansh Patel,9th Grade,D,15000.0,15000.0,0.0,0.0,COMPLETED
ADM-2026-02962,Aarav Nair,9th Grade,D,12000.0,12000.0,0.0,0.0,COMPLETED
ADM-2026-02963,Riya Mehta,12th Grade,B,12000.0,12000.0,0.0,0.0,COMPLETED
ADM-2026-02964,Vihaan Choudhury,10th Grade,B,18000.0,6179.09,11820.91,0.0,PENDING_DUE
ADM-2026-02965,Ayaan Deshmukh,11th Grade,B,12000.0,3012.78,8987.22,0.0,PENDING_DUE
ADM-2026-02966,Rahul Reddy,9th Grade,C,12000.0,7975.28,4024.72,0.0,PENDING_DUE
ADM-2026-02967,Kavita Das,10th Grade,D,15000.0,15000.0,0.0,0.0,COMPLETED
ADM-2026-02968,Aarav Patel,10th Grade,B,15000.0,1234.96,13765.04,1000.0,DEFAULT_AGED
ADM-2026-02969,Kavita Iyer,9th Grade,D,18000.0,18000.0,0.0,0.0,COMPLETED
ADM-2026-02970,Pooja Iyer,10th Grade,A,18000.0,18000.0,0.0,0.0,COMPLETED
ADM-2026-02971,Krishna Deshmukh,10th Grade,D,15000.0,7855.61,7144.39,0.0,PENDING_DUE
ADM-2026-02972,Aadhya Das,11th Grade,A,22000.0,3102.16,18897.84,500.0,DEFAULT_AGED
ADM-2026-02973,Sneha Iyer,12th Grade,D,12000.0,12000.0,0.0,0.0,COMPLETED
ADM-2026-02974,Aditya Menon,12th Grade,A,18000.0,11523.31,6476.69,0.0,PENDING_DUE
ADM-2026-02975,Krishna Reddy,10th Grade,C,18000.0,18000.0,0.0,0.0,COMPLETED
ADM-2026-02976,Arjun Das,10th Grade,C,12000.0,5936.36,6063.64,0.0,PENDING_DUE
ADM-2026-02977,Vihaan Choudhury,10th Grade,D,22000.0,5956.1,16043.9,0.0,PENDING_DUE
ADM-2026-02978,Kavita Iyer,10th Grade,D,22000.0,3983.03,18016.97,250.0,DEFAULT_AGED
ADM-2026-02979,Ishaan Sharma,9th Grade,B,12000.0,12000.0,0.0,0.0,COMPLETED
ADM-2026-02980,Sai Choudhury,10th Grade,A,12000.0,1225.2,10774.8,500.0,DEFAULT_AGED
ADM-2026-02981,Aarav Mehta,10th Grade,D,15000.0,15000.0,0.0,0.0,COMPLETED
ADM-2026-02982,Ishaan Malhotra,12th Grade,B,15000.0,15000.0,0.0,0.0,COMPLETED
ADM-2026-02983,Sanya Nair,9th Grade,C,22000.0,12066.76,9933.24,0.0,PENDING_DUE
ADM-2026-02984,Amit Kumar,10th Grade,D,22000.0,22000.0,0.0,0.0,COMPLETED
ADM-2026-02985,Vivaan Deshmukh,9th Grade,D,15000.0,5190.17,9809.83,0.0,PENDING_DUE
ADM-2026-02986,Sanya Das,12th Grade,A,15000.0,4100.36,10899.64,0.0,PENDING_DUE
ADM-2026-02987,Vihaan Sharma,9th Grade,D,22000.0,14976.7,7023.3,0.0,PENDING_DUE
ADM-2026-02988,Anjali Reddy,11th Grade,D,22000.0,2694.39,19305.61,1000.0,DEFAULT_AGED
ADM-2026-02989,Diya Iyer,12th Grade,B,12000.0,12000.0,0.0,0.0,COMPLETED
ADM-2026-02990,Neha Rao,9th Grade,C,15000.0,15000.0,0.0,0.0,COMPLETED
ADM-2026-02991,Neha Mehta,12th Grade,D,18000.0,18000.0,0.0,0.0,COMPLETED
ADM-2026-02992,Diya Bose,10th Grade,B,15000.0,15000.0,0.0,0.0,COMPLETED
ADM-2026-02993,Neha Sharma,10th Grade,C,18000.0,3238.02,14761.98,500.0,DEFAULT_AGED
ADM-2026-02994,Rohan Malhotra,10th Grade,B,22000.0,22000.0,0.0,0.0,COMPLETED
ADM-2026-02995,Pari Nair,9th Grade,A,15000.0,10308.36,4691.64,0.0,PENDING_DUE
ADM-2026-02996,Meera Patel,11th Grade,D,15000.0,15000.0,0.0,0.0,COMPLETED
ADM-2026-02997,Meera Menon,11th Grade,C,18000.0,4729.98,13270.02,1000.0,DEFAULT_AGED
ADM-2026-02998,Riya Kumar,9th Grade,B,18000.0,18000.0,0.0,0.0,COMPLETED
ADM-2026-02999,Sneha Sharma,10th Grade,B,18000.0,18000.0,0.0,0.0,COMPLETED
ADM-2026-03000,Anjali Bose,9th Grade,B,12000.0,2593.23,9406.77,0.0,PENDING_DUE
ADM-2026-03001,Ishaan Iyer,12th Grade,A,12000.0,12000.0,0.0,0.0,COMPLETED
ADM-2026-03002,Rahul Deshmukh,10th Grade,D,12000.0,6848.09,5151.91,0.0,PENDING_DUE
ADM-2026-03003,Kavita Gupta,11th Grade,A,15000.0,15000.0,0.0,0.0,COMPLETED
ADM-2026-03004,Rahul Sen,10th Grade,A,18000.0,18000.0,0.0,0.0,COMPLETED
ADM-2026-03005,Diya Reddy,10th Grade,A,18000.0,18000.0,0.0,0.0,COMPLETED
ADM-2026-03006,Arjun Bose,12th Grade,A,18000.0,12245.99,5754.01,0.0,PENDING_DUE
ADM-2026-03007,Sai Nair,11th Grade,A,15000.0,15000.0,0.0,0.0,COMPLETED
ADM-2026-03008,Aditya Verma,9th Grade,D,12000.0,12000.0,0.0,0.0,COMPLETED
ADM-2026-03009,Ishaan Rao,11th Grade,C,22000.0,7908.52,14091.48,0.0,PENDING_DUE
ADM-2026-03010,Vihaan Bose,11th Grade,C,12000.0,12000.0,0.0,0.0,COMPLETED
ADM-2026-03011,Ishaan Rao,11th Grade,D,18000.0,18000.0,0.0,0.0,COMPLETED
ADM-2026-03012,Sai Deshmukh,11th Grade,A,22000.0,22000.0,0.0,0.0,COMPLETED
ADM-2026-03013,Amit Das,10th Grade,D,22000.0,22000.0,0.0,0.0,COMPLETED
ADM-2026-03014,Ananya Pillai,12th Grade,D,15000.0,4498.19,10501.81,0.0,PENDING_DUE
ADM-2026-03015,Vihaan Bose,9th Grade,D,22000.0,22000.0,0.0,0.0,COMPLETED
ADM-2026-03016,Sai Bose,12th Grade,C,15000.0,15000.0,0.0,0.0,COMPLETED
ADM-2026-03017,Arjun Das,10th Grade,D,22000.0,22000.0,0.0,0.0,COMPLETED
ADM-2026-03018,Vihaan Das,11th Grade,D,12000.0,12000.0,0.0,0.0,COMPLETED
ADM-2026-03019,Ayaan Sharma,12th Grade,C,18000.0,11340.4,6659.6,0.0,PENDING_DUE
ADM-2026-03020,Diya Reddy,12th Grade,C,15000.0,15000.0,0.0,0.0,COMPLETED
ADM-2026-03021,Kavita Kumar,9th Grade,D,22000.0,22000.0,0.0,0.0,COMPLETED
ADM-2026-03022,Vivaan Mehta,9th Grade,C,15000.0,613.29,14386.71,500.0,DEFAULT_AGED
ADM-2026-03023,Diya Singh,10th Grade,D,12000.0,12000.0,0.0,0.0,COMPLETED
ADM-2026-03024,Reyansh Das,9th Grade,A,22000.0,3315.13,18684.87,250.0,DEFAULT_AGED
ADM-2026-03025,Pari Nair,9th Grade,C,22000.0,11382.32,10617.68,0.0,PENDING_DUE
ADM-2026-03026,Ananya Patel,9th Grade,D,15000.0,4683.42,10316.58,0.0,PENDING_DUE
ADM-2026-03027,Aditya Malhotra,9th Grade,A,18000.0,18000.0,0.0,0.0,COMPLETED
ADM-2026-03028,Krishna Nair,12th Grade,D,15000.0,15000.0,0.0,0.0,COMPLETED
ADM-2026-03029,Rahul Reddy,9th Grade,B,12000.0,8128.34,3871.66,0.0,PENDING_DUE
ADM-2026-03030,Sneha Patel,11th Grade,C,18000.0,12305.58,5694.42,0.0,PENDING_DUE
ADM-2026-03031,Pari Pillai,9th Grade,D,18000.0,10330.86,7669.14,0.0,PENDING_DUE
ADM-2026-03032,Sanya Rao,9th Grade,A,15000.0,15000.0,0.0,0.0,COMPLETED
ADM-2026-03033,Kavita Reddy,9th Grade,A,22000.0,22000.0,0.0,0.0,COMPLETED
ADM-2026-03034,Pankaj Nair,9th Grade,C,18000.0,18000.0,0.0,0.0,COMPLETED
ADM-2026-03035,Ananya Pillai,11th Grade,C,12000.0,12000.0,0.0,0.0,COMPLETED
ADM-2026-03036,Pooja Iyer,9th Grade,A,22000.0,22000.0,0.0,0.0,COMPLETED
ADM-2026-03037,Aadhya Joshi,10th Grade,C,22000.0,22000.0,0.0,0.0,COMPLETED
ADM-2026-03038,Vivaan Gupta,12th Grade,D,15000.0,15000.0,0.0,0.0,COMPLETED
ADM-2026-03039,Pooja Rao,12th Grade,B,12000.0,12000.0,0.0,0.0,COMPLETED
ADM-2026-03040,Vikas Nair,11th Grade,C,18000.0,5844.29,12155.71,0.0,PENDING_DUE
ADM-2026-03041,Aditya Singh,10th Grade,C,15000.0,15000.0,0.0,0.0,COMPLETED
ADM-2026-03042,Reyansh Kumar,10th Grade,B,15000.0,4716.91,10283.09,0.0,PENDING_DUE
ADM-2026-03043,Pari Sharma,10th Grade,D,18000.0,1612.14,16387.86,250.0,DEFAULT_AGED
ADM-2026-03044,Diya Bose,10th Grade,C,12000.0,726.47,11273.53,500.0,DEFAULT_AGED
ADM-2026-03045,Sanya Joshi,9th Grade,B,12000.0,6936.02,5063.98,0.0,PENDING_DUE
ADM-2026-03046,Vihaan Mehta,9th Grade,C,15000.0,15000.0,0.0,0.0,COMPLETED
ADM-2026-03047,Aadhya Choudhury,9th Grade,B,18000.0,11489.32,6510.68,0.0,PENDING_DUE
ADM-2026-03048,Pankaj Gupta,12th Grade,B,12000.0,12000.0,0.0,0.0,COMPLETED
ADM-2026-03049,Rahul Joshi,10th Grade,B,15000.0,9919.16,5080.84,0.0,PENDING_DUE
ADM-2026-03050,Vivaan Iyer,9th Grade,B,22000.0,11642.4,10357.6,0.0,PENDING_DUE
ADM-2026-03051,Rahul Gupta,9th Grade,D,22000.0,1298.98,20701.02,500.0,DEFAULT_AGED
ADM-2026-03052,Rohan Singh,11th Grade,D,22000.0,22000.0,0.0,0.0,COMPLETED
ADM-2026-03053,Diya Choudhury,11th Grade,A,15000.0,9605.89,5394.11,0.0,PENDING_DUE
ADM-2026-03054,Anjali Choudhury,9th Grade,A,18000.0,2848.49,15151.51,1000.0,DEFAULT_AGED
ADM-2026-03055,Rohan Sen,12th Grade,C,18000.0,8662.62,9337.38,0.0,PENDING_DUE
ADM-2026-03056,Sanya Nair,11th Grade,A,22000.0,7431.68,14568.32,0.0,PENDING_DUE
ADM-2026-03057,Vivaan Patel,12th Grade,D,12000.0,2370.11,9629.89,500.0,DEFAULT_AGED
ADM-2026-03058,Ayaan Malhotra,9th Grade,D,22000.0,22000.0,0.0,0.0,COMPLETED
ADM-2026-03059,Ishaan Gupta,9th Grade,A,12000.0,12000.0,0.0,0.0,COMPLETED
ADM-2026-03060,Ishaan Kumar,11th Grade,C,15000.0,15000.0,0.0,0.0,COMPLETED
ADM-2026-03061,Amit Bose,10th Grade,D,18000.0,5130.6,12869.4,0.0,PENDING_DUE
ADM-2026-03062,Aadhya Gupta,11th Grade,C,18000.0,2781.51,15218.49,250.0,DEFAULT_AGED
ADM-2026-03063,Pooja Sharma,10th Grade,D,12000.0,5281.32,6718.68,0.0,PENDING_DUE
ADM-2026-03064,Diya Iyer,12th Grade,D,18000.0,4504.23,13495.77,500.0,DEFAULT_AGED
ADM-2026-03065,Pooja Kumar,12th Grade,A,18000.0,3123.39,14876.61,1000.0,DEFAULT_AGED
ADM-2026-03066,Kavita Das,11th Grade,D,15000.0,3931.0,11069.0,0.0,PENDING_DUE
ADM-2026-03067,Ananya Kumar,11th Grade,D,12000.0,12000.0,0.0,0.0,COMPLETED
ADM-2026-03068,Neha Mehta,12th Grade,D,18000.0,11216.75,6783.25,0.0,PENDING_DUE
ADM-2026-03069,Amit Reddy,10th Grade,A,15000.0,15000.0,0.0,0.0,COMPLETED
ADM-2026-03070,Reyansh Das,10th Grade,D,15000.0,10062.46,4937.54,0.0,PENDING_DUE
ADM-2026-03071,Rohan Kumar,11th Grade,C,18000.0,4014.19,13985.81,0.0,PENDING_DUE
ADM-2026-03072,Kavita Mehta,11th Grade,D,18000.0,10014.95,7985.05,0.0,PENDING_DUE
ADM-2026-03073,Aditya Deshmukh,9th Grade,A,15000.0,15000.0,0.0,0.0,COMPLETED
ADM-2026-03074,Diya Rao,12th Grade,C,12000.0,12000.0,0.0,0.0,COMPLETED
ADM-2026-03075,Reyansh Choudhury,10th Grade,C,18000.0,18000.0,0.0,0.0,COMPLETED
ADM-2026-03076,Sanya Iyer,11th Grade,C,15000.0,15000.0,0.0,0.0,COMPLETED
ADM-2026-03077,Ayaan Patel,9th Grade,A,12000.0,12000.0,0.0,0.0,COMPLETED
ADM-2026-03078,Sanya Bose,10th Grade,C,22000.0,22000.0,0.0,0.0,COMPLETED
ADM-2026-03079,Pooja Sen,9th Grade,A,22000.0,10658.62,11341.38,0.0,PENDING_DUE
ADM-2026-03080,Ananya Singh,11th Grade,C,22000.0,22000.0,0.0,0.0,COMPLETED
ADM-2026-03081,Rahul Deshmukh,9th Grade,A,12000.0,12000.0,0.0,0.0,COMPLETED
ADM-2026-03082,Ayaan Choudhury,11th Grade,C,22000.0,15073.19,6926.81,0.0,PENDING_DUE
ADM-2026-03083,Krishna Menon,10th Grade,A,12000.0,12000.0,0.0,0.0,COMPLETED
ADM-2026-03084,Aarav Bose,9th Grade,A,15000.0,15000.0,0.0,0.0,COMPLETED
ADM-2026-03085,Krishna Das,12th Grade,A,22000.0,12570.22,9429.78,0.0,PENDING_DUE
ADM-2026-03086,Reyansh Sharma,11th Grade,A,18000.0,18000.0,0.0,0.0,COMPLETED
ADM-2026-03087,Vivaan Sharma,10th Grade,C,12000.0,12000.0,0.0,0.0,COMPLETED
ADM-2026-03088,Sneha Singh,9th Grade,A,15000.0,15000.0,0.0,0.0,COMPLETED
ADM-2026-03089,Priya Patel,9th Grade,C,15000.0,15000.0,0.0,0.0,COMPLETED
ADM-2026-03090,Diya Gupta,9th Grade,C,22000.0,1825.48,20174.52,250.0,DEFAULT_AGED
ADM-2026-03091,Diya Iyer,11th Grade,D,12000.0,7789.63,4210.37,0.0,PENDING_DUE
ADM-2026-03092,Pankaj Choudhury,10th Grade,A,22000.0,5182.58,16817.42,1000.0,DEFAULT_AGED
ADM-2026-03093,Arjun Mehta,9th Grade,B,22000.0,22000.0,0.0,0.0,COMPLETED
ADM-2026-03094,Vivaan Pillai,12th Grade,D,12000.0,12000.0,0.0,0.0,COMPLETED
ADM-2026-03095,Diya Reddy,11th Grade,C,12000.0,12000.0,0.0,0.0,COMPLETED
ADM-2026-03096,Aditya Pillai,9th Grade,C,15000.0,15000.0,0.0,0.0,COMPLETED
ADM-2026-03097,Vivaan Kumar,11th Grade,C,22000.0,22000.0,0.0,0.0,COMPLETED
ADM-2026-03098,Anjali Sen,10th Grade,D,15000.0,15000.0,0.0,0.0,COMPLETED
ADM-2026-03099,Diya Mehta,10th Grade,A,22000.0,10574.75,11425.25,0.0,PENDING_DUE
ADM-2026-03100,Meera Sharma,12th Grade,B,15000.0,15000.0,0.0,0.0,COMPLETED
ADM-2026-03101,Rahul Iyer,12th Grade,C,15000.0,15000.0,0.0,0.0,COMPLETED
ADM-2026-03102,Vivaan Das,10th Grade,C,22000.0,22000.0,0.0,0.0,COMPLETED
ADM-2026-03103,Aadhya Pillai,12th Grade,A,12000.0,12000.0,0.0,0.0,COMPLETED
ADM-2026-03104,Rahul Nair,11th Grade,B,15000.0,3400.29,11599.71,500.0,DEFAULT_AGED
ADM-2026-03105,Aarav Reddy,11th Grade,C,22000.0,15246.44,6753.56,0.0,PENDING_DUE
ADM-2026-03106,Ayaan Iyer,12th Grade,C,18000.0,4640.42,13359.58,250.0,DEFAULT_AGED
ADM-2026-03107,Ishaan Das,11th Grade,A,15000.0,8682.94,6317.06,0.0,PENDING_DUE
ADM-2026-03108,Neha Patel,10th Grade,B,18000.0,18000.0,0.0,0.0,COMPLETED
ADM-2026-03109,Sanya Mehta,10th Grade,B,15000.0,8257.4,6742.6,0.0,PENDING_DUE
ADM-2026-03110,Ayaan Iyer,11th Grade,D,22000.0,22000.0,0.0,0.0,COMPLETED
ADM-2026-03111,Arjun Mehta,9th Grade,C,18000.0,8414.36,9585.64,0.0,PENDING_DUE
ADM-2026-03112,Rohan Verma,10th Grade,B,15000.0,3917.04,11082.96,500.0,DEFAULT_AGED
ADM-2026-03113,Rahul Patel,12th Grade,A,12000.0,12000.0,0.0,0.0,COMPLETED
ADM-2026-03114,Riya Singh,9th Grade,B,15000.0,3386.74,11613.26,0.0,PENDING_DUE
ADM-2026-03115,Kavita Patel,10th Grade,D,22000.0,22000.0,0.0,0.0,COMPLETED
ADM-2026-03116,Vivaan Reddy,10th Grade,A,22000.0,13131.83,8868.17,0.0,PENDING_DUE
ADM-2026-03117,Pooja Bose,9th Grade,B,12000.0,12000.0,0.0,0.0,COMPLETED
ADM-2026-03118,Rahul Mehta,9th Grade,D,15000.0,15000.0,0.0,0.0,COMPLETED
ADM-2026-03119,Neha Reddy,11th Grade,C,12000.0,12000.0,0.0,0.0,COMPLETED
ADM-2026-03120,Pooja Kumar,11th Grade,B,12000.0,12000.0,0.0,0.0,COMPLETED
ADM-2026-03121,Sai Bose,11th Grade,A,18000.0,18000.0,0.0,0.0,COMPLETED
ADM-2026-03122,Vikas Menon,12th Grade,C,15000.0,10217.71,4782.29,0.0,PENDING_DUE
ADM-2026-03123,Ishaan Kumar,10th Grade,B,12000.0,2835.45,9164.55,500.0,DEFAULT_AGED
ADM-2026-03124,Pankaj Reddy,11th Grade,D,15000.0,15000.0,0.0,0.0,COMPLETED
ADM-2026-03125,Vikas Sen,10th Grade,D,12000.0,6514.02,5485.98,0.0,PENDING_DUE
ADM-2026-03126,Sanya Sharma,9th Grade,C,22000.0,22000.0,0.0,0.0,COMPLETED
ADM-2026-03127,Vikas Rao,11th Grade,C,22000.0,8328.93,13671.07,0.0,PENDING_DUE
ADM-2026-03128,Anjali Malhotra,11th Grade,D,22000.0,6317.07,15682.93,0.0,PENDING_DUE
ADM-2026-03129,Karan Deshmukh,10th Grade,D,18000.0,4026.67,13973.33,1000.0,DEFAULT_AGED
ADM-2026-03130,Kavita Pillai,9th Grade,B,12000.0,12000.0,0.0,0.0,COMPLETED
ADM-2026-03131,Riya Patel,12th Grade,C,22000.0,12473.83,9526.17,0.0,PENDING_DUE
ADM-2026-03132,Rahul Sharma,12th Grade,D,22000.0,3274.13,18725.87,500.0,DEFAULT_AGED
ADM-2026-03133,Priya Bose,11th Grade,D,12000.0,12000.0,0.0,0.0,COMPLETED
ADM-2026-03134,Kavita Singh,9th Grade,C,22000.0,22000.0,0.0,0.0,COMPLETED
ADM-2026-03135,Ananya Sharma,11th Grade,D,12000.0,7952.78,4047.22,0.0,PENDING_DUE
ADM-2026-03136,Reyansh Bose,10th Grade,C,18000.0,8766.23,9233.77,0.0,PENDING_DUE
ADM-2026-03137,Sai Malhotra,12th Grade,D,12000.0,12000.0,0.0,0.0,COMPLETED
ADM-2026-03138,Pari Rao,12th Grade,C,22000.0,22000.0,0.0,0.0,COMPLETED
ADM-2026-03139,Pankaj Kumar,12th Grade,B,15000.0,1955.85,13044.15,500.0,DEFAULT_AGED
ADM-2026-03140,Sneha Choudhury,9th Grade,A,18000.0,18000.0,0.0,0.0,COMPLETED
ADM-2026-03141,Pankaj Rao,10th Grade,A,12000.0,4481.46,7518.54,0.0,PENDING_DUE
ADM-2026-03142,Kavita Choudhury,10th Grade,B,12000.0,12000.0,0.0,0.0,COMPLETED
ADM-2026-03143,Ananya Menon,10th Grade,A,12000.0,8068.64,3931.36,0.0,PENDING_DUE
ADM-2026-03144,Karan Das,9th Grade,A,12000.0,12000.0,0.0,0.0,COMPLETED
ADM-2026-03145,Riya Pillai,12th Grade,C,22000.0,22000.0,0.0,0.0,COMPLETED
ADM-2026-03146,Diya Verma,12th Grade,A,22000.0,12169.4,9830.6,0.0,PENDING_DUE
ADM-2026-03147,Priya Menon,10th Grade,A,18000.0,5053.53,12946.47,250.0,DEFAULT_AGED
ADM-2026-03148,Aadhya Sharma,11th Grade,B,18000.0,18000.0,0.0,0.0,COMPLETED
ADM-2026-03149,Rohan Malhotra,12th Grade,A,15000.0,10426.64,4573.36,0.0,PENDING_DUE
ADM-2026-03150,Neha Gupta,9th Grade,B,12000.0,12000.0,0.0,0.0,COMPLETED
ADM-2026-03151,Neha Das,12th Grade,C,18000.0,4989.6,13010.4,0.0,PENDING_DUE
ADM-2026-03152,Sneha Deshmukh,11th Grade,B,18000.0,18000.0,0.0,0.0,COMPLETED
ADM-2026-03153,Vikas Kumar,10th Grade,C,18000.0,18000.0,0.0,0.0,COMPLETED
ADM-2026-03154,Sneha Nair,12th Grade,C,18000.0,11029.24,6970.76,0.0,PENDING_DUE
ADM-2026-03155,Kavita Choudhury,12th Grade,A,12000.0,3218.64,8781.36,500.0,DEFAULT_AGED
ADM-2026-03156,Meera Gupta,10th Grade,B,12000.0,2873.32,9126.68,0.0,PENDING_DUE
ADM-2026-03157,Vivaan Kumar,10th Grade,C,12000.0,1099.62,10900.38,250.0,DEFAULT_AGED
ADM-2026-03158,Karan Iyer,9th Grade,B,12000.0,280.45,11719.55,250.0,DEFAULT_AGED
ADM-2026-03159,Vikas Deshmukh,12th Grade,D,15000.0,15000.0,0.0,0.0,COMPLETED
ADM-2026-03160,Pooja Singh,10th Grade,D,22000.0,22000.0,0.0,0.0,COMPLETED
ADM-2026-03161,Karan Kumar,10th Grade,B,18000.0,10448.98,7551.02,0.0,PENDING_DUE
ADM-2026-03162,Arjun Menon,12th Grade,C,12000.0,6135.09,5864.91,0.0,PENDING_DUE
ADM-2026-03163,Neha Deshmukh,11th Grade,A,15000.0,4571.94,10428.06,0.0,PENDING_DUE
ADM-2026-03164,Krishna Malhotra,12th Grade,A,18000.0,18000.0,0.0,0.0,COMPLETED
ADM-2026-03165,Neha Kumar,12th Grade,D,12000.0,5132.44,6867.56,0.0,PENDING_DUE
ADM-2026-03166,Neha Iyer,11th Grade,B,12000.0,439.17,11560.83,1000.0,DEFAULT_AGED
ADM-2026-03167,Rohan Patel,9th Grade,A,15000.0,8546.73,6453.27,0.0,PENDING_DUE
ADM-2026-03168,Pooja Sharma,12th Grade,A,15000.0,4661.34,10338.66,0.0,PENDING_DUE
ADM-2026-03169,Aditya Gupta,11th Grade,B,18000.0,18000.0,0.0,0.0,COMPLETED
ADM-2026-03170,Pooja Menon,12th Grade,B,15000.0,4938.22,10061.78,0.0,PENDING_DUE
ADM-2026-03171,Anjali Verma,10th Grade,D,22000.0,605.91,21394.09,1000.0,DEFAULT_AGED
ADM-2026-03172,Ananya Gupta,10th Grade,A,22000.0,11285.16,10714.84,0.0,PENDING_DUE
ADM-2026-03173,Rahul Rao,10th Grade,B,12000.0,12000.0,0.0,0.0,COMPLETED
ADM-2026-03174,Sanya Sharma,9th Grade,C,22000.0,12651.23,9348.77,0.0,PENDING_DUE
ADM-2026-03175,Vihaan Bose,9th Grade,D,15000.0,15000.0,0.0,0.0,COMPLETED
ADM-2026-03176,Arjun Das,10th Grade,D,22000.0,4647.69,17352.31,0.0,PENDING_DUE
ADM-2026-03177,Riya Deshmukh,11th Grade,C,15000.0,1613.96,13386.04,1000.0,DEFAULT_AGED
ADM-2026-03178,Aarav Pillai,12th Grade,D,12000.0,141.79,11858.21,1000.0,DEFAULT_AGED
ADM-2026-03179,Pooja Deshmukh,10th Grade,C,18000.0,9301.93,8698.07,0.0,PENDING_DUE
ADM-2026-03180,Pari Pillai,11th Grade,A,22000.0,535.22,21464.78,1000.0,DEFAULT_AGED
ADM-2026-03181,Ayaan Das,12th Grade,B,18000.0,18000.0,0.0,0.0,COMPLETED
ADM-2026-03182,Riya Bose,12th Grade,B,15000.0,15000.0,0.0,0.0,COMPLETED
ADM-2026-03183,Sneha Gupta,11th Grade,D,15000.0,15000.0,0.0,0.0,COMPLETED
ADM-2026-03184,Krishna Verma,11th Grade,D,12000.0,12000.0,0.0,0.0,COMPLETED
ADM-2026-03185,Sanya Deshmukh,11th Grade,B,18000.0,18000.0,0.0,0.0,COMPLETED
ADM-2026-03186,Ayaan Joshi,9th Grade,B,12000.0,2911.06,9088.94,500.0,DEFAULT_AGED
ADM-2026-03187,Diya Verma,11th Grade,B,15000.0,15000.0,0.0,0.0,COMPLETED
ADM-2026-03188,Vivaan Choudhury,9th Grade,A,15000.0,15000.0,0.0,0.0,COMPLETED
ADM-2026-03189,Neha Das,9th Grade,D,12000.0,12000.0,0.0,0.0,COMPLETED
ADM-2026-03190,Kavita Mehta,11th Grade,B,22000.0,22000.0,0.0,0.0,COMPLETED
ADM-2026-03191,Vikas Malhotra,11th Grade,A,22000.0,22000.0,0.0,0.0,COMPLETED
ADM-2026-03192,Diya Kumar,9th Grade,A,18000.0,11113.2,6886.8,0.0,PENDING_DUE
ADM-2026-03193,Aditya Gupta,12th Grade,D,15000.0,1786.14,13213.86,500.0,DEFAULT_AGED
ADM-2026-03194,Aditya Menon,11th Grade,D,12000.0,12000.0,0.0,0.0,COMPLETED
ADM-2026-03195,Sai Bose,12th Grade,A,22000.0,22000.0,0.0,0.0,COMPLETED
ADM-2026-03196,Diya Gupta,12th Grade,A,18000.0,18000.0,0.0,0.0,COMPLETED
ADM-2026-03197,Diya Choudhury,10th Grade,A,22000.0,22000.0,0.0,0.0,COMPLETED
ADM-2026-03198,Krishna Bose,12th Grade,A,12000.0,12000.0,0.0,0.0,COMPLETED
ADM-2026-03199,Anjali Gupta,11th Grade,B,22000.0,22000.0,0.0,0.0,COMPLETED
ADM-2026-03200,Pankaj Patel,12th Grade,C,18000.0,18000.0,0.0,0.0,COMPLETED
ADM-2026-03201,Ishaan Reddy,10th Grade,B,18000.0,7161.29,10838.71,0.0,PENDING_DUE
ADM-2026-03202,Reyansh Das,9th Grade,A,18000.0,12032.25,5967.75,0.0,PENDING_DUE
ADM-2026-03203,Karan Reddy,11th Grade,C,15000.0,15000.0,0.0,0.0,COMPLETED
ADM-2026-03204,Priya Choudhury,11th Grade,C,15000.0,15000.0,0.0,0.0,COMPLETED
ADM-2026-03205,Anjali Sen,12th Grade,D,18000.0,4907.32,13092.68,500.0,DEFAULT_AGED
ADM-2026-03206,Meera Nair,11th Grade,C,15000.0,3066.3,11933.7,1000.0,DEFAULT_AGED
ADM-2026-03207,Vivaan Patel,10th Grade,B,18000.0,18000.0,0.0,0.0,COMPLETED
ADM-2026-03208,Vihaan Das,10th Grade,C,12000.0,8278.12,3721.88,0.0,PENDING_DUE
ADM-2026-03209,Vihaan Reddy,12th Grade,B,18000.0,7555.25,10444.75,0.0,PENDING_DUE
ADM-2026-03210,Aditya Rao,11th Grade,C,18000.0,11715.11,6284.89,0.0,PENDING_DUE
ADM-2026-03211,Diya Sen,9th Grade,D,22000.0,22000.0,0.0,0.0,COMPLETED
ADM-2026-03212,Karan Rao,11th Grade,B,22000.0,7498.15,14501.85,0.0,PENDING_DUE
ADM-2026-03213,Amit Reddy,11th Grade,B,15000.0,15000.0,0.0,0.0,COMPLETED
ADM-2026-03214,Karan Joshi,9th Grade,B,22000.0,10417.94,11582.06,0.0,PENDING_DUE
ADM-2026-03215,Rohan Rao,9th Grade,A,12000.0,3746.18,8253.82,0.0,PENDING_DUE
ADM-2026-03216,Sanya Patel,10th Grade,D,22000.0,22000.0,0.0,0.0,COMPLETED
ADM-2026-03217,Aarav Das,10th Grade,D,22000.0,22000.0,0.0,0.0,COMPLETED
ADM-2026-03218,Rohan Patel,11th Grade,C,18000.0,8718.7,9281.3,0.0,PENDING_DUE
ADM-2026-03219,Ishaan Gupta,12th Grade,C,12000.0,12000.0,0.0,0.0,COMPLETED
ADM-2026-03220,Amit Deshmukh,9th Grade,C,18000.0,18000.0,0.0,0.0,COMPLETED
ADM-2026-03221,Sai Sen,10th Grade,B,18000.0,18000.0,0.0,0.0,COMPLETED
ADM-2026-03222,Neha Menon,11th Grade,D,22000.0,22000.0,0.0,0.0,COMPLETED
ADM-2026-03223,Arjun Nair,11th Grade,C,22000.0,22000.0,0.0,0.0,COMPLETED
ADM-2026-03224,Sanya Menon,10th Grade,C,22000.0,15027.41,6972.59,0.0,PENDING_DUE
ADM-2026-03225,Rohan Choudhury,11th Grade,B,15000.0,15000.0,0.0,0.0,COMPLETED
ADM-2026-03226,Pooja Reddy,10th Grade,A,18000.0,11972.83,6027.17,0.0,PENDING_DUE
ADM-2026-03227,Pankaj Singh,11th Grade,B,18000.0,18000.0,0.0,0.0,COMPLETED
ADM-2026-03228,Aarav Das,9th Grade,A,15000.0,15000.0,0.0,0.0,COMPLETED
ADM-2026-03229,Aarav Kumar,11th Grade,B,18000.0,3781.37,14218.63,250.0,DEFAULT_AGED
ADM-2026-03230,Pooja Sharma,11th Grade,C,18000.0,8434.3,9565.7,0.0,PENDING_DUE
ADM-2026-03231,Neha Menon,10th Grade,C,18000.0,18000.0,0.0,0.0,COMPLETED
ADM-2026-03232,Sneha Kumar,12th Grade,C,22000.0,11496.77,10503.23,0.0,PENDING_DUE
ADM-2026-03233,Aadhya Joshi,10th Grade,C,18000.0,18000.0,0.0,0.0,COMPLETED
ADM-2026-03234,Arjun Deshmukh,9th Grade,B,15000.0,15000.0,0.0,0.0,COMPLETED
ADM-2026-03235,Aadhya Patel,10th Grade,A,18000.0,6911.92,11088.08,0.0,PENDING_DUE
ADM-2026-03236,Pari Choudhury,12th Grade,B,15000.0,15000.0,0.0,0.0,COMPLETED
ADM-2026-03237,Vivaan Sharma,10th Grade,D,15000.0,15000.0,0.0,0.0,COMPLETED
ADM-2026-03238,Sanya Singh,11th Grade,D,12000.0,6280.41,5719.59,0.0,PENDING_DUE
ADM-2026-03239,Sai Joshi,10th Grade,A,15000.0,1229.46,13770.54,500.0,DEFAULT_AGED
ADM-2026-03240,Meera Gupta,11th Grade,A,18000.0,6329.96,11670.04,0.0,PENDING_DUE
ADM-2026-03241,Sai Choudhury,12th Grade,C,22000.0,10153.2,11846.8,0.0,PENDING_DUE
ADM-2026-03242,Krishna Pillai,11th Grade,A,18000.0,18000.0,0.0,0.0,COMPLETED
ADM-2026-03243,Vivaan Malhotra,9th Grade,D,18000.0,4314.76,13685.24,250.0,DEFAULT_AGED
ADM-2026-03244,Neha Pillai,10th Grade,B,15000.0,10482.33,4517.67,0.0,PENDING_DUE
ADM-2026-03245,Ananya Sen,12th Grade,D,12000.0,12000.0,0.0,0.0,COMPLETED
ADM-2026-03246,Reyansh Patel,12th Grade,A,12000.0,12000.0,0.0,0.0,COMPLETED
ADM-2026-03247,Ananya Bose,12th Grade,A,12000.0,2655.2,9344.8,0.0,PENDING_DUE
ADM-2026-03248,Neha Malhotra,9th Grade,B,22000.0,22000.0,0.0,0.0,COMPLETED
ADM-2026-03249,Anjali Joshi,12th Grade,B,18000.0,11390.23,6609.77,0.0,PENDING_DUE
ADM-2026-03250,Sneha Iyer,10th Grade,C,15000.0,2435.96,12564.04,500.0,DEFAULT_AGED
ADM-2026-03251,Aadhya Reddy,12th Grade,B,22000.0,22000.0,0.0,0.0,COMPLETED
ADM-2026-03252,Diya Pillai,12th Grade,B,15000.0,488.21,14511.79,250.0,DEFAULT_AGED
ADM-2026-03253,Ayaan Menon,10th Grade,A,15000.0,15000.0,0.0,0.0,COMPLETED
ADM-2026-03254,Vikas Mehta,9th Grade,C,12000.0,12000.0,0.0,0.0,COMPLETED
ADM-2026-03255,Diya Iyer,12th Grade,D,12000.0,12000.0,0.0,0.0,COMPLETED
ADM-2026-03256,Aarav Menon,12th Grade,A,18000.0,447.13,17552.87,1000.0,DEFAULT_AGED
ADM-2026-03257,Rohan Menon,12th Grade,A,15000.0,15000.0,0.0,0.0,COMPLETED
ADM-2026-03258,Reyansh Sharma,12th Grade,A,15000.0,9560.55,5439.45,0.0,PENDING_DUE
ADM-2026-03259,Anjali Singh,10th Grade,B,12000.0,133.08,11866.92,500.0,DEFAULT_AGED
ADM-2026-03260,Aadhya Bose,10th Grade,C,15000.0,15000.0,0.0,0.0,COMPLETED
ADM-2026-03261,Riya Choudhury,10th Grade,B,22000.0,11846.06,10153.94,0.0,PENDING_DUE
ADM-2026-03262,Diya Gupta,9th Grade,C,18000.0,1249.24,16750.76,1000.0,DEFAULT_AGED
ADM-2026-03263,Rohan Pillai,11th Grade,B,18000.0,1303.06,16696.94,250.0,DEFAULT_AGED
ADM-2026-03264,Pooja Mehta,12th Grade,C,12000.0,2231.65,9768.35,1000.0,DEFAULT_AGED
ADM-2026-03265,Pari Das,10th Grade,A,15000.0,15000.0,0.0,0.0,COMPLETED
ADM-2026-03266,Vivaan Reddy,12th Grade,A,18000.0,9356.92,8643.08,0.0,PENDING_DUE
ADM-2026-03267,Ishaan Iyer,10th Grade,B,15000.0,15000.0,0.0,0.0,COMPLETED
ADM-2026-03268,Priya Gupta,10th Grade,A,12000.0,3744.37,8255.63,0.0,PENDING_DUE
ADM-2026-03269,Pankaj Pillai,12th Grade,D,18000.0,9078.69,8921.31,0.0,PENDING_DUE
ADM-2026-03270,Diya Bose,12th Grade,B,22000.0,22000.0,0.0,0.0,COMPLETED
ADM-2026-03271,Rahul Bose,9th Grade,D,18000.0,18000.0,0.0,0.0,COMPLETED
ADM-2026-03272,Meera Bose,11th Grade,D,12000.0,12000.0,0.0,0.0,COMPLETED
ADM-2026-03273,Kavita Kumar,10th Grade,D,22000.0,8786.11,13213.89,0.0,PENDING_DUE
ADM-2026-03274,Ishaan Rao,10th Grade,A,12000.0,12000.0,0.0,0.0,COMPLETED
ADM-2026-03275,Ayaan Choudhury,12th Grade,D,15000.0,15000.0,0.0,0.0,COMPLETED
ADM-2026-03276,Amit Deshmukh,12th Grade,B,12000.0,12000.0,0.0,0.0,COMPLETED
ADM-2026-03277,Anjali Reddy,11th Grade,A,22000.0,22000.0,0.0,0.0,COMPLETED
ADM-2026-03278,Sneha Joshi,9th Grade,C,12000.0,136.2,11863.8,250.0,DEFAULT_AGED
ADM-2026-03279,Sai Nair,9th Grade,C,15000.0,15000.0,0.0,0.0,COMPLETED
ADM-2026-03280,Kavita Sen,12th Grade,D,15000.0,1487.65,13512.35,250.0,DEFAULT_AGED
ADM-2026-03281,Riya Das,12th Grade,C,22000.0,9317.0,12683.0,0.0,PENDING_DUE
ADM-2026-03282,Reyansh Bose,11th Grade,D,15000.0,15000.0,0.0,0.0,COMPLETED
ADM-2026-03283,Diya Das,12th Grade,D,18000.0,10646.42,7353.58,0.0,PENDING_DUE
ADM-2026-03284,Aadhya Kumar,9th Grade,C,15000.0,15000.0,0.0,0.0,COMPLETED
ADM-2026-03285,Ayaan Rao,11th Grade,B,22000.0,22000.0,0.0,0.0,COMPLETED
ADM-2026-03286,Vihaan Gupta,12th Grade,C,15000.0,6296.91,8703.09,0.0,PENDING_DUE
ADM-2026-03287,Sneha Gupta,10th Grade,D,15000.0,4455.73,10544.27,0.0,PENDING_DUE
ADM-2026-03288,Ananya Das,12th Grade,B,12000.0,4628.16,7371.84,0.0,PENDING_DUE
ADM-2026-03289,Reyansh Mehta,11th Grade,C,22000.0,22000.0,0.0,0.0,COMPLETED
ADM-2026-03290,Sneha Joshi,11th Grade,C,12000.0,12000.0,0.0,0.0,COMPLETED
ADM-2026-03291,Priya Patel,12th Grade,C,12000.0,2879.43,9120.57,250.0,DEFAULT_AGED
ADM-2026-03292,Diya Deshmukh,10th Grade,A,22000.0,22000.0,0.0,0.0,COMPLETED
ADM-2026-03293,Reyansh Nair,10th Grade,B,15000.0,15000.0,0.0,0.0,COMPLETED
ADM-2026-03294,Vikas Deshmukh,9th Grade,B,15000.0,15000.0,0.0,0.0,COMPLETED
ADM-2026-03295,Anjali Sharma,9th Grade,D,12000.0,1480.43,10519.57,250.0,DEFAULT_AGED
ADM-2026-03296,Vihaan Reddy,9th Grade,B,15000.0,6857.88,8142.12,0.0,PENDING_DUE
ADM-2026-03297,Amit Nair,9th Grade,C,12000.0,5180.12,6819.88,0.0,PENDING_DUE
ADM-2026-03298,Sai Pillai,10th Grade,D,18000.0,6621.17,11378.83,0.0,PENDING_DUE
ADM-2026-03299,Rohan Das,9th Grade,B,18000.0,5863.94,12136.06,0.0,PENDING_DUE
ADM-2026-03300,Pari Deshmukh,11th Grade,A,18000.0,6162.71,11837.29,0.0,PENDING_DUE
ADM-2026-03301,Vivaan Joshi,10th Grade,B,12000.0,12000.0,0.0,0.0,COMPLETED
ADM-2026-03302,Meera Deshmukh,11th Grade,C,15000.0,15000.0,0.0,0.0,COMPLETED
ADM-2026-03303,Anjali Malhotra,11th Grade,D,18000.0,18000.0,0.0,0.0,COMPLETED
ADM-2026-03304,Anjali Deshmukh,9th Grade,B,15000.0,15000.0,0.0,0.0,COMPLETED
ADM-2026-03305,Anjali Pillai,12th Grade,D,22000.0,22000.0,0.0,0.0,COMPLETED
ADM-2026-03306,Diya Sen,10th Grade,D,22000.0,4814.68,17185.32,0.0,PENDING_DUE
ADM-2026-03307,Rohan Nair,12th Grade,D,15000.0,15000.0,0.0,0.0,COMPLETED
ADM-2026-03308,Diya Choudhury,10th Grade,C,22000.0,22000.0,0.0,0.0,COMPLETED
ADM-2026-03309,Neha Iyer,9th Grade,B,15000.0,15000.0,0.0,0.0,COMPLETED
ADM-2026-03310,Aadhya Nair,9th Grade,B,15000.0,3347.45,11652.55,250.0,DEFAULT_AGED
ADM-2026-03311,Ishaan Reddy,11th Grade,D,12000.0,12000.0,0.0,0.0,COMPLETED
ADM-2026-03312,Meera Verma,11th Grade,B,22000.0,22000.0,0.0,0.0,COMPLETED
ADM-2026-03313,Neha Kumar,12th Grade,B,18000.0,2977.33,15022.67,1000.0,DEFAULT_AGED
ADM-2026-03314,Diya Menon,11th Grade,A,18000.0,18000.0,0.0,0.0,COMPLETED
ADM-2026-03315,Vivaan Das,12th Grade,D,22000.0,11038.25,10961.75,0.0,PENDING_DUE
ADM-2026-03316,Sneha Pillai,10th Grade,B,12000.0,12000.0,0.0,0.0,COMPLETED
ADM-2026-03317,Riya Menon,11th Grade,B,22000.0,11817.5,10182.5,0.0,PENDING_DUE
ADM-2026-03318,Vikas Pillai,12th Grade,B,12000.0,12000.0,0.0,0.0,COMPLETED
ADM-2026-03319,Diya Sen,10th Grade,D,22000.0,22000.0,0.0,0.0,COMPLETED
ADM-2026-03320,Meera Choudhury,11th Grade,A,12000.0,12000.0,0.0,0.0,COMPLETED
ADM-2026-03321,Aadhya Rao,12th Grade,A,12000.0,12000.0,0.0,0.0,COMPLETED
ADM-2026-03322,Pari Das,10th Grade,A,22000.0,22000.0,0.0,0.0,COMPLETED
ADM-2026-03323,Meera Kumar,9th Grade,C,12000.0,2665.68,9334.32,250.0,DEFAULT_AGED
ADM-2026-03324,Krishna Mehta,9th Grade,C,22000.0,13029.81,8970.19,0.0,PENDING_DUE
ADM-2026-03325,Meera Mehta,9th Grade,A,18000.0,18000.0,0.0,0.0,COMPLETED
ADM-2026-03326,Pooja Pillai,12th Grade,D,22000.0,1483.31,20516.69,500.0,DEFAULT_AGED
ADM-2026-03327,Sneha Gupta,11th Grade,C,18000.0,18000.0,0.0,0.0,COMPLETED
ADM-2026-03328,Sanya Menon,9th Grade,D,22000.0,5051.39,16948.61,250.0,DEFAULT_AGED
ADM-2026-03329,Sneha Singh,11th Grade,D,15000.0,15000.0,0.0,0.0,COMPLETED
ADM-2026-03330,Riya Singh,9th Grade,B,15000.0,15000.0,0.0,0.0,COMPLETED
ADM-2026-03331,Priya Pillai,9th Grade,C,15000.0,15000.0,0.0,0.0,COMPLETED
ADM-2026-03332,Pari Patel,11th Grade,C,18000.0,5342.21,12657.79,250.0,DEFAULT_AGED
ADM-2026-03333,Krishna Joshi,11th Grade,B,18000.0,18000.0,0.0,0.0,COMPLETED
ADM-2026-03334,Rohan Mehta,9th Grade,D,18000.0,7838.47,10161.53,0.0,PENDING_DUE
ADM-2026-03335,Meera Nair,12th Grade,B,12000.0,8150.53,3849.47,0.0,PENDING_DUE
ADM-2026-03336,Priya Kumar,12th Grade,D,22000.0,10262.25,11737.75,0.0,PENDING_DUE
ADM-2026-03337,Arjun Malhotra,9th Grade,B,22000.0,22000.0,0.0,0.0,COMPLETED
ADM-2026-03338,Kavita Patel,12th Grade,C,15000.0,15000.0,0.0,0.0,COMPLETED
ADM-2026-03339,Karan Menon,12th Grade,C,15000.0,15000.0,0.0,0.0,COMPLETED
ADM-2026-03340,Aarav Patel,10th Grade,B,15000.0,15000.0,0.0,0.0,COMPLETED
ADM-2026-03341,Arjun Rao,10th Grade,D,15000.0,3402.15,11597.85,250.0,DEFAULT_AGED
ADM-2026-03342,Vihaan Choudhury,9th Grade,C,12000.0,12000.0,0.0,0.0,COMPLETED
ADM-2026-03343,Anjali Kumar,10th Grade,C,22000.0,6635.93,15364.07,0.0,PENDING_DUE
ADM-2026-03344,Ishaan Verma,12th Grade,C,12000.0,12000.0,0.0,0.0,COMPLETED
ADM-2026-03345,Arjun Das,12th Grade,B,15000.0,15000.0,0.0,0.0,COMPLETED
ADM-2026-03346,Sai Das,10th Grade,C,22000.0,22000.0,0.0,0.0,COMPLETED
ADM-2026-03347,Diya Choudhury,11th Grade,C,18000.0,18000.0,0.0,0.0,COMPLETED
ADM-2026-03348,Neha Sen,10th Grade,A,22000.0,9683.37,12316.63,0.0,PENDING_DUE
ADM-2026-03349,Rahul Iyer,12th Grade,A,12000.0,8263.08,3736.92,0.0,PENDING_DUE
ADM-2026-03350,Riya Menon,9th Grade,C,22000.0,22000.0,0.0,0.0,COMPLETED
ADM-2026-03351,Amit Deshmukh,12th Grade,C,15000.0,15000.0,0.0,0.0,COMPLETED
ADM-2026-03352,Arjun Malhotra,10th Grade,A,12000.0,3376.25,8623.75,1000.0,DEFAULT_AGED
ADM-2026-03353,Meera Singh,10th Grade,B,12000.0,12000.0,0.0,0.0,COMPLETED
ADM-2026-03354,Anjali Reddy,12th Grade,B,12000.0,3063.38,8936.62,0.0,PENDING_DUE
ADM-2026-03355,Rahul Singh,12th Grade,D,15000.0,1656.39,13343.61,250.0,DEFAULT_AGED
ADM-2026-03356,Vikas Choudhury,12th Grade,B,22000.0,8258.34,13741.66,0.0,PENDING_DUE
ADM-2026-03357,Anjali Das,11th Grade,B,15000.0,4496.73,10503.27,500.0,DEFAULT_AGED
ADM-2026-03358,Amit Menon,10th Grade,D,15000.0,2714.55,12285.45,250.0,DEFAULT_AGED
ADM-2026-03359,Aarav Rao,11th Grade,C,15000.0,15000.0,0.0,0.0,COMPLETED
ADM-2026-03360,Ishaan Rao,9th Grade,C,15000.0,15000.0,0.0,0.0,COMPLETED
ADM-2026-03361,Aarav Gupta,11th Grade,D,15000.0,15000.0,0.0,0.0,COMPLETED
ADM-2026-03362,Kavita Joshi,10th Grade,D,15000.0,5242.22,9757.78,0.0,PENDING_DUE
ADM-2026-03363,Meera Gupta,9th Grade,C,12000.0,7285.01,4714.99,0.0,PENDING_DUE
ADM-2026-03364,Riya Iyer,12th Grade,D,22000.0,14801.69,7198.31,0.0,PENDING_DUE
ADM-2026-03365,Pankaj Das,10th Grade,C,12000.0,1059.64,10940.36,1000.0,DEFAULT_AGED
ADM-2026-03366,Sanya Menon,12th Grade,C,22000.0,8431.05,13568.95,0.0,PENDING_DUE
ADM-2026-03367,Arjun Das,10th Grade,C,18000.0,4524.36,13475.64,0.0,PENDING_DUE
ADM-2026-03368,Sanya Reddy,9th Grade,D,15000.0,6760.81,8239.19,0.0,PENDING_DUE
ADM-2026-03369,Vivaan Iyer,11th Grade,D,12000.0,428.9,11571.1,500.0,DEFAULT_AGED
ADM-2026-03370,Rohan Reddy,9th Grade,A,15000.0,15000.0,0.0,0.0,COMPLETED
ADM-2026-03371,Vikas Iyer,9th Grade,C,12000.0,12000.0,0.0,0.0,COMPLETED
ADM-2026-03372,Rohan Deshmukh,10th Grade,D,12000.0,374.55,11625.45,250.0,DEFAULT_AGED
ADM-2026-03373,Reyansh Menon,9th Grade,A,18000.0,7899.65,10100.35,0.0,PENDING_DUE
ADM-2026-03374,Ishaan Malhotra,10th Grade,D,12000.0,12000.0,0.0,0.0,COMPLETED
ADM-2026-03375,Vihaan Rao,11th Grade,C,12000.0,12000.0,0.0,0.0,COMPLETED
ADM-2026-03376,Diya Gupta,9th Grade,B,18000.0,7414.29,10585.71,0.0,PENDING_DUE
ADM-2026-03377,Sanya Sen,10th Grade,A,12000.0,12000.0,0.0,0.0,COMPLETED
ADM-2026-03378,Neha Patel,10th Grade,D,12000.0,8286.48,3713.52,0.0,PENDING_DUE
ADM-2026-03379,Ishaan Mehta,11th Grade,D,22000.0,22000.0,0.0,0.0,COMPLETED
ADM-2026-03380,Karan Rao,9th Grade,D,18000.0,6039.93,11960.07,0.0,PENDING_DUE
ADM-2026-03381,Reyansh Sharma,12th Grade,B,12000.0,12000.0,0.0,0.0,COMPLETED
ADM-2026-03382,Sai Deshmukh,11th Grade,A,18000.0,7347.9,10652.1,0.0,PENDING_DUE
ADM-2026-03383,Priya Malhotra,10th Grade,A,22000.0,5449.95,16550.05,0.0,PENDING_DUE
ADM-2026-03384,Sanya Kumar,10th Grade,A,15000.0,10012.38,4987.62,0.0,PENDING_DUE
ADM-2026-03385,Riya Malhotra,9th Grade,C,22000.0,22000.0,0.0,0.0,COMPLETED
ADM-2026-03386,Sai Mehta,9th Grade,C,15000.0,540.04,14459.96,500.0,DEFAULT_AGED
ADM-2026-03387,Diya Choudhury,11th Grade,D,12000.0,12000.0,0.0,0.0,COMPLETED
ADM-2026-03388,Kavita Sen,12th Grade,C,18000.0,2011.57,15988.43,500.0,DEFAULT_AGED
ADM-2026-03389,Karan Sharma,12th Grade,C,22000.0,22000.0,0.0,0.0,COMPLETED
ADM-2026-03390,Krishna Mehta,9th Grade,D,15000.0,15000.0,0.0,0.0,COMPLETED
ADM-2026-03391,Anjali Rao,11th Grade,C,15000.0,5631.81,9368.19,0.0,PENDING_DUE
ADM-2026-03392,Sanya Gupta,11th Grade,B,15000.0,7199.39,7800.61,0.0,PENDING_DUE
ADM-2026-03393,Sai Malhotra,10th Grade,A,22000.0,22000.0,0.0,0.0,COMPLETED
ADM-2026-03394,Aarav Das,11th Grade,B,22000.0,22000.0,0.0,0.0,COMPLETED
ADM-2026-03395,Diya Gupta,11th Grade,C,18000.0,18000.0,0.0,0.0,COMPLETED
ADM-2026-03396,Neha Gupta,9th Grade,D,15000.0,15000.0,0.0,0.0,COMPLETED
ADM-2026-03397,Meera Joshi,10th Grade,B,22000.0,1515.65,20484.35,250.0,DEFAULT_AGED
ADM-2026-03398,Ishaan Patel,9th Grade,C,22000.0,22000.0,0.0,0.0,COMPLETED
ADM-2026-03399,Vivaan Gupta,9th Grade,C,15000.0,15000.0,0.0,0.0,COMPLETED
ADM-2026-03400,Karan Malhotra,12th Grade,B,18000.0,18000.0,0.0,0.0,COMPLETED
ADM-2026-03401,Pari Singh,10th Grade,A,12000.0,6589.13,5410.87,0.0,PENDING_DUE
ADM-2026-03402,Pankaj Bose,9th Grade,A,12000.0,3595.65,8404.35,500.0,DEFAULT_AGED
ADM-2026-03403,Priya Das,12th Grade,C,22000.0,3619.06,18380.94,500.0,DEFAULT_AGED
ADM-2026-03404,Arjun Choudhury,9th Grade,C,12000.0,12000.0,0.0,0.0,COMPLETED
ADM-2026-03405,Kavita Deshmukh,9th Grade,C,22000.0,9518.58,12481.42,0.0,PENDING_DUE
ADM-2026-03406,Ananya Sharma,12th Grade,A,12000.0,5636.08,6363.92,0.0,PENDING_DUE
ADM-2026-03407,Neha Das,11th Grade,A,22000.0,22000.0,0.0,0.0,COMPLETED
ADM-2026-03408,Vivaan Deshmukh,12th Grade,D,18000.0,10618.87,7381.13,0.0,PENDING_DUE
ADM-2026-03409,Vivaan Gupta,9th Grade,A,18000.0,18000.0,0.0,0.0,COMPLETED
ADM-2026-03410,Krishna Iyer,11th Grade,A,22000.0,22000.0,0.0,0.0,COMPLETED
ADM-2026-03411,Karan Gupta,9th Grade,C,12000.0,4719.84,7280.16,0.0,PENDING_DUE
ADM-2026-03412,Diya Rao,9th Grade,A,22000.0,22000.0,0.0,0.0,COMPLETED
ADM-2026-03413,Pankaj Joshi,9th Grade,B,22000.0,22000.0,0.0,0.0,COMPLETED
ADM-2026-03414,Reyansh Mehta,9th Grade,C,22000.0,22000.0,0.0,0.0,COMPLETED
ADM-2026-03415,Vihaan Verma,11th Grade,B,18000.0,5679.91,12320.09,0.0,PENDING_DUE
ADM-2026-03416,Reyansh Gupta,12th Grade,B,12000.0,12000.0,0.0,0.0,COMPLETED
ADM-2026-03417,Rahul Iyer,11th Grade,A,18000.0,4966.73,13033.27,0.0,PENDING_DUE
ADM-2026-03418,Sai Joshi,12th Grade,B,12000.0,1345.65,10654.35,1000.0,DEFAULT_AGED
ADM-2026-03419,Krishna Sen,11th Grade,C,18000.0,18000.0,0.0,0.0,COMPLETED
ADM-2026-03420,Vivaan Sen,12th Grade,A,12000.0,2766.59,9233.41,0.0,PENDING_DUE
ADM-2026-03421,Ishaan Patel,12th Grade,C,12000.0,12000.0,0.0,0.0,COMPLETED
ADM-2026-03422,Sai Nair,10th Grade,A,22000.0,22000.0,0.0,0.0,COMPLETED
ADM-2026-03423,Pari Bose,10th Grade,D,22000.0,14764.4,7235.6,0.0,PENDING_DUE
ADM-2026-03424,Kavita Malhotra,9th Grade,C,22000.0,22000.0,0.0,0.0,COMPLETED
ADM-2026-03425,Neha Pillai,11th Grade,B,12000.0,12000.0,0.0,0.0,COMPLETED
ADM-2026-03426,Ishaan Choudhury,12th Grade,D,15000.0,3690.32,11309.68,1000.0,DEFAULT_AGED
ADM-2026-03427,Diya Kumar,12th Grade,B,18000.0,6267.94,11732.06,0.0,PENDING_DUE
ADM-2026-03428,Krishna Kumar,10th Grade,A,15000.0,15000.0,0.0,0.0,COMPLETED
ADM-2026-03429,Sai Gupta,11th Grade,A,12000.0,550.95,11449.05,1000.0,DEFAULT_AGED
ADM-2026-03430,Sai Choudhury,9th Grade,A,15000.0,15000.0,0.0,0.0,COMPLETED
ADM-2026-03431,Diya Deshmukh,11th Grade,C,22000.0,22000.0,0.0,0.0,COMPLETED
ADM-2026-03432,Meera Verma,12th Grade,C,22000.0,22000.0,0.0,0.0,COMPLETED
ADM-2026-03433,Karan Verma,11th Grade,B,15000.0,3429.86,11570.14,0.0,PENDING_DUE
ADM-2026-03434,Aarav Gupta,9th Grade,C,15000.0,15000.0,0.0,0.0,COMPLETED
ADM-2026-03435,Riya Pillai,9th Grade,D,12000.0,8208.92,3791.08,0.0,PENDING_DUE
ADM-2026-03436,Vihaan Bose,10th Grade,B,15000.0,15000.0,0.0,0.0,COMPLETED
ADM-2026-03437,Rohan Singh,10th Grade,C,22000.0,9920.78,12079.22,0.0,PENDING_DUE
ADM-2026-03438,Neha Gupta,9th Grade,D,12000.0,3282.57,8717.43,0.0,PENDING_DUE
ADM-2026-03439,Sai Gupta,12th Grade,D,22000.0,12041.73,9958.27,0.0,PENDING_DUE
ADM-2026-03440,Kavita Kumar,12th Grade,D,15000.0,2008.0,12992.0,250.0,DEFAULT_AGED
ADM-2026-03441,Aadhya Choudhury,11th Grade,D,22000.0,9913.82,12086.18,0.0,PENDING_DUE
ADM-2026-03442,Reyansh Mehta,11th Grade,B,12000.0,7172.25,4827.75,0.0,PENDING_DUE
ADM-2026-03443,Krishna Malhotra,9th Grade,A,18000.0,3796.49,14203.51,250.0,DEFAULT_AGED
ADM-2026-03444,Meera Deshmukh,11th Grade,A,12000.0,3271.8,8728.2,500.0,DEFAULT_AGED
ADM-2026-03445,Sneha Verma,10th Grade,D,22000.0,22000.0,0.0,0.0,COMPLETED
ADM-2026-03446,Aditya Malhotra,11th Grade,D,18000.0,18000.0,0.0,0.0,COMPLETED
ADM-2026-03447,Reyansh Joshi,12th Grade,A,18000.0,1043.09,16956.91,1000.0,DEFAULT_AGED
ADM-2026-03448,Neha Rao,10th Grade,D,12000.0,1866.3,10133.7,500.0,DEFAULT_AGED
ADM-2026-03449,Vihaan Kumar,10th Grade,C,15000.0,15000.0,0.0,0.0,COMPLETED
ADM-2026-03450,Pari Gupta,10th Grade,D,15000.0,5653.89,9346.11,0.0,PENDING_DUE
ADM-2026-03451,Vikas Menon,9th Grade,D,15000.0,15000.0,0.0,0.0,COMPLETED
ADM-2026-03452,Ananya Iyer,11th Grade,C,22000.0,22000.0,0.0,0.0,COMPLETED
ADM-2026-03453,Reyansh Reddy,12th Grade,B,12000.0,12000.0,0.0,0.0,COMPLETED
ADM-2026-03454,Ishaan Patel,11th Grade,C,15000.0,9857.75,5142.25,0.0,PENDING_DUE
ADM-2026-03455,Pankaj Mehta,10th Grade,A,18000.0,12418.82,5581.18,0.0,PENDING_DUE
ADM-2026-03456,Vihaan Verma,10th Grade,B,18000.0,18000.0,0.0,0.0,COMPLETED
ADM-2026-03457,Ishaan Deshmukh,11th Grade,D,18000.0,3982.83,14017.17,0.0,PENDING_DUE
ADM-2026-03458,Kavita Choudhury,10th Grade,C,22000.0,22000.0,0.0,0.0,COMPLETED
ADM-2026-03459,Kavita Mehta,9th Grade,A,12000.0,6355.51,5644.49,0.0,PENDING_DUE
ADM-2026-03460,Vihaan Nair,10th Grade,B,15000.0,15000.0,0.0,0.0,COMPLETED
ADM-2026-03461,Aditya Menon,9th Grade,B,12000.0,2445.51,9554.49,500.0,DEFAULT_AGED
ADM-2026-03462,Amit Joshi,11th Grade,D,12000.0,12000.0,0.0,0.0,COMPLETED
ADM-2026-03463,Ishaan Bose,11th Grade,C,12000.0,12000.0,0.0,0.0,COMPLETED
ADM-2026-03464,Ishaan Verma,10th Grade,A,12000.0,2572.81,9427.19,0.0,PENDING_DUE
ADM-2026-03465,Rohan Choudhury,9th Grade,B,12000.0,2840.81,9159.19,0.0,PENDING_DUE
ADM-2026-03466,Vikas Malhotra,12th Grade,B,22000.0,1037.74,20962.26,500.0,DEFAULT_AGED
ADM-2026-03467,Vikas Das,12th Grade,B,12000.0,12000.0,0.0,0.0,COMPLETED
ADM-2026-03468,Ayaan Mehta,11th Grade,B,15000.0,1204.87,13795.13,500.0,DEFAULT_AGED
ADM-2026-03469,Vihaan Nair,11th Grade,B,12000.0,6011.31,5988.69,0.0,PENDING_DUE
ADM-2026-03470,Priya Kumar,11th Grade,D,22000.0,22000.0,0.0,0.0,COMPLETED
ADM-2026-03471,Meera Joshi,11th Grade,B,22000.0,22000.0,0.0,0.0,COMPLETED
ADM-2026-03472,Riya Deshmukh,9th Grade,B,12000.0,12000.0,0.0,0.0,COMPLETED
ADM-2026-03473,Krishna Sen,11th Grade,C,18000.0,11578.73,6421.27,0.0,PENDING_DUE
ADM-2026-03474,Kavita Rao,12th Grade,C,15000.0,9030.42,5969.58,0.0,PENDING_DUE
ADM-2026-03475,Diya Nair,11th Grade,D,18000.0,3219.19,14780.81,1000.0,DEFAULT_AGED
ADM-2026-03476,Ayaan Rao,12th Grade,A,15000.0,9347.33,5652.67,0.0,PENDING_DUE
ADM-2026-03477,Meera Rao,12th Grade,D,15000.0,15000.0,0.0,0.0,COMPLETED
ADM-2026-03478,Kavita Choudhury,12th Grade,B,22000.0,22000.0,0.0,0.0,COMPLETED
ADM-2026-03479,Rohan Mehta,11th Grade,B,18000.0,18000.0,0.0,0.0,COMPLETED
ADM-2026-03480,Aditya Joshi,10th Grade,A,18000.0,12588.98,5411.02,0.0,PENDING_DUE
ADM-2026-03481,Krishna Mehta,10th Grade,C,15000.0,7550.46,7449.54,0.0,PENDING_DUE
ADM-2026-03482,Sneha Singh,12th Grade,B,22000.0,22000.0,0.0,0.0,COMPLETED
ADM-2026-03483,Karan Deshmukh,10th Grade,C,12000.0,12000.0,0.0,0.0,COMPLETED
ADM-2026-03484,Krishna Mehta,12th Grade,D,15000.0,15000.0,0.0,0.0,COMPLETED
ADM-2026-03485,Rahul Choudhury,11th Grade,C,15000.0,15000.0,0.0,0.0,COMPLETED
ADM-2026-03486,Aadhya Mehta,10th Grade,B,18000.0,12029.26,5970.74,0.0,PENDING_DUE
ADM-2026-03487,Pooja Sen,11th Grade,C,18000.0,18000.0,0.0,0.0,COMPLETED
ADM-2026-03488,Pooja Sen,12th Grade,A,22000.0,6708.04,15291.96,0.0,PENDING_DUE
ADM-2026-03489,Pooja Pillai,12th Grade,B,18000.0,18000.0,0.0,0.0,COMPLETED
ADM-2026-03490,Vikas Pillai,9th Grade,C,12000.0,396.25,11603.75,500.0,DEFAULT_AGED
ADM-2026-03491,Kavita Kumar,10th Grade,D,18000.0,2823.91,15176.09,500.0,DEFAULT_AGED
ADM-2026-03492,Pooja Malhotra,11th Grade,A,12000.0,7507.96,4492.04,0.0,PENDING_DUE
ADM-2026-03493,Pankaj Kumar,10th Grade,D,18000.0,5849.79,12150.21,0.0,PENDING_DUE
ADM-2026-03494,Krishna Das,11th Grade,D,22000.0,22000.0,0.0,0.0,COMPLETED
ADM-2026-03495,Diya Mehta,10th Grade,A,22000.0,22000.0,0.0,0.0,COMPLETED
ADM-2026-03496,Karan Reddy,12th Grade,D,12000.0,12000.0,0.0,0.0,COMPLETED
ADM-2026-03497,Anjali Patel,9th Grade,D,22000.0,2851.09,19148.91,1000.0,DEFAULT_AGED
ADM-2026-03498,Ananya Sen,11th Grade,C,12000.0,12000.0,0.0,0.0,COMPLETED
ADM-2026-03499,Vikas Reddy,10th Grade,A,18000.0,18000.0,0.0,0.0,COMPLETED
ADM-2026-03500,Pankaj Sen,10th Grade,B,15000.0,1237.67,13762.33,500.0,DEFAULT_AGED
ADM-2026-03501,Rahul Sharma,12th Grade,D,12000.0,12000.0,0.0,0.0,COMPLETED
ADM-2026-03502,Sai Choudhury,9th Grade,C,22000.0,22000.0,0.0,0.0,COMPLETED
ADM-2026-03503,Aditya Choudhury,9th Grade,A,22000.0,8170.44,13829.56,0.0,PENDING_DUE
ADM-2026-03504,Vivaan Reddy,10th Grade,D,22000.0,9568.65,12431.35,0.0,PENDING_DUE
ADM-2026-03505,Pankaj Singh,9th Grade,D,15000.0,15000.0,0.0,0.0,COMPLETED
ADM-2026-03506,Karan Bose,9th Grade,B,18000.0,6532.68,11467.32,0.0,PENDING_DUE
ADM-2026-03507,Vivaan Joshi,11th Grade,A,18000.0,18000.0,0.0,0.0,COMPLETED
ADM-2026-03508,Vivaan Nair,12th Grade,A,15000.0,15000.0,0.0,0.0,COMPLETED
ADM-2026-03509,Ananya Das,11th Grade,A,12000.0,3955.91,8044.09,0.0,PENDING_DUE
ADM-2026-03510,Rahul Gupta,9th Grade,A,12000.0,7308.74,4691.26,0.0,PENDING_DUE
ADM-2026-03511,Amit Sen,12th Grade,C,15000.0,15000.0,0.0,0.0,COMPLETED
ADM-2026-03512,Aditya Singh,9th Grade,D,15000.0,15000.0,0.0,0.0,COMPLETED
ADM-2026-03513,Rahul Deshmukh,11th Grade,C,18000.0,2142.25,15857.75,250.0,DEFAULT_AGED
ADM-2026-03514,Diya Deshmukh,10th Grade,C,15000.0,9944.63,5055.37,0.0,PENDING_DUE
ADM-2026-03515,Sai Iyer,11th Grade,D,12000.0,12000.0,0.0,0.0,COMPLETED
ADM-2026-03516,Sai Choudhury,9th Grade,C,22000.0,22000.0,0.0,0.0,COMPLETED
ADM-2026-03517,Sanya Patel,9th Grade,A,12000.0,12000.0,0.0,0.0,COMPLETED
ADM-2026-03518,Diya Verma,11th Grade,A,15000.0,195.66,14804.34,500.0,DEFAULT_AGED
ADM-2026-03519,Riya Rao,9th Grade,A,12000.0,12000.0,0.0,0.0,COMPLETED
ADM-2026-03520,Neha Mehta,11th Grade,A,15000.0,3018.29,11981.71,250.0,DEFAULT_AGED
ADM-2026-03521,Arjun Menon,9th Grade,A,22000.0,22000.0,0.0,0.0,COMPLETED
ADM-2026-03522,Neha Rao,10th Grade,B,18000.0,8553.18,9446.82,0.0,PENDING_DUE
ADM-2026-03523,Diya Kumar,12th Grade,C,12000.0,6892.78,5107.22,0.0,PENDING_DUE
ADM-2026-03524,Anjali Sen,11th Grade,D,12000.0,8179.48,3820.52,0.0,PENDING_DUE
ADM-2026-03525,Aadhya Kumar,11th Grade,D,18000.0,18000.0,0.0,0.0,COMPLETED
ADM-2026-03526,Pankaj Rao,9th Grade,A,12000.0,876.82,11123.18,500.0,DEFAULT_AGED
ADM-2026-03527,Diya Iyer,12th Grade,D,22000.0,22000.0,0.0,0.0,COMPLETED
ADM-2026-03528,Aadhya Mehta,9th Grade,C,12000.0,12000.0,0.0,0.0,COMPLETED
ADM-2026-03529,Amit Kumar,10th Grade,C,18000.0,3805.08,14194.92,250.0,DEFAULT_AGED
ADM-2026-03530,Anjali Joshi,11th Grade,D,12000.0,12000.0,0.0,0.0,COMPLETED
ADM-2026-03531,Pooja Das,11th Grade,A,22000.0,22000.0,0.0,0.0,COMPLETED
ADM-2026-03532,Sneha Nair,10th Grade,D,22000.0,22000.0,0.0,0.0,COMPLETED
ADM-2026-03533,Ananya Reddy,10th Grade,D,22000.0,22000.0,0.0,0.0,COMPLETED
ADM-2026-03534,Priya Nair,9th Grade,A,12000.0,5711.75,6288.25,0.0,PENDING_DUE
ADM-2026-03535,Aadhya Joshi,9th Grade,B,18000.0,18000.0,0.0,0.0,COMPLETED
ADM-2026-03536,Anjali Menon,12th Grade,D,18000.0,10657.39,7342.61,0.0,PENDING_DUE
ADM-2026-03537,Vihaan Iyer,11th Grade,C,12000.0,2620.96,9379.04,0.0,PENDING_DUE
ADM-2026-03538,Anjali Sharma,9th Grade,C,18000.0,18000.0,0.0,0.0,COMPLETED
ADM-2026-03539,Rahul Rao,10th Grade,C,22000.0,22000.0,0.0,0.0,COMPLETED
ADM-2026-03540,Neha Rao,11th Grade,B,22000.0,14197.12,7802.88,0.0,PENDING_DUE
ADM-2026-03541,Vivaan Mehta,10th Grade,B,18000.0,18000.0,0.0,0.0,COMPLETED
ADM-2026-03542,Aditya Reddy,10th Grade,A,18000.0,18000.0,0.0,0.0,COMPLETED
ADM-2026-03543,Riya Mehta,12th Grade,D,22000.0,2854.71,19145.29,250.0,DEFAULT_AGED
ADM-2026-03544,Vikas Sharma,11th Grade,A,15000.0,15000.0,0.0,0.0,COMPLETED
ADM-2026-03545,Aadhya Joshi,12th Grade,A,22000.0,7663.35,14336.65,0.0,PENDING_DUE
ADM-2026-03546,Aadhya Kumar,9th Grade,A,22000.0,22000.0,0.0,0.0,COMPLETED
ADM-2026-03547,Ayaan Gupta,9th Grade,C,22000.0,22000.0,0.0,0.0,COMPLETED
ADM-2026-03548,Krishna Gupta,10th Grade,D,18000.0,6853.08,11146.92,0.0,PENDING_DUE
ADM-2026-03549,Ishaan Mehta,9th Grade,D,15000.0,15000.0,0.0,0.0,COMPLETED
ADM-2026-03550,Sneha Malhotra,12th Grade,B,12000.0,4168.23,7831.77,0.0,PENDING_DUE
ADM-2026-03551,Priya Iyer,9th Grade,D,12000.0,646.31,11353.69,500.0,DEFAULT_AGED
ADM-2026-03552,Priya Nair,9th Grade,B,18000.0,18000.0,0.0,0.0,COMPLETED
ADM-2026-03553,Vikas Nair,11th Grade,D,22000.0,5720.83,16279.17,250.0,DEFAULT_AGED
ADM-2026-03554,Aarav Das,10th Grade,B,18000.0,3614.81,14385.19,0.0,PENDING_DUE
ADM-2026-03555,Pankaj Patel,9th Grade,A,22000.0,22000.0,0.0,0.0,COMPLETED
ADM-2026-03556,Pari Gupta,12th Grade,B,15000.0,15000.0,0.0,0.0,COMPLETED
ADM-2026-03557,Aarav Menon,9th Grade,A,22000.0,22000.0,0.0,0.0,COMPLETED
ADM-2026-03558,Krishna Gupta,12th Grade,D,22000.0,22000.0,0.0,0.0,COMPLETED
ADM-2026-03559,Riya Nair,12th Grade,B,12000.0,7615.83,4384.17,0.0,PENDING_DUE
ADM-2026-03560,Pari Joshi,10th Grade,C,12000.0,3524.96,8475.04,0.0,PENDING_DUE
ADM-2026-03561,Kavita Sen,10th Grade,D,15000.0,15000.0,0.0,0.0,COMPLETED
ADM-2026-03562,Vihaan Deshmukh,11th Grade,A,22000.0,5864.24,16135.76,250.0,DEFAULT_AGED
ADM-2026-03563,Ishaan Choudhury,9th Grade,A,12000.0,12000.0,0.0,0.0,COMPLETED
ADM-2026-03564,Aditya Iyer,9th Grade,A,15000.0,15000.0,0.0,0.0,COMPLETED
ADM-2026-03565,Rohan Reddy,11th Grade,B,18000.0,6222.32,11777.68,0.0,PENDING_DUE
ADM-2026-03566,Meera Kumar,9th Grade,B,18000.0,18000.0,0.0,0.0,COMPLETED
ADM-2026-03567,Aadhya Pillai,12th Grade,D,15000.0,15000.0,0.0,0.0,COMPLETED
ADM-2026-03568,Amit Rao,11th Grade,C,12000.0,12000.0,0.0,0.0,COMPLETED
ADM-2026-03569,Aadhya Das,12th Grade,C,15000.0,3466.54,11533.46,250.0,DEFAULT_AGED
ADM-2026-03570,Diya Gupta,9th Grade,D,18000.0,7176.0,10824.0,0.0,PENDING_DUE
ADM-2026-03571,Sneha Gupta,10th Grade,A,12000.0,5547.07,6452.93,0.0,PENDING_DUE
ADM-2026-03572,Riya Mehta,9th Grade,B,12000.0,5964.48,6035.52,0.0,PENDING_DUE
ADM-2026-03573,Krishna Rao,9th Grade,C,15000.0,15000.0,0.0,0.0,COMPLETED
ADM-2026-03574,Meera Joshi,12th Grade,A,22000.0,8427.1,13572.9,0.0,PENDING_DUE
ADM-2026-03575,Pooja Iyer,11th Grade,C,22000.0,2285.08,19714.92,250.0,DEFAULT_AGED
ADM-2026-03576,Diya Bose,11th Grade,C,18000.0,18000.0,0.0,0.0,COMPLETED
ADM-2026-03577,Diya Rao,10th Grade,D,18000.0,4681.59,13318.41,500.0,DEFAULT_AGED
ADM-2026-03578,Aditya Sharma,12th Grade,D,12000.0,6136.96,5863.04,0.0,PENDING_DUE
ADM-2026-03579,Sanya Gupta,12th Grade,D,15000.0,5106.31,9893.69,0.0,PENDING_DUE
ADM-2026-03580,Priya Sen,11th Grade,A,18000.0,6986.74,11013.26,0.0,PENDING_DUE
ADM-2026-03581,Pooja Das,10th Grade,D,18000.0,18000.0,0.0,0.0,COMPLETED
ADM-2026-03582,Sanya Rao,9th Grade,B,18000.0,18000.0,0.0,0.0,COMPLETED
ADM-2026-03583,Pooja Das,9th Grade,A,18000.0,18000.0,0.0,0.0,COMPLETED
ADM-2026-03584,Kavita Choudhury,9th Grade,B,18000.0,6428.19,11571.81,0.0,PENDING_DUE
ADM-2026-03585,Aditya Reddy,11th Grade,A,12000.0,12000.0,0.0,0.0,COMPLETED
ADM-2026-03586,Ayaan Choudhury,11th Grade,C,15000.0,9116.02,5883.98,0.0,PENDING_DUE
ADM-2026-03587,Diya Malhotra,9th Grade,A,18000.0,5685.38,12314.62,0.0,PENDING_DUE
ADM-2026-03588,Rahul Rao,11th Grade,D,18000.0,4783.43,13216.57,0.0,PENDING_DUE
ADM-2026-03589,Rohan Sen,9th Grade,D,12000.0,8039.86,3960.14,0.0,PENDING_DUE
ADM-2026-03590,Kavita Rao,11th Grade,B,15000.0,10344.54,4655.46,0.0,PENDING_DUE
ADM-2026-03591,Ananya Iyer,9th Grade,A,22000.0,3502.46,18497.54,250.0,DEFAULT_AGED
ADM-2026-03592,Priya Reddy,9th Grade,B,22000.0,6102.88,15897.12,0.0,PENDING_DUE
ADM-2026-03593,Rohan Sharma,9th Grade,D,18000.0,18000.0,0.0,0.0,COMPLETED
ADM-2026-03594,Sanya Patel,12th Grade,A,22000.0,22000.0,0.0,0.0,COMPLETED
ADM-2026-03595,Sneha Nair,10th Grade,D,12000.0,4012.02,7987.98,0.0,PENDING_DUE
ADM-2026-03596,Arjun Pillai,9th Grade,C,12000.0,12000.0,0.0,0.0,COMPLETED
ADM-2026-03597,Kavita Joshi,10th Grade,D,12000.0,12000.0,0.0,0.0,COMPLETED
ADM-2026-03598,Krishna Singh,11th Grade,B,12000.0,12000.0,0.0,0.0,COMPLETED
ADM-2026-03599,Pankaj Nair,9th Grade,C,18000.0,7248.84,10751.16,0.0,PENDING_DUE
ADM-2026-03600,Rahul Iyer,9th Grade,A,12000.0,12000.0,0.0,0.0,COMPLETED
ADM-2026-03601,Ananya Mehta,10th Grade,B,12000.0,12000.0,0.0,0.0,COMPLETED
ADM-2026-03602,Karan Joshi,12th Grade,A,12000.0,6197.91,5802.09,0.0,PENDING_DUE
ADM-2026-03603,Reyansh Sen,12th Grade,C,22000.0,22000.0,0.0,0.0,COMPLETED
ADM-2026-03604,Arjun Pillai,10th Grade,C,15000.0,6855.39,8144.61,0.0,PENDING_DUE
ADM-2026-03605,Priya Singh,11th Grade,C,18000.0,9381.76,8618.24,0.0,PENDING_DUE
ADM-2026-03606,Aarav Bose,10th Grade,A,22000.0,8646.71,13353.29,0.0,PENDING_DUE
ADM-2026-03607,Ishaan Patel,10th Grade,A,22000.0,1562.05,20437.95,500.0,DEFAULT_AGED
ADM-2026-03608,Kavita Singh,11th Grade,D,12000.0,12000.0,0.0,0.0,COMPLETED
ADM-2026-03609,Vivaan Sharma,11th Grade,D,18000.0,2419.43,15580.57,250.0,DEFAULT_AGED
ADM-2026-03610,Diya Choudhury,10th Grade,C,15000.0,6956.13,8043.87,0.0,PENDING_DUE
ADM-2026-03611,Pooja Das,11th Grade,D,15000.0,15000.0,0.0,0.0,COMPLETED
ADM-2026-03612,Aadhya Choudhury,10th Grade,A,22000.0,7744.21,14255.79,0.0,PENDING_DUE
ADM-2026-03613,Aadhya Sharma,11th Grade,A,18000.0,18000.0,0.0,0.0,COMPLETED
ADM-2026-03614,Pari Verma,9th Grade,D,18000.0,18000.0,0.0,0.0,COMPLETED
ADM-2026-03615,Anjali Verma,11th Grade,A,18000.0,18000.0,0.0,0.0,COMPLETED
ADM-2026-03616,Neha Deshmukh,10th Grade,D,12000.0,12000.0,0.0,0.0,COMPLETED
ADM-2026-03617,Arjun Sen,9th Grade,D,12000.0,12000.0,0.0,0.0,COMPLETED
ADM-2026-03618,Pooja Choudhury,12th Grade,B,22000.0,235.16,21764.84,250.0,DEFAULT_AGED
ADM-2026-03619,Kavita Sharma,12th Grade,A,15000.0,8575.08,6424.92,0.0,PENDING_DUE
ADM-2026-03620,Vihaan Choudhury,11th Grade,D,18000.0,8897.37,9102.63,0.0,PENDING_DUE
ADM-2026-03621,Reyansh Sen,9th Grade,A,15000.0,15000.0,0.0,0.0,COMPLETED
ADM-2026-03622,Vivaan Verma,11th Grade,C,18000.0,18000.0,0.0,0.0,COMPLETED
ADM-2026-03623,Pari Nair,10th Grade,A,15000.0,15000.0,0.0,0.0,COMPLETED
ADM-2026-03624,Vivaan Bose,9th Grade,C,18000.0,18000.0,0.0,0.0,COMPLETED
ADM-2026-03625,Anjali Deshmukh,12th Grade,B,15000.0,476.3,14523.7,500.0,DEFAULT_AGED
ADM-2026-03626,Vikas Sen,11th Grade,D,15000.0,10034.03,4965.97,0.0,PENDING_DUE
ADM-2026-03627,Arjun Menon,11th Grade,B,15000.0,15000.0,0.0,0.0,COMPLETED
ADM-2026-03628,Ananya Iyer,12th Grade,B,18000.0,1946.18,16053.82,250.0,DEFAULT_AGED
ADM-2026-03629,Aarav Iyer,12th Grade,B,22000.0,22000.0,0.0,0.0,COMPLETED
ADM-2026-03630,Anjali Gupta,11th Grade,A,22000.0,4617.09,17382.91,250.0,DEFAULT_AGED
ADM-2026-03631,Pooja Sen,11th Grade,C,15000.0,15000.0,0.0,0.0,COMPLETED
ADM-2026-03632,Pooja Verma,11th Grade,C,12000.0,3577.56,8422.44,0.0,PENDING_DUE
ADM-2026-03633,Reyansh Verma,12th Grade,D,22000.0,11935.04,10064.96,0.0,PENDING_DUE
ADM-2026-03634,Meera Mehta,12th Grade,C,12000.0,2770.03,9229.97,500.0,DEFAULT_AGED
ADM-2026-03635,Krishna Rao,10th Grade,A,22000.0,9953.33,12046.67,0.0,PENDING_DUE
ADM-2026-03636,Reyansh Malhotra,12th Grade,D,22000.0,22000.0,0.0,0.0,COMPLETED
ADM-2026-03637,Vikas Bose,11th Grade,A,22000.0,22000.0,0.0,0.0,COMPLETED
ADM-2026-03638,Pari Joshi,12th Grade,A,15000.0,15000.0,0.0,0.0,COMPLETED
ADM-2026-03639,Aadhya Das,9th Grade,B,22000.0,6115.08,15884.92,500.0,DEFAULT_AGED
ADM-2026-03640,Anjali Das,11th Grade,B,12000.0,12000.0,0.0,0.0,COMPLETED
ADM-2026-03641,Pankaj Sharma,11th Grade,A,18000.0,4127.56,13872.44,1000.0,DEFAULT_AGED
ADM-2026-03642,Rahul Reddy,9th Grade,D,22000.0,22000.0,0.0,0.0,COMPLETED
ADM-2026-03643,Rahul Kumar,11th Grade,C,15000.0,41.88,14958.12,1000.0,DEFAULT_AGED
ADM-2026-03644,Ishaan Patel,12th Grade,C,18000.0,18000.0,0.0,0.0,COMPLETED
ADM-2026-03645,Ayaan Nair,12th Grade,A,18000.0,18000.0,0.0,0.0,COMPLETED
ADM-2026-03646,Aadhya Sharma,11th Grade,B,15000.0,15000.0,0.0,0.0,COMPLETED
ADM-2026-03647,Pankaj Kumar,10th Grade,B,18000.0,5541.02,12458.98,0.0,PENDING_DUE
ADM-2026-03648,Sai Deshmukh,12th Grade,A,18000.0,18000.0,0.0,0.0,COMPLETED
ADM-2026-03649,Ishaan Iyer,9th Grade,C,12000.0,8146.22,3853.78,0.0,PENDING_DUE
ADM-2026-03650,Ananya Rao,12th Grade,D,18000.0,6155.0,11845.0,0.0,PENDING_DUE
ADM-2026-03651,Aadhya Sen,10th Grade,A,12000.0,12000.0,0.0,0.0,COMPLETED
ADM-2026-03652,Pooja Mehta,10th Grade,D,18000.0,11650.97,6349.03,0.0,PENDING_DUE
ADM-2026-03653,Ananya Das,11th Grade,C,15000.0,4514.65,10485.35,0.0,PENDING_DUE
ADM-2026-03654,Kavita Nair,9th Grade,D,12000.0,2578.07,9421.93,0.0,PENDING_DUE
ADM-2026-03655,Riya Joshi,12th Grade,B,12000.0,5833.67,6166.33,0.0,PENDING_DUE
ADM-2026-03656,Vivaan Iyer,10th Grade,D,18000.0,1884.76,16115.24,250.0,DEFAULT_AGED
ADM-2026-03657,Pari Pillai,9th Grade,B,18000.0,2844.56,15155.44,500.0,DEFAULT_AGED
ADM-2026-03658,Karan Sen,11th Grade,C,12000.0,12000.0,0.0,0.0,COMPLETED
ADM-2026-03659,Kavita Reddy,11th Grade,B,15000.0,7864.03,7135.97,0.0,PENDING_DUE
ADM-2026-03660,Krishna Sharma,11th Grade,A,15000.0,9577.17,5422.83,0.0,PENDING_DUE
ADM-2026-03661,Pari Iyer,10th Grade,C,15000.0,15000.0,0.0,0.0,COMPLETED
ADM-2026-03662,Reyansh Kumar,11th Grade,D,12000.0,12000.0,0.0,0.0,COMPLETED
ADM-2026-03663,Vihaan Choudhury,12th Grade,B,15000.0,15000.0,0.0,0.0,COMPLETED
ADM-2026-03664,Aditya Iyer,12th Grade,B,22000.0,22000.0,0.0,0.0,COMPLETED
ADM-2026-03665,Anjali Iyer,11th Grade,C,18000.0,18000.0,0.0,0.0,COMPLETED
ADM-2026-03666,Sneha Gupta,11th Grade,D,12000.0,2909.66,9090.34,0.0,PENDING_DUE
ADM-2026-03667,Sanya Deshmukh,11th Grade,A,12000.0,5700.47,6299.53,0.0,PENDING_DUE
ADM-2026-03668,Aarav Iyer,10th Grade,A,22000.0,22000.0,0.0,0.0,COMPLETED
ADM-2026-03669,Kavita Nair,12th Grade,D,12000.0,469.74,11530.26,500.0,DEFAULT_AGED
ADM-2026-03670,Krishna Kumar,12th Grade,A,15000.0,5522.41,9477.59,0.0,PENDING_DUE
ADM-2026-03671,Reyansh Choudhury,10th Grade,C,15000.0,2939.99,12060.01,1000.0,DEFAULT_AGED
ADM-2026-03672,Diya Das,10th Grade,C,18000.0,18000.0,0.0,0.0,COMPLETED
ADM-2026-03673,Aadhya Reddy,10th Grade,D,22000.0,5213.23,16786.77,500.0,DEFAULT_AGED
ADM-2026-03674,Pari Sen,9th Grade,B,12000.0,12000.0,0.0,0.0,COMPLETED
ADM-2026-03675,Aditya Gupta,10th Grade,B,22000.0,7270.39,14729.61,0.0,PENDING_DUE
ADM-2026-03676,Pooja Menon,10th Grade,C,22000.0,4761.5,17238.5,0.0,PENDING_DUE
ADM-2026-03677,Vivaan Joshi,11th Grade,C,12000.0,5152.17,6847.83,0.0,PENDING_DUE
ADM-2026-03678,Sanya Iyer,9th Grade,B,22000.0,13174.96,8825.04,0.0,PENDING_DUE
ADM-2026-03679,Reyansh Pillai,9th Grade,B,15000.0,7123.03,7876.97,0.0,PENDING_DUE
ADM-2026-03680,Vivaan Kumar,12th Grade,C,15000.0,9094.01,5905.99,0.0,PENDING_DUE
ADM-2026-03681,Aditya Sharma,12th Grade,B,22000.0,10368.4,11631.6,0.0,PENDING_DUE
ADM-2026-03682,Reyansh Das,9th Grade,D,22000.0,12002.89,9997.11,0.0,PENDING_DUE
ADM-2026-03683,Karan Das,11th Grade,B,12000.0,12000.0,0.0,0.0,COMPLETED
ADM-2026-03684,Pankaj Singh,10th Grade,C,22000.0,5841.79,16158.21,0.0,PENDING_DUE
ADM-2026-03685,Vikas Reddy,12th Grade,B,12000.0,12000.0,0.0,0.0,COMPLETED
ADM-2026-03686,Ayaan Joshi,12th Grade,A,12000.0,1421.01,10578.99,250.0,DEFAULT_AGED
ADM-2026-03687,Amit Mehta,10th Grade,D,18000.0,18000.0,0.0,0.0,COMPLETED
ADM-2026-03688,Vihaan Deshmukh,10th Grade,C,18000.0,18000.0,0.0,0.0,COMPLETED
ADM-2026-03689,Karan Pillai,10th Grade,B,15000.0,15000.0,0.0,0.0,COMPLETED
ADM-2026-03690,Amit Pillai,11th Grade,B,22000.0,6179.39,15820.61,0.0,PENDING_DUE
ADM-2026-03691,Aadhya Mehta,9th Grade,C,12000.0,1304.65,10695.35,500.0,DEFAULT_AGED
ADM-2026-03692,Anjali Das,10th Grade,C,12000.0,12000.0,0.0,0.0,COMPLETED
ADM-2026-03693,Kavita Reddy,11th Grade,D,15000.0,8823.78,6176.22,0.0,PENDING_DUE
ADM-2026-03694,Neha Iyer,12th Grade,A,12000.0,7808.2,4191.8,0.0,PENDING_DUE
ADM-2026-03695,Krishna Malhotra,9th Grade,B,12000.0,8030.11,3969.89,0.0,PENDING_DUE
ADM-2026-03696,Meera Deshmukh,12th Grade,C,18000.0,18000.0,0.0,0.0,COMPLETED
ADM-2026-03697,Rohan Verma,11th Grade,B,22000.0,22000.0,0.0,0.0,COMPLETED
ADM-2026-03698,Karan Das,10th Grade,A,22000.0,22000.0,0.0,0.0,COMPLETED
ADM-2026-03699,Pari Das,12th Grade,B,12000.0,12000.0,0.0,0.0,COMPLETED
ADM-2026-03700,Ayaan Nair,10th Grade,A,15000.0,8239.99,6760.01,0.0,PENDING_DUE
ADM-2026-03701,Aarav Pillai,12th Grade,C,22000.0,4770.33,17229.67,0.0,PENDING_DUE
ADM-2026-03702,Karan Sharma,9th Grade,C,15000.0,15000.0,0.0,0.0,COMPLETED
ADM-2026-03703,Ishaan Sen,9th Grade,B,15000.0,1415.14,13584.86,1000.0,DEFAULT_AGED
ADM-2026-03704,Pooja Rao,12th Grade,C,12000.0,8399.81,3600.19,0.0,PENDING_DUE
ADM-2026-03705,Vivaan Kumar,12th Grade,B,18000.0,18000.0,0.0,0.0,COMPLETED
ADM-2026-03706,Riya Sen,9th Grade,C,22000.0,7603.4,14396.6,0.0,PENDING_DUE
ADM-2026-03707,Aditya Sharma,12th Grade,A,12000.0,2740.88,9259.12,0.0,PENDING_DUE
ADM-2026-03708,Riya Rao,11th Grade,C,18000.0,7549.23,10450.77,0.0,PENDING_DUE
ADM-2026-03709,Sanya Sharma,11th Grade,C,15000.0,15000.0,0.0,0.0,COMPLETED
ADM-2026-03710,Diya Sharma,10th Grade,B,15000.0,8594.5,6405.5,0.0,PENDING_DUE
ADM-2026-03711,Vivaan Sen,11th Grade,D,15000.0,15000.0,0.0,0.0,COMPLETED
ADM-2026-03712,Amit Deshmukh,11th Grade,B,22000.0,22000.0,0.0,0.0,COMPLETED
ADM-2026-03713,Sanya Gupta,10th Grade,B,15000.0,15000.0,0.0,0.0,COMPLETED
ADM-2026-03714,Amit Reddy,12th Grade,A,15000.0,1064.72,13935.28,250.0,DEFAULT_AGED
ADM-2026-03715,Vihaan Iyer,11th Grade,B,22000.0,13598.28,8401.72,0.0,PENDING_DUE
ADM-2026-03716,Sai Sharma,9th Grade,B,18000.0,18000.0,0.0,0.0,COMPLETED
ADM-2026-03717,Sai Malhotra,12th Grade,A,22000.0,12213.22,9786.78,0.0,PENDING_DUE
ADM-2026-03718,Vikas Choudhury,12th Grade,C,12000.0,12000.0,0.0,0.0,COMPLETED
ADM-2026-03719,Priya Iyer,12th Grade,D,22000.0,22000.0,0.0,0.0,COMPLETED
ADM-2026-03720,Pari Malhotra,10th Grade,A,12000.0,12000.0,0.0,0.0,COMPLETED
ADM-2026-03721,Diya Singh,11th Grade,B,18000.0,18000.0,0.0,0.0,COMPLETED
ADM-2026-03722,Diya Sharma,9th Grade,D,18000.0,10906.93,7093.07,0.0,PENDING_DUE
ADM-2026-03723,Aditya Bose,12th Grade,A,22000.0,2934.82,19065.18,250.0,DEFAULT_AGED
ADM-2026-03724,Sneha Pillai,12th Grade,C,18000.0,3935.15,14064.85,0.0,PENDING_DUE
ADM-2026-03725,Aarav Choudhury,10th Grade,B,12000.0,12000.0,0.0,0.0,COMPLETED
ADM-2026-03726,Aadhya Iyer,10th Grade,A,15000.0,7618.48,7381.52,0.0,PENDING_DUE
ADM-2026-03727,Sanya Nair,10th Grade,D,12000.0,7128.83,4871.17,0.0,PENDING_DUE
ADM-2026-03728,Karan Malhotra,12th Grade,A,12000.0,7990.61,4009.39,0.0,PENDING_DUE
ADM-2026-03729,Amit Reddy,9th Grade,C,15000.0,15000.0,0.0,0.0,COMPLETED
ADM-2026-03730,Ishaan Pillai,10th Grade,A,15000.0,9087.31,5912.69,0.0,PENDING_DUE
ADM-2026-03731,Karan Verma,11th Grade,B,12000.0,12000.0,0.0,0.0,COMPLETED
ADM-2026-03732,Ayaan Sharma,9th Grade,B,12000.0,2478.26,9521.74,500.0,DEFAULT_AGED
ADM-2026-03733,Vivaan Pillai,11th Grade,B,12000.0,12000.0,0.0,0.0,COMPLETED
ADM-2026-03734,Pari Bose,12th Grade,C,12000.0,12000.0,0.0,0.0,COMPLETED
ADM-2026-03735,Pankaj Deshmukh,12th Grade,D,12000.0,6475.73,5524.27,0.0,PENDING_DUE
ADM-2026-03736,Rahul Rao,12th Grade,B,18000.0,1988.38,16011.62,500.0,DEFAULT_AGED
ADM-2026-03737,Ananya Bose,9th Grade,D,18000.0,4713.14,13286.86,500.0,DEFAULT_AGED
ADM-2026-03738,Aditya Sen,10th Grade,D,18000.0,8725.91,9274.09,0.0,PENDING_DUE
ADM-2026-03739,Ayaan Verma,12th Grade,B,12000.0,4574.36,7425.64,0.0,PENDING_DUE
ADM-2026-03740,Pari Sharma,12th Grade,B,12000.0,12000.0,0.0,0.0,COMPLETED
ADM-2026-03741,Priya Pillai,12th Grade,C,22000.0,22000.0,0.0,0.0,COMPLETED
ADM-2026-03742,Diya Malhotra,11th Grade,D,22000.0,22000.0,0.0,0.0,COMPLETED
ADM-2026-03743,Kavita Patel,12th Grade,A,15000.0,15000.0,0.0,0.0,COMPLETED
ADM-2026-03744,Pari Reddy,12th Grade,B,15000.0,9387.44,5612.56,0.0,PENDING_DUE
ADM-2026-03745,Neha Das,11th Grade,A,22000.0,9472.54,12527.46,0.0,PENDING_DUE
ADM-2026-03746,Karan Kumar,11th Grade,B,18000.0,11003.23,6996.77,0.0,PENDING_DUE
ADM-2026-03747,Vikas Choudhury,10th Grade,C,15000.0,8817.99,6182.01,0.0,PENDING_DUE
ADM-2026-03748,Sanya Iyer,10th Grade,A,12000.0,12000.0,0.0,0.0,COMPLETED
ADM-2026-03749,Ishaan Reddy,11th Grade,D,12000.0,12000.0,0.0,0.0,COMPLETED
ADM-2026-03750,Reyansh Iyer,11th Grade,C,18000.0,5271.06,12728.94,0.0,PENDING_DUE
ADM-2026-03751,Karan Gupta,10th Grade,D,18000.0,18000.0,0.0,0.0,COMPLETED
ADM-2026-03752,Diya Rao,11th Grade,D,12000.0,12000.0,0.0,0.0,COMPLETED
ADM-2026-03753,Sanya Pillai,11th Grade,A,18000.0,18000.0,0.0,0.0,COMPLETED
ADM-2026-03754,Ananya Iyer,11th Grade,C,12000.0,5855.99,6144.01,0.0,PENDING_DUE
ADM-2026-03755,Vikas Mehta,10th Grade,C,22000.0,4935.22,17064.78,250.0,DEFAULT_AGED
ADM-2026-03756,Vihaan Malhotra,10th Grade,B,22000.0,22000.0,0.0,0.0,COMPLETED
ADM-2026-03757,Anjali Rao,10th Grade,C,22000.0,1068.65,20931.35,500.0,DEFAULT_AGED
ADM-2026-03758,Sanya Nair,9th Grade,D,15000.0,15000.0,0.0,0.0,COMPLETED
ADM-2026-03759,Pari Menon,10th Grade,A,12000.0,8192.41,3807.59,0.0,PENDING_DUE
ADM-2026-03760,Krishna Mehta,9th Grade,C,15000.0,15000.0,0.0,0.0,COMPLETED
ADM-2026-03761,Karan Verma,11th Grade,A,15000.0,15000.0,0.0,0.0,COMPLETED
ADM-2026-03762,Rahul Rao,9th Grade,A,22000.0,5952.77,16047.23,0.0,PENDING_DUE
ADM-2026-03763,Arjun Singh,12th Grade,D,15000.0,10287.11,4712.89,0.0,PENDING_DUE
ADM-2026-03764,Rohan Bose,12th Grade,A,15000.0,5443.7,9556.3,0.0,PENDING_DUE
ADM-2026-03765,Reyansh Sen,9th Grade,A,12000.0,12000.0,0.0,0.0,COMPLETED
ADM-2026-03766,Aarav Rao,12th Grade,A,15000.0,15000.0,0.0,0.0,COMPLETED
ADM-2026-03767,Diya Rao,10th Grade,C,18000.0,4172.7,13827.3,250.0,DEFAULT_AGED
ADM-2026-03768,Reyansh Verma,11th Grade,C,18000.0,7361.86,10638.14,0.0,PENDING_DUE
ADM-2026-03769,Vivaan Bose,11th Grade,D,22000.0,22000.0,0.0,0.0,COMPLETED
ADM-2026-03770,Ananya Singh,9th Grade,A,18000.0,18000.0,0.0,0.0,COMPLETED
ADM-2026-03771,Neha Malhotra,12th Grade,B,12000.0,5513.74,6486.26,0.0,PENDING_DUE
ADM-2026-03772,Rohan Nair,11th Grade,D,22000.0,9275.12,12724.88,0.0,PENDING_DUE
ADM-2026-03773,Aditya Sen,12th Grade,D,22000.0,74.83,21925.17,500.0,DEFAULT_AGED
ADM-2026-03774,Vivaan Singh,11th Grade,A,22000.0,22000.0,0.0,0.0,COMPLETED
ADM-2026-03775,Diya Pillai,11th Grade,D,12000.0,5261.08,6738.92,0.0,PENDING_DUE
ADM-2026-03776,Vikas Kumar,11th Grade,C,22000.0,22000.0,0.0,0.0,COMPLETED
ADM-2026-03777,Pankaj Menon,10th Grade,A,22000.0,22000.0,0.0,0.0,COMPLETED
ADM-2026-03778,Pari Mehta,11th Grade,B,22000.0,22000.0,0.0,0.0,COMPLETED
ADM-2026-03779,Kavita Gupta,10th Grade,D,15000.0,15000.0,0.0,0.0,COMPLETED
ADM-2026-03780,Sneha Verma,9th Grade,B,22000.0,9981.67,12018.33,0.0,PENDING_DUE
ADM-2026-03781,Ishaan Reddy,11th Grade,D,12000.0,579.79,11420.21,1000.0,DEFAULT_AGED
ADM-2026-03782,Rahul Rao,12th Grade,B,12000.0,12000.0,0.0,0.0,COMPLETED
ADM-2026-03783,Pankaj Kumar,10th Grade,A,22000.0,5715.5,16284.5,250.0,DEFAULT_AGED
ADM-2026-03784,Pari Pillai,12th Grade,B,15000.0,15000.0,0.0,0.0,COMPLETED
ADM-2026-03785,Krishna Singh,12th Grade,A,12000.0,183.51,11816.49,500.0,DEFAULT_AGED
ADM-2026-03786,Pankaj Reddy,11th Grade,A,12000.0,4566.16,7433.84,0.0,PENDING_DUE
ADM-2026-03787,Sai Sharma,9th Grade,B,12000.0,724.97,11275.03,250.0,DEFAULT_AGED
ADM-2026-03788,Aditya Singh,12th Grade,B,22000.0,22000.0,0.0,0.0,COMPLETED
ADM-2026-03789,Anjali Nair,10th Grade,C,18000.0,9715.26,8284.74,0.0,PENDING_DUE
ADM-2026-03790,Meera Sharma,9th Grade,C,22000.0,22000.0,0.0,0.0,COMPLETED
ADM-2026-03791,Neha Rao,11th Grade,B,22000.0,10843.65,11156.35,0.0,PENDING_DUE
ADM-2026-03792,Meera Rao,11th Grade,D,22000.0,8465.41,13534.59,0.0,PENDING_DUE
ADM-2026-03793,Anjali Iyer,9th Grade,D,18000.0,18000.0,0.0,0.0,COMPLETED
ADM-2026-03794,Anjali Patel,11th Grade,C,18000.0,8333.85,9666.15,0.0,PENDING_DUE
ADM-2026-03795,Amit Sharma,9th Grade,A,15000.0,6683.96,8316.04,0.0,PENDING_DUE
ADM-2026-03796,Vihaan Malhotra,11th Grade,B,22000.0,22000.0,0.0,0.0,COMPLETED
ADM-2026-03797,Pari Pillai,9th Grade,D,15000.0,4265.24,10734.76,500.0,DEFAULT_AGED
ADM-2026-03798,Kavita Das,10th Grade,A,22000.0,8943.23,13056.77,0.0,PENDING_DUE
ADM-2026-03799,Diya Menon,11th Grade,D,12000.0,2531.16,9468.84,1000.0,DEFAULT_AGED
ADM-2026-03800,Diya Rao,9th Grade,C,12000.0,12000.0,0.0,0.0,COMPLETED
ADM-2026-03801,Sai Mehta,11th Grade,B,12000.0,7570.82,4429.18,0.0,PENDING_DUE
ADM-2026-03802,Pari Patel,10th Grade,C,15000.0,6459.05,8540.95,0.0,PENDING_DUE
ADM-2026-03803,Rahul Das,12th Grade,D,22000.0,9093.44,12906.56,0.0,PENDING_DUE
ADM-2026-03804,Priya Reddy,10th Grade,A,15000.0,3093.42,11906.58,0.0,PENDING_DUE
ADM-2026-03805,Kavita Iyer,10th Grade,A,15000.0,15000.0,0.0,0.0,COMPLETED
ADM-2026-03806,Meera Malhotra,11th Grade,D,22000.0,22000.0,0.0,0.0,COMPLETED
ADM-2026-03807,Vivaan Choudhury,12th Grade,A,12000.0,6014.94,5985.06,0.0,PENDING_DUE
ADM-2026-03808,Neha Bose,10th Grade,C,15000.0,2297.74,12702.26,250.0,DEFAULT_AGED
ADM-2026-03809,Sneha Reddy,11th Grade,D,22000.0,2965.25,19034.75,1000.0,DEFAULT_AGED
ADM-2026-03810,Pooja Malhotra,9th Grade,B,12000.0,2550.7,9449.3,0.0,PENDING_DUE
ADM-2026-03811,Rohan Rao,11th Grade,B,12000.0,12000.0,0.0,0.0,COMPLETED
ADM-2026-03812,Krishna Bose,10th Grade,A,15000.0,3435.71,11564.29,0.0,PENDING_DUE
ADM-2026-03813,Sanya Choudhury,11th Grade,A,15000.0,15000.0,0.0,0.0,COMPLETED
ADM-2026-03814,Aditya Gupta,9th Grade,B,12000.0,7311.44,4688.56,0.0,PENDING_DUE
ADM-2026-03815,Priya Mehta,9th Grade,D,15000.0,15000.0,0.0,0.0,COMPLETED
ADM-2026-03816,Sneha Pillai,11th Grade,C,18000.0,11004.81,6995.19,0.0,PENDING_DUE
ADM-2026-03817,Ayaan Iyer,10th Grade,C,15000.0,15000.0,0.0,0.0,COMPLETED
ADM-2026-03818,Amit Deshmukh,9th Grade,A,15000.0,15000.0,0.0,0.0,COMPLETED
ADM-2026-03819,Pankaj Bose,10th Grade,D,18000.0,10380.39,7619.61,0.0,PENDING_DUE
ADM-2026-03820,Arjun Sharma,11th Grade,D,22000.0,22000.0,0.0,0.0,COMPLETED
ADM-2026-03821,Aditya Rao,12th Grade,C,18000.0,18000.0,0.0,0.0,COMPLETED
ADM-2026-03822,Aadhya Pillai,10th Grade,D,12000.0,2699.48,9300.52,0.0,PENDING_DUE
ADM-2026-03823,Arjun Bose,10th Grade,C,15000.0,8425.67,6574.33,0.0,PENDING_DUE
ADM-2026-03824,Diya Rao,9th Grade,B,15000.0,15000.0,0.0,0.0,COMPLETED
ADM-2026-03825,Sanya Sen,12th Grade,B,12000.0,7395.27,4604.73,0.0,PENDING_DUE
ADM-2026-03826,Sai Pillai,11th Grade,C,15000.0,4425.55,10574.45,0.0,PENDING_DUE
ADM-2026-03827,Ishaan Gupta,11th Grade,A,18000.0,9789.84,8210.16,0.0,PENDING_DUE
ADM-2026-03828,Sai Sharma,11th Grade,C,12000.0,1513.95,10486.05,1000.0,DEFAULT_AGED
ADM-2026-03829,Reyansh Pillai,11th Grade,D,12000.0,12000.0,0.0,0.0,COMPLETED
ADM-2026-03830,Vihaan Patel,11th Grade,A,22000.0,8656.16,13343.84,0.0,PENDING_DUE
ADM-2026-03831,Anjali Choudhury,9th Grade,C,18000.0,11783.95,6216.05,0.0,PENDING_DUE
ADM-2026-03832,Neha Verma,10th Grade,D,12000.0,12000.0,0.0,0.0,COMPLETED
ADM-2026-03833,Sneha Gupta,11th Grade,B,12000.0,12000.0,0.0,0.0,COMPLETED
ADM-2026-03834,Neha Nair,12th Grade,D,22000.0,10316.72,11683.28,0.0,PENDING_DUE
ADM-2026-03835,Sanya Sharma,11th Grade,D,18000.0,12563.49,5436.51,0.0,PENDING_DUE
ADM-2026-03836,Krishna Deshmukh,12th Grade,D,22000.0,8309.49,13690.51,0.0,PENDING_DUE
ADM-2026-03837,Amit Joshi,10th Grade,C,12000.0,4167.72,7832.28,0.0,PENDING_DUE
ADM-2026-03838,Aadhya Gupta,10th Grade,C,15000.0,15000.0,0.0,0.0,COMPLETED
ADM-2026-03839,Amit Sharma,10th Grade,B,22000.0,2462.05,19537.95,1000.0,DEFAULT_AGED
ADM-2026-03840,Vikas Mehta,12th Grade,A,15000.0,15000.0,0.0,0.0,COMPLETED
ADM-2026-03841,Pooja Rao,9th Grade,B,22000.0,5007.11,16992.89,0.0,PENDING_DUE
ADM-2026-03842,Vikas Gupta,12th Grade,A,18000.0,6847.08,11152.92,0.0,PENDING_DUE
ADM-2026-03843,Sanya Sen,10th Grade,D,22000.0,10818.19,11181.81,0.0,PENDING_DUE
ADM-2026-03844,Neha Rao,12th Grade,B,15000.0,15000.0,0.0,0.0,COMPLETED
ADM-2026-03845,Vihaan Sharma,11th Grade,C,12000.0,4093.22,7906.78,0.0,PENDING_DUE
ADM-2026-03846,Sanya Verma,10th Grade,B,15000.0,15000.0,0.0,0.0,COMPLETED
ADM-2026-03847,Ishaan Deshmukh,10th Grade,A,18000.0,18000.0,0.0,0.0,COMPLETED
ADM-2026-03848,Aadhya Sen,12th Grade,B,12000.0,12000.0,0.0,0.0,COMPLETED
ADM-2026-03849,Vivaan Gupta,10th Grade,A,18000.0,18000.0,0.0,0.0,COMPLETED
ADM-2026-03850,Aarav Reddy,12th Grade,C,22000.0,7537.62,14462.38,0.0,PENDING_DUE
ADM-2026-03851,Neha Rao,10th Grade,A,15000.0,9383.38,5616.62,0.0,PENDING_DUE
ADM-2026-03852,Priya Patel,10th Grade,C,12000.0,5736.56,6263.44,0.0,PENDING_DUE
ADM-2026-03853,Sneha Menon,10th Grade,C,12000.0,12000.0,0.0,0.0,COMPLETED
ADM-2026-03854,Pankaj Joshi,11th Grade,A,18000.0,18000.0,0.0,0.0,COMPLETED
ADM-2026-03855,Aditya Das,12th Grade,A,15000.0,862.1,14137.9,250.0,DEFAULT_AGED
ADM-2026-03856,Pankaj Rao,9th Grade,B,15000.0,15000.0,0.0,0.0,COMPLETED
ADM-2026-03857,Riya Das,12th Grade,C,22000.0,22000.0,0.0,0.0,COMPLETED
ADM-2026-03858,Neha Pillai,11th Grade,C,18000.0,18000.0,0.0,0.0,COMPLETED
ADM-2026-03859,Meera Rao,11th Grade,B,12000.0,12000.0,0.0,0.0,COMPLETED
ADM-2026-03860,Pari Verma,11th Grade,A,12000.0,12000.0,0.0,0.0,COMPLETED
ADM-2026-03861,Ananya Gupta,9th Grade,B,12000.0,12000.0,0.0,0.0,COMPLETED
ADM-2026-03862,Reyansh Iyer,12th Grade,B,22000.0,22000.0,0.0,0.0,COMPLETED
ADM-2026-03863,Karan Joshi,12th Grade,C,18000.0,2366.9,15633.1,500.0,DEFAULT_AGED
ADM-2026-03864,Pankaj Malhotra,10th Grade,A,18000.0,8773.89,9226.11,0.0,PENDING_DUE
ADM-2026-03865,Rohan Pillai,10th Grade,B,18000.0,1027.77,16972.23,250.0,DEFAULT_AGED
ADM-2026-03866,Rohan Nair,12th Grade,B,12000.0,12000.0,0.0,0.0,COMPLETED
ADM-2026-03867,Krishna Verma,11th Grade,B,22000.0,11852.41,10147.59,0.0,PENDING_DUE
ADM-2026-03868,Sneha Singh,10th Grade,D,18000.0,18000.0,0.0,0.0,COMPLETED
ADM-2026-03869,Pari Pillai,11th Grade,D,22000.0,6803.55,15196.45,0.0,PENDING_DUE
ADM-2026-03870,Meera Das,10th Grade,B,18000.0,18000.0,0.0,0.0,COMPLETED
ADM-2026-03871,Kavita Malhotra,9th Grade,A,15000.0,4986.08,10013.92,0.0,PENDING_DUE
ADM-2026-03872,Karan Patel,9th Grade,D,18000.0,2752.35,15247.65,250.0,DEFAULT_AGED
ADM-2026-03873,Priya Menon,11th Grade,B,15000.0,15000.0,0.0,0.0,COMPLETED
ADM-2026-03874,Sai Choudhury,11th Grade,A,22000.0,14790.63,7209.37,0.0,PENDING_DUE
ADM-2026-03875,Vivaan Gupta,10th Grade,D,18000.0,18000.0,0.0,0.0,COMPLETED
ADM-2026-03876,Vihaan Verma,12th Grade,B,15000.0,8160.19,6839.81,0.0,PENDING_DUE
ADM-2026-03877,Rohan Menon,10th Grade,C,12000.0,12000.0,0.0,0.0,COMPLETED
ADM-2026-03878,Amit Deshmukh,10th Grade,C,15000.0,9700.61,5299.39,0.0,PENDING_DUE
ADM-2026-03879,Diya Gupta,10th Grade,A,15000.0,15000.0,0.0,0.0,COMPLETED
ADM-2026-03880,Vihaan Menon,12th Grade,A,18000.0,12305.42,5694.58,0.0,PENDING_DUE
ADM-2026-03881,Anjali Pillai,10th Grade,D,12000.0,12000.0,0.0,0.0,COMPLETED
ADM-2026-03882,Vikas Sharma,12th Grade,B,18000.0,18000.0,0.0,0.0,COMPLETED
ADM-2026-03883,Rahul Rao,11th Grade,C,15000.0,3991.65,11008.35,250.0,DEFAULT_AGED
ADM-2026-03884,Amit Iyer,12th Grade,A,15000.0,15000.0,0.0,0.0,COMPLETED
ADM-2026-03885,Rahul Malhotra,10th Grade,B,12000.0,12000.0,0.0,0.0,COMPLETED
ADM-2026-03886,Diya Patel,10th Grade,A,18000.0,18000.0,0.0,0.0,COMPLETED
ADM-2026-03887,Aadhya Joshi,10th Grade,B,12000.0,12000.0,0.0,0.0,COMPLETED
ADM-2026-03888,Amit Patel,9th Grade,C,15000.0,10383.92,4616.08,0.0,PENDING_DUE
ADM-2026-03889,Ananya Choudhury,10th Grade,D,15000.0,9789.92,5210.08,0.0,PENDING_DUE
ADM-2026-03890,Ayaan Kumar,9th Grade,D,12000.0,12000.0,0.0,0.0,COMPLETED
ADM-2026-03891,Riya Gupta,12th Grade,B,15000.0,10058.35,4941.65,0.0,PENDING_DUE
ADM-2026-03892,Amit Das,11th Grade,B,18000.0,8891.76,9108.24,0.0,PENDING_DUE
ADM-2026-03893,Krishna Das,9th Grade,D,12000.0,3875.0,8125.0,0.0,PENDING_DUE
ADM-2026-03894,Vivaan Singh,10th Grade,B,15000.0,4445.26,10554.74,0.0,PENDING_DUE
ADM-2026-03895,Meera Nair,10th Grade,C,18000.0,18000.0,0.0,0.0,COMPLETED
ADM-2026-03896,Ananya Singh,9th Grade,D,22000.0,22000.0,0.0,0.0,COMPLETED
ADM-2026-03897,Diya Mehta,9th Grade,D,15000.0,4064.22,10935.78,0.0,PENDING_DUE
ADM-2026-03898,Rohan Sharma,9th Grade,D,18000.0,18000.0,0.0,0.0,COMPLETED
ADM-2026-03899,Rahul Deshmukh,12th Grade,B,15000.0,15000.0,0.0,0.0,COMPLETED
ADM-2026-03900,Riya Reddy,9th Grade,D,15000.0,1579.44,13420.56,250.0,DEFAULT_AGED
ADM-2026-03901,Vihaan Das,10th Grade,C,15000.0,3566.1,11433.9,0.0,PENDING_DUE
ADM-2026-03902,Sai Kumar,12th Grade,D,12000.0,4215.72,7784.28,0.0,PENDING_DUE
ADM-2026-03903,Ishaan Malhotra,9th Grade,B,12000.0,12000.0,0.0,0.0,COMPLETED
ADM-2026-03904,Ayaan Das,9th Grade,A,22000.0,22000.0,0.0,0.0,COMPLETED
ADM-2026-03905,Vivaan Nair,9th Grade,A,18000.0,18000.0,0.0,0.0,COMPLETED
ADM-2026-03906,Ayaan Iyer,11th Grade,C,18000.0,3476.03,14523.97,500.0,DEFAULT_AGED
ADM-2026-03907,Neha Reddy,9th Grade,B,12000.0,5953.35,6046.65,0.0,PENDING_DUE
ADM-2026-03908,Aarav Mehta,9th Grade,B,12000.0,12000.0,0.0,0.0,COMPLETED
ADM-2026-03909,Pooja Menon,11th Grade,A,18000.0,18000.0,0.0,0.0,COMPLETED
ADM-2026-03910,Riya Pillai,10th Grade,A,22000.0,2036.47,19963.53,1000.0,DEFAULT_AGED
ADM-2026-03911,Priya Kumar,9th Grade,A,18000.0,18000.0,0.0,0.0,COMPLETED
ADM-2026-03912,Krishna Malhotra,11th Grade,B,18000.0,18000.0,0.0,0.0,COMPLETED
ADM-2026-03913,Reyansh Mehta,10th Grade,D,12000.0,12000.0,0.0,0.0,COMPLETED
ADM-2026-03914,Vihaan Malhotra,11th Grade,C,15000.0,15000.0,0.0,0.0,COMPLETED
ADM-2026-03915,Neha Malhotra,10th Grade,C,12000.0,12000.0,0.0,0.0,COMPLETED
ADM-2026-03916,Kavita Singh,10th Grade,B,18000.0,18000.0,0.0,0.0,COMPLETED
ADM-2026-03917,Sanya Sharma,12th Grade,D,15000.0,15000.0,0.0,0.0,COMPLETED
ADM-2026-03918,Riya Sharma,12th Grade,C,12000.0,7957.46,4042.54,0.0,PENDING_DUE
ADM-2026-03919,Karan Pillai,9th Grade,C,12000.0,12000.0,0.0,0.0,COMPLETED
ADM-2026-03920,Priya Kumar,9th Grade,C,18000.0,10154.15,7845.85,0.0,PENDING_DUE
ADM-2026-03921,Rohan Menon,9th Grade,A,18000.0,1839.36,16160.64,1000.0,DEFAULT_AGED
ADM-2026-03922,Vivaan Joshi,9th Grade,B,15000.0,9761.13,5238.87,0.0,PENDING_DUE
ADM-2026-03923,Sanya Deshmukh,10th Grade,A,22000.0,22000.0,0.0,0.0,COMPLETED
ADM-2026-03924,Sanya Singh,10th Grade,C,18000.0,7630.61,10369.39,0.0,PENDING_DUE
ADM-2026-03925,Diya Bose,11th Grade,B,12000.0,12000.0,0.0,0.0,COMPLETED
ADM-2026-03926,Kavita Bose,11th Grade,D,12000.0,3858.0,8142.0,0.0,PENDING_DUE
ADM-2026-03927,Meera Reddy,10th Grade,A,12000.0,12000.0,0.0,0.0,COMPLETED
ADM-2026-03928,Sai Verma,11th Grade,B,12000.0,2409.43,9590.57,0.0,PENDING_DUE
ADM-2026-03929,Rohan Sen,10th Grade,B,12000.0,12000.0,0.0,0.0,COMPLETED
ADM-2026-03930,Krishna Verma,9th Grade,A,15000.0,5102.7,9897.3,0.0,PENDING_DUE
ADM-2026-03931,Rohan Deshmukh,9th Grade,C,18000.0,18000.0,0.0,0.0,COMPLETED
ADM-2026-03932,Diya Sen,10th Grade,B,15000.0,15000.0,0.0,0.0,COMPLETED
ADM-2026-03933,Aadhya Deshmukh,9th Grade,C,12000.0,12000.0,0.0,0.0,COMPLETED
ADM-2026-03934,Sanya Pillai,9th Grade,C,18000.0,18000.0,0.0,0.0,COMPLETED
ADM-2026-03935,Pari Rao,10th Grade,C,15000.0,15000.0,0.0,0.0,COMPLETED
ADM-2026-03936,Reyansh Choudhury,11th Grade,A,12000.0,12000.0,0.0,0.0,COMPLETED
ADM-2026-03937,Vihaan Verma,11th Grade,A,22000.0,3965.82,18034.18,500.0,DEFAULT_AGED
ADM-2026-03938,Aadhya Das,9th Grade,C,22000.0,2766.87,19233.13,1000.0,DEFAULT_AGED
ADM-2026-03939,Sanya Bose,9th Grade,D,12000.0,12000.0,0.0,0.0,COMPLETED
ADM-2026-03940,Pankaj Das,11th Grade,A,15000.0,15000.0,0.0,0.0,COMPLETED
ADM-2026-03941,Ayaan Sharma,10th Grade,B,12000.0,12000.0,0.0,0.0,COMPLETED
ADM-2026-03942,Reyansh Mehta,12th Grade,D,12000.0,4974.61,7025.39,0.0,PENDING_DUE
ADM-2026-03943,Aadhya Sen,12th Grade,C,12000.0,12000.0,0.0,0.0,COMPLETED
ADM-2026-03944,Aditya Pillai,10th Grade,C,18000.0,2451.81,15548.19,500.0,DEFAULT_AGED
ADM-2026-03945,Meera Singh,12th Grade,A,22000.0,4721.67,17278.33,250.0,DEFAULT_AGED
ADM-2026-03946,Riya Reddy,12th Grade,A,22000.0,7429.68,14570.32,0.0,PENDING_DUE
ADM-2026-03947,Arjun Iyer,11th Grade,D,15000.0,15000.0,0.0,0.0,COMPLETED
ADM-2026-03948,Krishna Iyer,9th Grade,C,12000.0,2629.48,9370.52,0.0,PENDING_DUE
ADM-2026-03949,Vikas Sen,9th Grade,C,22000.0,22000.0,0.0,0.0,COMPLETED
ADM-2026-03950,Neha Rao,10th Grade,A,18000.0,12577.11,5422.89,0.0,PENDING_DUE
ADM-2026-03951,Rohan Choudhury,9th Grade,A,15000.0,15000.0,0.0,0.0,COMPLETED
ADM-2026-03952,Diya Joshi,11th Grade,D,22000.0,22000.0,0.0,0.0,COMPLETED
ADM-2026-03953,Kavita Nair,12th Grade,A,12000.0,12000.0,0.0,0.0,COMPLETED
ADM-2026-03954,Aarav Choudhury,9th Grade,D,15000.0,7973.79,7026.21,0.0,PENDING_DUE
ADM-2026-03955,Diya Das,9th Grade,B,18000.0,18000.0,0.0,0.0,COMPLETED
ADM-2026-03956,Sai Verma,11th Grade,D,12000.0,2178.09,9821.91,1000.0,DEFAULT_AGED
ADM-2026-03957,Pankaj Mehta,11th Grade,D,12000.0,12000.0,0.0,0.0,COMPLETED
ADM-2026-03958,Reyansh Iyer,11th Grade,B,15000.0,8653.36,6346.64,0.0,PENDING_DUE
ADM-2026-03959,Arjun Malhotra,11th Grade,C,15000.0,6947.61,8052.39,0.0,PENDING_DUE
ADM-2026-03960,Diya Gupta,9th Grade,A,22000.0,4172.76,17827.24,250.0,DEFAULT_AGED
ADM-2026-03961,Diya Joshi,12th Grade,A,18000.0,18000.0,0.0,0.0,COMPLETED
ADM-2026-03962,Pooja Gupta,10th Grade,D,12000.0,2291.11,9708.89,1000.0,DEFAULT_AGED
ADM-2026-03963,Reyansh Verma,11th Grade,A,18000.0,4721.16,13278.84,250.0,DEFAULT_AGED
ADM-2026-03964,Arjun Joshi,12th Grade,B,18000.0,18000.0,0.0,0.0,COMPLETED
ADM-2026-03965,Neha Verma,12th Grade,B,18000.0,8110.11,9889.89,0.0,PENDING_DUE
ADM-2026-03966,Vihaan Iyer,9th Grade,B,22000.0,11225.73,10774.27,0.0,PENDING_DUE
ADM-2026-03967,Riya Mehta,9th Grade,A,12000.0,12000.0,0.0,0.0,COMPLETED
ADM-2026-03968,Aarav Joshi,11th Grade,C,18000.0,680.0,17320.0,250.0,DEFAULT_AGED
ADM-2026-03969,Ayaan Patel,9th Grade,D,22000.0,22000.0,0.0,0.0,COMPLETED
ADM-2026-03970,Priya Sharma,12th Grade,C,22000.0,4628.33,17371.67,500.0,DEFAULT_AGED
ADM-2026-03971,Sanya Malhotra,12th Grade,C,15000.0,15000.0,0.0,0.0,COMPLETED
ADM-2026-03972,Riya Kumar,11th Grade,B,12000.0,12000.0,0.0,0.0,COMPLETED
ADM-2026-03973,Rohan Rao,10th Grade,B,15000.0,9648.25,5351.75,0.0,PENDING_DUE
ADM-2026-03974,Ayaan Patel,12th Grade,C,22000.0,22000.0,0.0,0.0,COMPLETED
ADM-2026-03975,Aditya Malhotra,12th Grade,B,22000.0,22000.0,0.0,0.0,COMPLETED
ADM-2026-03976,Aadhya Choudhury,9th Grade,D,22000.0,3471.3,18528.7,500.0,DEFAULT_AGED
ADM-2026-03977,Sneha Verma,9th Grade,A,12000.0,12000.0,0.0,0.0,COMPLETED
ADM-2026-03978,Vihaan Reddy,11th Grade,C,18000.0,18000.0,0.0,0.0,COMPLETED
ADM-2026-03979,Ayaan Singh,10th Grade,C,18000.0,18000.0,0.0,0.0,COMPLETED
ADM-2026-03980,Meera Mehta,12th Grade,C,15000.0,15000.0,0.0,0.0,COMPLETED
ADM-2026-03981,Aditya Singh,11th Grade,B,22000.0,1537.9,20462.1,1000.0,DEFAULT_AGED
ADM-2026-03982,Krishna Rao,10th Grade,A,15000.0,15000.0,0.0,0.0,COMPLETED
ADM-2026-03983,Ananya Iyer,11th Grade,C,15000.0,15000.0,0.0,0.0,COMPLETED
ADM-2026-03984,Pari Kumar,9th Grade,B,18000.0,4928.81,13071.19,0.0,PENDING_DUE
ADM-2026-03985,Pari Das,10th Grade,D,12000.0,3750.0,8250.0,0.0,PENDING_DUE
ADM-2026-03986,Anjali Pillai,10th Grade,D,18000.0,18000.0,0.0,0.0,COMPLETED
ADM-2026-03987,Diya Sen,9th Grade,D,22000.0,13303.7,8696.3,0.0,PENDING_DUE
ADM-2026-03988,Priya Verma,9th Grade,B,18000.0,2437.44,15562.56,250.0,DEFAULT_AGED
ADM-2026-03989,Riya Verma,12th Grade,A,18000.0,18000.0,0.0,0.0,COMPLETED
ADM-2026-03990,Arjun Malhotra,12th Grade,B,15000.0,15000.0,0.0,0.0,COMPLETED
ADM-2026-03991,Aarav Sen,11th Grade,A,22000.0,4956.7,17043.3,1000.0,DEFAULT_AGED
ADM-2026-03992,Vivaan Kumar,12th Grade,C,15000.0,15000.0,0.0,0.0,COMPLETED
ADM-2026-03993,Diya Menon,11th Grade,A,18000.0,18000.0,0.0,0.0,COMPLETED
ADM-2026-03994,Sai Patel,10th Grade,B,15000.0,15000.0,0.0,0.0,COMPLETED
ADM-2026-03995,Ananya Menon,11th Grade,B,12000.0,12000.0,0.0,0.0,COMPLETED
ADM-2026-03996,Priya Bose,9th Grade,A,15000.0,15000.0,0.0,0.0,COMPLETED
ADM-2026-03997,Vikas Bose,11th Grade,D,15000.0,15000.0,0.0,0.0,COMPLETED
ADM-2026-03998,Sai Joshi,9th Grade,C,12000.0,12000.0,0.0,0.0,COMPLETED
ADM-2026-03999,Sai Menon,10th Grade,D,18000.0,3941.39,14058.61,0.0,PENDING_DUE
ADM-2026-04000,Amit Bose,9th Grade,C,18000.0,18000.0,0.0,0.0,COMPLETED
ADM-2026-04001,Kavita Menon,9th Grade,D,18000.0,6831.63,11168.37,0.0,PENDING_DUE
ADM-2026-04002,Amit Pillai,11th Grade,A,12000.0,5021.03,6978.97,0.0,PENDING_DUE
ADM-2026-04003,Sneha Rao,10th Grade,D,15000.0,2990.31,12009.69,250.0,DEFAULT_AGED
ADM-2026-04004,Sanya Reddy,12th Grade,C,22000.0,22000.0,0.0,0.0,COMPLETED
ADM-2026-04005,Sanya Sharma,11th Grade,C,12000.0,276.94,11723.06,500.0,DEFAULT_AGED
ADM-2026-04006,Anjali Choudhury,10th Grade,B,18000.0,18000.0,0.0,0.0,COMPLETED
ADM-2026-04007,Pooja Choudhury,12th Grade,C,15000.0,15000.0,0.0,0.0,COMPLETED
ADM-2026-04008,Riya Reddy,11th Grade,B,12000.0,2707.9,9292.1,0.0,PENDING_DUE
ADM-2026-04009,Anjali Sharma,9th Grade,C,15000.0,15000.0,0.0,0.0,COMPLETED
ADM-2026-04010,Pankaj Pillai,12th Grade,C,18000.0,4432.38,13567.62,1000.0,DEFAULT_AGED
ADM-2026-04011,Vihaan Das,11th Grade,A,15000.0,15000.0,0.0,0.0,COMPLETED
ADM-2026-04012,Vikas Gupta,9th Grade,B,12000.0,12000.0,0.0,0.0,COMPLETED
ADM-2026-04013,Ishaan Verma,9th Grade,D,22000.0,5052.35,16947.65,0.0,PENDING_DUE
ADM-2026-04014,Diya Menon,9th Grade,C,22000.0,8151.33,13848.67,0.0,PENDING_DUE
ADM-2026-04015,Neha Rao,10th Grade,B,22000.0,22000.0,0.0,0.0,COMPLETED
ADM-2026-04016,Ishaan Singh,10th Grade,B,15000.0,15000.0,0.0,0.0,COMPLETED
ADM-2026-04017,Ananya Nair,12th Grade,D,18000.0,9679.79,8320.21,0.0,PENDING_DUE
ADM-2026-04018,Anjali Nair,9th Grade,D,18000.0,18000.0,0.0,0.0,COMPLETED
ADM-2026-04019,Pooja Kumar,9th Grade,A,22000.0,22000.0,0.0,0.0,COMPLETED
ADM-2026-04020,Priya Kumar,12th Grade,B,22000.0,22000.0,0.0,0.0,COMPLETED
ADM-2026-04021,Vikas Singh,12th Grade,B,12000.0,12000.0,0.0,0.0,COMPLETED
ADM-2026-04022,Sanya Sharma,10th Grade,C,22000.0,8793.85,13206.15,0.0,PENDING_DUE
ADM-2026-04023,Diya Gupta,12th Grade,D,12000.0,12000.0,0.0,0.0,COMPLETED
ADM-2026-04024,Sneha Choudhury,11th Grade,D,15000.0,10463.6,4536.4,0.0,PENDING_DUE
ADM-2026-04025,Priya Reddy,10th Grade,C,12000.0,5229.1,6770.9,0.0,PENDING_DUE
ADM-2026-04026,Diya Rao,9th Grade,C,22000.0,481.28,21518.72,250.0,DEFAULT_AGED
ADM-2026-04027,Ayaan Gupta,11th Grade,D,22000.0,4537.92,17462.08,1000.0,DEFAULT_AGED
ADM-2026-04028,Aditya Kumar,11th Grade,A,12000.0,12000.0,0.0,0.0,COMPLETED
ADM-2026-04029,Pooja Bose,12th Grade,A,18000.0,5945.17,12054.83,0.0,PENDING_DUE
ADM-2026-04030,Aarav Rao,9th Grade,D,18000.0,18000.0,0.0,0.0,COMPLETED
ADM-2026-04031,Diya Sharma,9th Grade,D,12000.0,4346.64,7653.36,0.0,PENDING_DUE
ADM-2026-04032,Krishna Mehta,9th Grade,C,22000.0,10528.43,11471.57,0.0,PENDING_DUE
ADM-2026-04033,Ayaan Nair,12th Grade,B,15000.0,189.32,14810.68,500.0,DEFAULT_AGED
ADM-2026-04034,Karan Sharma,9th Grade,D,15000.0,15000.0,0.0,0.0,COMPLETED
ADM-2026-04035,Krishna Sharma,9th Grade,D,12000.0,12000.0,0.0,0.0,COMPLETED
ADM-2026-04036,Pooja Iyer,9th Grade,B,15000.0,15000.0,0.0,0.0,COMPLETED
ADM-2026-04037,Amit Menon,12th Grade,D,15000.0,15000.0,0.0,0.0,COMPLETED
ADM-2026-04038,Aarav Deshmukh,12th Grade,B,18000.0,18000.0,0.0,0.0,COMPLETED
ADM-2026-04039,Kavita Sharma,9th Grade,C,12000.0,7491.86,4508.14,0.0,PENDING_DUE
ADM-2026-04040,Rahul Choudhury,9th Grade,A,12000.0,12000.0,0.0,0.0,COMPLETED
ADM-2026-04041,Krishna Verma,12th Grade,C,15000.0,1869.31,13130.69,250.0,DEFAULT_AGED
ADM-2026-04042,Sai Deshmukh,12th Grade,A,18000.0,18000.0,0.0,0.0,COMPLETED
ADM-2026-04043,Arjun Patel,10th Grade,C,15000.0,3465.9,11534.1,0.0,PENDING_DUE
ADM-2026-04044,Vihaan Singh,12th Grade,A,18000.0,18000.0,0.0,0.0,COMPLETED
ADM-2026-04045,Sai Nair,11th Grade,A,18000.0,18000.0,0.0,0.0,COMPLETED
ADM-2026-04046,Anjali Nair,9th Grade,B,12000.0,2686.0,9314.0,500.0,DEFAULT_AGED
ADM-2026-04047,Aditya Verma,9th Grade,C,22000.0,22000.0,0.0,0.0,COMPLETED
ADM-2026-04048,Riya Pillai,10th Grade,C,15000.0,5717.63,9282.37,0.0,PENDING_DUE
ADM-2026-04049,Aadhya Iyer,11th Grade,C,12000.0,5405.2,6594.8,0.0,PENDING_DUE
ADM-2026-04050,Ananya Patel,9th Grade,C,12000.0,12000.0,0.0,0.0,COMPLETED
ADM-2026-04051,Ananya Reddy,11th Grade,A,22000.0,22000.0,0.0,0.0,COMPLETED
ADM-2026-04052,Kavita Gupta,10th Grade,A,12000.0,12000.0,0.0,0.0,COMPLETED
ADM-2026-04053,Pankaj Reddy,11th Grade,B,18000.0,18000.0,0.0,0.0,COMPLETED
ADM-2026-04054,Pooja Rao,10th Grade,A,12000.0,5964.8,6035.2,0.0,PENDING_DUE
ADM-2026-04055,Diya Iyer,9th Grade,A,18000.0,18000.0,0.0,0.0,COMPLETED
ADM-2026-04056,Reyansh Patel,11th Grade,C,22000.0,22000.0,0.0,0.0,COMPLETED
ADM-2026-04057,Vihaan Choudhury,12th Grade,A,22000.0,6411.35,15588.65,500.0,DEFAULT_AGED
ADM-2026-04058,Rohan Kumar,12th Grade,C,15000.0,15000.0,0.0,0.0,COMPLETED
ADM-2026-04059,Ananya Choudhury,12th Grade,A,22000.0,22000.0,0.0,0.0,COMPLETED
ADM-2026-04060,Pankaj Iyer,11th Grade,B,18000.0,4269.28,13730.72,0.0,PENDING_DUE
ADM-2026-04061,Sai Gupta,9th Grade,A,15000.0,15000.0,0.0,0.0,COMPLETED
ADM-2026-04062,Ishaan Patel,11th Grade,C,22000.0,22000.0,0.0,0.0,COMPLETED
ADM-2026-04063,Vikas Deshmukh,9th Grade,B,18000.0,12480.53,5519.47,0.0,PENDING_DUE
ADM-2026-04064,Vihaan Rao,9th Grade,B,22000.0,22000.0,0.0,0.0,COMPLETED
ADM-2026-04065,Aadhya Rao,12th Grade,D,18000.0,5395.94,12604.06,0.0,PENDING_DUE
ADM-2026-04066,Rahul Menon,12th Grade,C,18000.0,18000.0,0.0,0.0,COMPLETED
ADM-2026-04067,Aditya Sharma,9th Grade,C,15000.0,15000.0,0.0,0.0,COMPLETED
ADM-2026-04068,Vihaan Kumar,10th Grade,B,22000.0,13220.74,8779.26,0.0,PENDING_DUE
ADM-2026-04069,Sai Patel,12th Grade,D,15000.0,8431.78,6568.22,0.0,PENDING_DUE
ADM-2026-04070,Ananya Rao,12th Grade,B,12000.0,8132.62,3867.38,0.0,PENDING_DUE
ADM-2026-04071,Pari Sharma,12th Grade,B,18000.0,3663.18,14336.82,0.0,PENDING_DUE
ADM-2026-04072,Riya Deshmukh,11th Grade,B,15000.0,3241.46,11758.54,0.0,PENDING_DUE
ADM-2026-04073,Sai Pillai,12th Grade,B,22000.0,3010.25,18989.75,1000.0,DEFAULT_AGED
ADM-2026-04074,Krishna Deshmukh,10th Grade,B,15000.0,15000.0,0.0,0.0,COMPLETED
ADM-2026-04075,Aditya Iyer,10th Grade,C,15000.0,15000.0,0.0,0.0,COMPLETED
ADM-2026-04076,Amit Patel,11th Grade,C,22000.0,2538.91,19461.09,1000.0,DEFAULT_AGED
ADM-2026-04077,Ananya Malhotra,11th Grade,A,18000.0,4366.82,13633.18,0.0,PENDING_DUE
ADM-2026-04078,Rohan Joshi,11th Grade,A,18000.0,9567.88,8432.12,0.0,PENDING_DUE
ADM-2026-04079,Rohan Kumar,10th Grade,D,22000.0,5179.93,16820.07,500.0,DEFAULT_AGED
ADM-2026-04080,Pooja Patel,11th Grade,D,12000.0,12000.0,0.0,0.0,COMPLETED
ADM-2026-04081,Rohan Mehta,12th Grade,D,15000.0,3293.55,11706.45,0.0,PENDING_DUE
ADM-2026-04082,Vihaan Malhotra,9th Grade,D,15000.0,5816.23,9183.77,0.0,PENDING_DUE
ADM-2026-04083,Neha Sharma,9th Grade,C,12000.0,354.94,11645.06,1000.0,DEFAULT_AGED
ADM-2026-04084,Sneha Sen,9th Grade,B,18000.0,18000.0,0.0,0.0,COMPLETED
ADM-2026-04085,Riya Verma,9th Grade,D,22000.0,22000.0,0.0,0.0,COMPLETED
ADM-2026-04086,Diya Kumar,11th Grade,A,15000.0,2756.62,12243.38,1000.0,DEFAULT_AGED
ADM-2026-04087,Arjun Sharma,11th Grade,C,12000.0,12000.0,0.0,0.0,COMPLETED
ADM-2026-04088,Ananya Joshi,9th Grade,A,22000.0,7681.47,14318.53,0.0,PENDING_DUE
ADM-2026-04089,Neha Deshmukh,10th Grade,B,12000.0,12000.0,0.0,0.0,COMPLETED
ADM-2026-04090,Diya Singh,10th Grade,B,22000.0,4206.19,17793.81,500.0,DEFAULT_AGED
ADM-2026-04091,Sneha Choudhury,12th Grade,D,22000.0,22000.0,0.0,0.0,COMPLETED
ADM-2026-04092,Riya Das,10th Grade,C,18000.0,3787.65,14212.35,250.0,DEFAULT_AGED
ADM-2026-04093,Ananya Deshmukh,9th Grade,D,18000.0,18000.0,0.0,0.0,COMPLETED
ADM-2026-04094,Ayaan Gupta,9th Grade,A,18000.0,4729.43,13270.57,250.0,DEFAULT_AGED
ADM-2026-04095,Vikas Sharma,10th Grade,B,18000.0,885.01,17114.99,1000.0,DEFAULT_AGED
ADM-2026-04096,Ananya Gupta,10th Grade,B,12000.0,420.96,11579.04,250.0,DEFAULT_AGED
ADM-2026-04097,Ayaan Joshi,10th Grade,D,12000.0,4517.7,7482.3,0.0,PENDING_DUE
ADM-2026-04098,Arjun Gupta,11th Grade,A,15000.0,15000.0,0.0,0.0,COMPLETED
ADM-2026-04099,Rahul Verma,11th Grade,D,15000.0,15000.0,0.0,0.0,COMPLETED
ADM-2026-04100,Aadhya Choudhury,12th Grade,D,18000.0,18000.0,0.0,0.0,COMPLETED
ADM-2026-04101,Diya Das,12th Grade,B,12000.0,3008.06,8991.94,500.0,DEFAULT_AGED
ADM-2026-04102,Vihaan Pillai,9th Grade,D,18000.0,7330.36,10669.64,0.0,PENDING_DUE
ADM-2026-04103,Meera Mehta,12th Grade,C,15000.0,9249.11,5750.89,0.0,PENDING_DUE
ADM-2026-04104,Vivaan Sharma,11th Grade,B,18000.0,18000.0,0.0,0.0,COMPLETED
ADM-2026-04105,Sai Pillai,9th Grade,C,15000.0,6300.03,8699.97,0.0,PENDING_DUE
ADM-2026-04106,Pari Bose,10th Grade,D,15000.0,15000.0,0.0,0.0,COMPLETED
ADM-2026-04107,Vivaan Sen,11th Grade,D,12000.0,12000.0,0.0,0.0,COMPLETED
ADM-2026-04108,Meera Pillai,10th Grade,B,15000.0,15000.0,0.0,0.0,COMPLETED
ADM-2026-04109,Karan Bose,9th Grade,D,18000.0,18000.0,0.0,0.0,COMPLETED
ADM-2026-04110,Riya Kumar,9th Grade,A,12000.0,12000.0,0.0,0.0,COMPLETED
ADM-2026-04111,Vikas Choudhury,11th Grade,A,15000.0,15000.0,0.0,0.0,COMPLETED
ADM-2026-04112,Aditya Sen,10th Grade,C,22000.0,13009.05,8990.95,0.0,PENDING_DUE
ADM-2026-04113,Vihaan Bose,12th Grade,D,15000.0,2613.68,12386.32,1000.0,DEFAULT_AGED
ADM-2026-04114,Vikas Pillai,10th Grade,D,18000.0,18000.0,0.0,0.0,COMPLETED
ADM-2026-04115,Ishaan Pillai,12th Grade,D,12000.0,12000.0,0.0,0.0,COMPLETED
ADM-2026-04116,Anjali Verma,11th Grade,D,15000.0,7376.03,7623.97,0.0,PENDING_DUE
ADM-2026-04117,Pankaj Menon,12th Grade,D,12000.0,12000.0,0.0,0.0,COMPLETED
ADM-2026-04118,Pooja Joshi,10th Grade,D,12000.0,6301.82,5698.18,0.0,PENDING_DUE
ADM-2026-04119,Aarav Deshmukh,11th Grade,D,18000.0,18000.0,0.0,0.0,COMPLETED
ADM-2026-04120,Ishaan Malhotra,11th Grade,D,22000.0,3239.38,18760.62,250.0,DEFAULT_AGED
ADM-2026-04121,Meera Malhotra,12th Grade,A,18000.0,18000.0,0.0,0.0,COMPLETED
ADM-2026-04122,Sai Rao,9th Grade,D,18000.0,12301.53,5698.47,0.0,PENDING_DUE
ADM-2026-04123,Priya Patel,12th Grade,A,18000.0,375.58,17624.42,250.0,DEFAULT_AGED
ADM-2026-04124,Aditya Verma,10th Grade,B,12000.0,5327.26,6672.74,0.0,PENDING_DUE
ADM-2026-04125,Arjun Pillai,10th Grade,B,22000.0,3120.93,18879.07,500.0,DEFAULT_AGED
ADM-2026-04126,Pankaj Deshmukh,11th Grade,B,22000.0,8133.11,13866.89,0.0,PENDING_DUE
ADM-2026-04127,Priya Patel,11th Grade,B,18000.0,18000.0,0.0,0.0,COMPLETED
ADM-2026-04128,Diya Patel,12th Grade,A,22000.0,22000.0,0.0,0.0,COMPLETED
ADM-2026-04129,Diya Reddy,9th Grade,D,12000.0,12000.0,0.0,0.0,COMPLETED
ADM-2026-04130,Krishna Sharma,9th Grade,D,18000.0,4832.06,13167.94,0.0,PENDING_DUE
ADM-2026-04131,Krishna Mehta,11th Grade,C,22000.0,11718.02,10281.98,0.0,PENDING_DUE
ADM-2026-04132,Priya Choudhury,9th Grade,B,22000.0,22000.0,0.0,0.0,COMPLETED
ADM-2026-04133,Amit Choudhury,12th Grade,A,18000.0,4166.54,13833.46,500.0,DEFAULT_AGED
ADM-2026-04134,Pari Gupta,9th Grade,A,18000.0,18000.0,0.0,0.0,COMPLETED
ADM-2026-04135,Aadhya Sharma,10th Grade,D,15000.0,6318.29,8681.71,0.0,PENDING_DUE
ADM-2026-04136,Sneha Bose,11th Grade,B,22000.0,22000.0,0.0,0.0,COMPLETED
ADM-2026-04137,Aadhya Choudhury,10th Grade,D,22000.0,1936.98,20063.02,500.0,DEFAULT_AGED
ADM-2026-04138,Riya Choudhury,11th Grade,D,12000.0,12000.0,0.0,0.0,COMPLETED
ADM-2026-04139,Krishna Menon,12th Grade,B,12000.0,12000.0,0.0,0.0,COMPLETED
ADM-2026-04140,Amit Rao,12th Grade,B,15000.0,15000.0,0.0,0.0,COMPLETED
ADM-2026-04141,Diya Mehta,11th Grade,A,15000.0,15000.0,0.0,0.0,COMPLETED
ADM-2026-04142,Pankaj Verma,11th Grade,C,12000.0,3419.31,8580.69,0.0,PENDING_DUE
ADM-2026-04143,Rohan Choudhury,9th Grade,A,18000.0,18000.0,0.0,0.0,COMPLETED
ADM-2026-04144,Neha Malhotra,10th Grade,B,18000.0,18000.0,0.0,0.0,COMPLETED
ADM-2026-04145,Aditya Menon,10th Grade,D,18000.0,18000.0,0.0,0.0,COMPLETED
ADM-2026-04146,Vivaan Menon,11th Grade,D,15000.0,4255.21,10744.79,0.0,PENDING_DUE
ADM-2026-04147,Reyansh Singh,11th Grade,B,22000.0,7675.53,14324.47,0.0,PENDING_DUE
ADM-2026-04148,Kavita Joshi,11th Grade,C,12000.0,12000.0,0.0,0.0,COMPLETED
ADM-2026-04149,Vikas Gupta,9th Grade,D,18000.0,936.62,17063.38,1000.0,DEFAULT_AGED
ADM-2026-04150,Riya Singh,12th Grade,B,15000.0,15000.0,0.0,0.0,COMPLETED
ADM-2026-04151,Sneha Malhotra,9th Grade,B,12000.0,6988.01,5011.99,0.0,PENDING_DUE
ADM-2026-04152,Sanya Patel,11th Grade,B,18000.0,18000.0,0.0,0.0,COMPLETED
ADM-2026-04153,Diya Iyer,12th Grade,C,22000.0,22000.0,0.0,0.0,COMPLETED
ADM-2026-04154,Sai Iyer,11th Grade,A,12000.0,12000.0,0.0,0.0,COMPLETED
ADM-2026-04155,Sai Iyer,11th Grade,B,12000.0,7157.14,4842.86,0.0,PENDING_DUE
ADM-2026-04156,Krishna Menon,9th Grade,C,22000.0,22000.0,0.0,0.0,COMPLETED
ADM-2026-04157,Sanya Rao,10th Grade,B,15000.0,6416.93,8583.07,0.0,PENDING_DUE
ADM-2026-04158,Rohan Kumar,10th Grade,D,15000.0,15000.0,0.0,0.0,COMPLETED
ADM-2026-04159,Aadhya Bose,10th Grade,D,18000.0,18000.0,0.0,0.0,COMPLETED
ADM-2026-04160,Sai Rao,12th Grade,B,12000.0,2637.76,9362.24,1000.0,DEFAULT_AGED
ADM-2026-04161,Ayaan Patel,9th Grade,B,12000.0,12000.0,0.0,0.0,COMPLETED
ADM-2026-04162,Kavita Bose,12th Grade,B,12000.0,12000.0,0.0,0.0,COMPLETED
ADM-2026-04163,Karan Menon,11th Grade,B,18000.0,18000.0,0.0,0.0,COMPLETED
ADM-2026-04164,Vikas Bose,12th Grade,B,15000.0,15000.0,0.0,0.0,COMPLETED
ADM-2026-04165,Diya Kumar,12th Grade,B,15000.0,6231.42,8768.58,0.0,PENDING_DUE
ADM-2026-04166,Riya Bose,10th Grade,B,12000.0,2414.99,9585.01,500.0,DEFAULT_AGED
ADM-2026-04167,Anjali Iyer,10th Grade,D,12000.0,12000.0,0.0,0.0,COMPLETED
ADM-2026-04168,Rahul Sen,9th Grade,C,18000.0,6081.15,11918.85,0.0,PENDING_DUE
ADM-2026-04169,Diya Sen,12th Grade,C,12000.0,12000.0,0.0,0.0,COMPLETED
ADM-2026-04170,Reyansh Menon,11th Grade,B,15000.0,3820.79,11179.21,0.0,PENDING_DUE
ADM-2026-04171,Sneha Sen,11th Grade,D,18000.0,6274.53,11725.47,0.0,PENDING_DUE
ADM-2026-04172,Karan Rao,9th Grade,D,18000.0,4627.94,13372.06,0.0,PENDING_DUE
ADM-2026-04173,Arjun Pillai,10th Grade,A,22000.0,22000.0,0.0,0.0,COMPLETED
ADM-2026-04174,Sai Choudhury,10th Grade,C,22000.0,8133.36,13866.64,0.0,PENDING_DUE
ADM-2026-04175,Aarav Mehta,12th Grade,D,22000.0,22000.0,0.0,0.0,COMPLETED
ADM-2026-04176,Ishaan Rao,10th Grade,C,22000.0,4904.72,17095.28,0.0,PENDING_DUE
ADM-2026-04177,Aditya Das,11th Grade,A,22000.0,5463.15,16536.85,0.0,PENDING_DUE
ADM-2026-04178,Pankaj Singh,12th Grade,D,18000.0,9480.26,8519.74,0.0,PENDING_DUE
ADM-2026-04179,Sanya Singh,10th Grade,D,15000.0,15000.0,0.0,0.0,COMPLETED
ADM-2026-04180,Ananya Rao,9th Grade,A,15000.0,4328.63,10671.37,0.0,PENDING_DUE
ADM-2026-04181,Pari Das,12th Grade,B,22000.0,22000.0,0.0,0.0,COMPLETED
ADM-2026-04182,Sanya Nair,10th Grade,B,18000.0,18000.0,0.0,0.0,COMPLETED
ADM-2026-04183,Pari Deshmukh,9th Grade,C,22000.0,22000.0,0.0,0.0,COMPLETED
ADM-2026-04184,Pankaj Choudhury,9th Grade,C,12000.0,2399.8,9600.2,500.0,DEFAULT_AGED
ADM-2026-04185,Kavita Joshi,10th Grade,C,15000.0,3775.19,11224.81,250.0,DEFAULT_AGED
ADM-2026-04186,Sai Das,12th Grade,D,22000.0,22000.0,0.0,0.0,COMPLETED
ADM-2026-04187,Aarav Rao,11th Grade,A,15000.0,15000.0,0.0,0.0,COMPLETED
ADM-2026-04188,Karan Mehta,10th Grade,A,12000.0,12000.0,0.0,0.0,COMPLETED
ADM-2026-04189,Pari Sen,12th Grade,D,22000.0,22000.0,0.0,0.0,COMPLETED
ADM-2026-04190,Anjali Iyer,9th Grade,B,22000.0,3897.85,18102.15,1000.0,DEFAULT_AGED
ADM-2026-04191,Riya Malhotra,11th Grade,A,18000.0,3738.95,14261.05,1000.0,DEFAULT_AGED
ADM-2026-04192,Priya Deshmukh,12th Grade,D,12000.0,12000.0,0.0,0.0,COMPLETED
ADM-2026-04193,Aditya Verma,9th Grade,A,18000.0,18000.0,0.0,0.0,COMPLETED
ADM-2026-04194,Kavita Malhotra,11th Grade,B,15000.0,1016.82,13983.18,1000.0,DEFAULT_AGED
ADM-2026-04195,Sneha Joshi,12th Grade,B,18000.0,3694.02,14305.98,0.0,PENDING_DUE
ADM-2026-04196,Neha Mehta,10th Grade,D,18000.0,18000.0,0.0,0.0,COMPLETED
ADM-2026-04197,Arjun Sharma,11th Grade,B,12000.0,12000.0,0.0,0.0,COMPLETED
ADM-2026-04198,Vihaan Mehta,12th Grade,A,15000.0,5539.18,9460.82,0.0,PENDING_DUE
ADM-2026-04199,Arjun Iyer,12th Grade,A,15000.0,5248.27,9751.73,0.0,PENDING_DUE
ADM-2026-04200,Vihaan Deshmukh,12th Grade,B,22000.0,7540.51,14459.49,0.0,PENDING_DUE
ADM-2026-04201,Aadhya Patel,11th Grade,B,18000.0,18000.0,0.0,0.0,COMPLETED
ADM-2026-04202,Aditya Malhotra,9th Grade,C,18000.0,18000.0,0.0,0.0,COMPLETED
ADM-2026-04203,Karan Nair,10th Grade,A,18000.0,932.36,17067.64,500.0,DEFAULT_AGED
ADM-2026-04204,Aarav Rao,9th Grade,D,15000.0,15000.0,0.0,0.0,COMPLETED
ADM-2026-04205,Aadhya Iyer,11th Grade,B,22000.0,22000.0,0.0,0.0,COMPLETED
ADM-2026-04206,Arjun Bose,10th Grade,C,22000.0,22000.0,0.0,0.0,COMPLETED
ADM-2026-04207,Sai Pillai,11th Grade,B,12000.0,3098.25,8901.75,0.0,PENDING_DUE
ADM-2026-04208,Amit Gupta,11th Grade,D,22000.0,22000.0,0.0,0.0,COMPLETED
ADM-2026-04209,Meera Mehta,10th Grade,A,15000.0,15000.0,0.0,0.0,COMPLETED
ADM-2026-04210,Aarav Patel,10th Grade,B,18000.0,2799.63,15200.37,250.0,DEFAULT_AGED
ADM-2026-04211,Pooja Sen,12th Grade,C,22000.0,22000.0,0.0,0.0,COMPLETED
ADM-2026-04212,Anjali Verma,11th Grade,D,12000.0,2143.2,9856.8,500.0,DEFAULT_AGED
ADM-2026-04213,Sai Patel,11th Grade,A,22000.0,22000.0,0.0,0.0,COMPLETED
ADM-2026-04214,Pooja Malhotra,12th Grade,A,22000.0,22000.0,0.0,0.0,COMPLETED
ADM-2026-04215,Neha Sen,11th Grade,C,15000.0,15000.0,0.0,0.0,COMPLETED
ADM-2026-04216,Sai Choudhury,11th Grade,C,22000.0,22000.0,0.0,0.0,COMPLETED
ADM-2026-04217,Diya Gupta,12th Grade,D,12000.0,12000.0,0.0,0.0,COMPLETED
ADM-2026-04218,Aarav Sen,11th Grade,D,22000.0,4809.14,17190.86,0.0,PENDING_DUE
ADM-2026-04219,Arjun Iyer,9th Grade,D,22000.0,13424.95,8575.05,0.0,PENDING_DUE
ADM-2026-04220,Reyansh Iyer,11th Grade,B,15000.0,3357.78,11642.22,0.0,PENDING_DUE
ADM-2026-04221,Reyansh Pillai,12th Grade,C,12000.0,12000.0,0.0,0.0,COMPLETED
ADM-2026-04222,Amit Choudhury,12th Grade,A,22000.0,12319.89,9680.11,0.0,PENDING_DUE
ADM-2026-04223,Sanya Bose,11th Grade,A,22000.0,6044.36,15955.64,250.0,DEFAULT_AGED
ADM-2026-04224,Anjali Pillai,12th Grade,C,18000.0,10225.91,7774.09,0.0,PENDING_DUE
ADM-2026-04225,Riya Das,11th Grade,C,12000.0,5682.54,6317.46,0.0,PENDING_DUE
ADM-2026-04226,Pooja Patel,10th Grade,C,12000.0,353.19,11646.81,250.0,DEFAULT_AGED
ADM-2026-04227,Sanya Bose,9th Grade,D,12000.0,7689.16,4310.84,0.0,PENDING_DUE
ADM-2026-04228,Arjun Patel,10th Grade,D,12000.0,12000.0,0.0,0.0,COMPLETED
ADM-2026-04229,Kavita Reddy,10th Grade,A,15000.0,10079.69,4920.31,0.0,PENDING_DUE
ADM-2026-04230,Aarav Sharma,9th Grade,B,12000.0,12000.0,0.0,0.0,COMPLETED
ADM-2026-04231,Neha Patel,12th Grade,B,18000.0,18000.0,0.0,0.0,COMPLETED
ADM-2026-04232,Vihaan Reddy,11th Grade,D,18000.0,18000.0,0.0,0.0,COMPLETED
ADM-2026-04233,Sneha Singh,10th Grade,D,15000.0,15000.0,0.0,0.0,COMPLETED
ADM-2026-04234,Aarav Joshi,10th Grade,A,18000.0,18000.0,0.0,0.0,COMPLETED
ADM-2026-04235,Meera Mehta,12th Grade,A,12000.0,3362.97,8637.03,0.0,PENDING_DUE
ADM-2026-04236,Riya Singh,11th Grade,B,12000.0,12000.0,0.0,0.0,COMPLETED
ADM-2026-04237,Sneha Gupta,11th Grade,A,12000.0,12000.0,0.0,0.0,COMPLETED
ADM-2026-04238,Vikas Choudhury,11th Grade,B,18000.0,8637.92,9362.08,0.0,PENDING_DUE
ADM-2026-04239,Vikas Bose,12th Grade,B,12000.0,12000.0,0.0,0.0,COMPLETED
ADM-2026-04240,Vivaan Reddy,12th Grade,C,15000.0,15000.0,0.0,0.0,COMPLETED
ADM-2026-04241,Sneha Rao,12th Grade,D,12000.0,12000.0,0.0,0.0,COMPLETED
ADM-2026-04242,Karan Gupta,10th Grade,A,15000.0,15000.0,0.0,0.0,COMPLETED
ADM-2026-04243,Meera Sharma,9th Grade,B,22000.0,8134.43,13865.57,0.0,PENDING_DUE
ADM-2026-04244,Ayaan Iyer,9th Grade,D,15000.0,15000.0,0.0,0.0,COMPLETED
ADM-2026-04245,Vihaan Pillai,10th Grade,A,15000.0,4972.01,10027.99,0.0,PENDING_DUE
ADM-2026-04246,Ananya Sharma,11th Grade,A,12000.0,1554.17,10445.83,250.0,DEFAULT_AGED
ADM-2026-04247,Vivaan Malhotra,12th Grade,C,18000.0,18000.0,0.0,0.0,COMPLETED
ADM-2026-04248,Pankaj Malhotra,12th Grade,D,12000.0,6941.09,5058.91,0.0,PENDING_DUE
ADM-2026-04249,Arjun Malhotra,12th Grade,B,22000.0,22000.0,0.0,0.0,COMPLETED
ADM-2026-04250,Vivaan Mehta,11th Grade,A,15000.0,15000.0,0.0,0.0,COMPLETED
ADM-2026-04251,Vihaan Verma,11th Grade,B,18000.0,18000.0,0.0,0.0,COMPLETED
ADM-2026-04252,Aarav Sharma,10th Grade,A,18000.0,8057.24,9942.76,0.0,PENDING_DUE
ADM-2026-04253,Ayaan Nair,11th Grade,B,22000.0,22000.0,0.0,0.0,COMPLETED
ADM-2026-04254,Ananya Reddy,9th Grade,A,22000.0,22000.0,0.0,0.0,COMPLETED
ADM-2026-04255,Diya Patel,9th Grade,A,18000.0,7022.21,10977.79,0.0,PENDING_DUE
ADM-2026-04256,Rahul Malhotra,11th Grade,C,12000.0,12000.0,0.0,0.0,COMPLETED
ADM-2026-04257,Diya Gupta,10th Grade,A,22000.0,13300.25,8699.75,0.0,PENDING_DUE
ADM-2026-04258,Pankaj Das,11th Grade,D,12000.0,5136.08,6863.92,0.0,PENDING_DUE
ADM-2026-04259,Karan Deshmukh,10th Grade,C,18000.0,11446.73,6553.27,0.0,PENDING_DUE
ADM-2026-04260,Reyansh Joshi,10th Grade,D,22000.0,10619.65,11380.35,0.0,PENDING_DUE
ADM-2026-04261,Diya Mehta,9th Grade,B,22000.0,4803.22,17196.78,0.0,PENDING_DUE
ADM-2026-04262,Sneha Menon,9th Grade,C,15000.0,5211.55,9788.45,0.0,PENDING_DUE
ADM-2026-04263,Rahul Choudhury,10th Grade,C,22000.0,14983.94,7016.06,0.0,PENDING_DUE
ADM-2026-04264,Ishaan Pillai,11th Grade,A,15000.0,15000.0,0.0,0.0,COMPLETED
ADM-2026-04265,Ayaan Sharma,10th Grade,C,22000.0,22000.0,0.0,0.0,COMPLETED
ADM-2026-04266,Pankaj Verma,12th Grade,D,15000.0,15000.0,0.0,0.0,COMPLETED
ADM-2026-04267,Riya Rao,12th Grade,A,18000.0,18000.0,0.0,0.0,COMPLETED
ADM-2026-04268,Sai Singh,11th Grade,A,18000.0,18000.0,0.0,0.0,COMPLETED
ADM-2026-04269,Vihaan Singh,10th Grade,D,15000.0,15000.0,0.0,0.0,COMPLETED
ADM-2026-04270,Amit Kumar,11th Grade,D,15000.0,3200.23,11799.77,0.0,PENDING_DUE
ADM-2026-04271,Reyansh Mehta,11th Grade,A,12000.0,3029.85,8970.15,0.0,PENDING_DUE
ADM-2026-04272,Diya Reddy,10th Grade,A,15000.0,7837.2,7162.8,0.0,PENDING_DUE
ADM-2026-04273,Vivaan Singh,9th Grade,C,15000.0,15000.0,0.0,0.0,COMPLETED
ADM-2026-04274,Priya Verma,11th Grade,B,18000.0,18000.0,0.0,0.0,COMPLETED
ADM-2026-04275,Rahul Mehta,9th Grade,D,12000.0,12000.0,0.0,0.0,COMPLETED
ADM-2026-04276,Vihaan Reddy,12th Grade,C,18000.0,18000.0,0.0,0.0,COMPLETED
ADM-2026-04277,Riya Mehta,11th Grade,D,22000.0,22000.0,0.0,0.0,COMPLETED
ADM-2026-04278,Anjali Mehta,12th Grade,C,22000.0,22000.0,0.0,0.0,COMPLETED
ADM-2026-04279,Arjun Rao,11th Grade,A,12000.0,7507.41,4492.59,0.0,PENDING_DUE
ADM-2026-04280,Riya Verma,12th Grade,C,18000.0,7710.09,10289.91,0.0,PENDING_DUE
ADM-2026-04281,Pankaj Das,11th Grade,B,12000.0,12000.0,0.0,0.0,COMPLETED
ADM-2026-04282,Vivaan Choudhury,10th Grade,B,18000.0,18000.0,0.0,0.0,COMPLETED
ADM-2026-04283,Diya Sharma,11th Grade,B,12000.0,8334.0,3666.0,0.0,PENDING_DUE
ADM-2026-04284,Ayaan Joshi,9th Grade,C,12000.0,12000.0,0.0,0.0,COMPLETED
ADM-2026-04285,Riya Iyer,9th Grade,B,22000.0,22000.0,0.0,0.0,COMPLETED
ADM-2026-04286,Diya Joshi,12th Grade,B,22000.0,22000.0,0.0,0.0,COMPLETED
ADM-2026-04287,Neha Bose,9th Grade,C,18000.0,18000.0,0.0,0.0,COMPLETED
ADM-2026-04288,Krishna Joshi,12th Grade,C,12000.0,12000.0,0.0,0.0,COMPLETED
ADM-2026-04289,Anjali Verma,10th Grade,D,22000.0,22000.0,0.0,0.0,COMPLETED
ADM-2026-04290,Karan Das,9th Grade,B,22000.0,1479.86,20520.14,250.0,DEFAULT_AGED
ADM-2026-04291,Pari Choudhury,11th Grade,D,18000.0,18000.0,0.0,0.0,COMPLETED
ADM-2026-04292,Ayaan Singh,10th Grade,D,15000.0,15000.0,0.0,0.0,COMPLETED
ADM-2026-04293,Aadhya Menon,12th Grade,C,18000.0,3755.91,14244.09,0.0,PENDING_DUE
ADM-2026-04294,Vivaan Sen,10th Grade,A,18000.0,5728.85,12271.15,0.0,PENDING_DUE
ADM-2026-04295,Ananya Das,9th Grade,C,12000.0,1308.53,10691.47,500.0,DEFAULT_AGED
ADM-2026-04296,Reyansh Choudhury,12th Grade,C,12000.0,6300.27,5699.73,0.0,PENDING_DUE
ADM-2026-04297,Ayaan Rao,9th Grade,A,18000.0,1622.39,16377.61,1000.0,DEFAULT_AGED
ADM-2026-04298,Kavita Patel,11th Grade,C,15000.0,5434.07,9565.93,0.0,PENDING_DUE
ADM-2026-04299,Kavita Menon,12th Grade,B,22000.0,22000.0,0.0,0.0,COMPLETED
ADM-2026-04300,Rohan Patel,12th Grade,A,18000.0,12479.48,5520.52,0.0,PENDING_DUE
ADM-2026-04301,Pari Malhotra,12th Grade,D,15000.0,1311.55,13688.45,500.0,DEFAULT_AGED
ADM-2026-04302,Amit Verma,11th Grade,C,22000.0,22000.0,0.0,0.0,COMPLETED
ADM-2026-04303,Anjali Das,11th Grade,A,15000.0,15000.0,0.0,0.0,COMPLETED
ADM-2026-04304,Ayaan Menon,11th Grade,D,15000.0,15000.0,0.0,0.0,COMPLETED
ADM-2026-04305,Vihaan Mehta,12th Grade,A,22000.0,3988.79,18011.21,250.0,DEFAULT_AGED
ADM-2026-04306,Arjun Patel,10th Grade,C,22000.0,22000.0,0.0,0.0,COMPLETED
ADM-2026-04307,Vikas Nair,11th Grade,A,18000.0,18000.0,0.0,0.0,COMPLETED
ADM-2026-04308,Aditya Menon,10th Grade,A,15000.0,5275.74,9724.26,0.0,PENDING_DUE
ADM-2026-04309,Vikas Mehta,12th Grade,B,18000.0,18000.0,0.0,0.0,COMPLETED
ADM-2026-04310,Aarav Choudhury,10th Grade,D,22000.0,3001.49,18998.51,500.0,DEFAULT_AGED
ADM-2026-04311,Rahul Patel,11th Grade,B,15000.0,2987.35,12012.65,500.0,DEFAULT_AGED
ADM-2026-04312,Diya Mehta,12th Grade,B,18000.0,951.55,17048.45,250.0,DEFAULT_AGED
ADM-2026-04313,Pooja Singh,11th Grade,B,15000.0,15000.0,0.0,0.0,COMPLETED
ADM-2026-04314,Arjun Sen,11th Grade,C,18000.0,18000.0,0.0,0.0,COMPLETED
ADM-2026-04315,Meera Mehta,11th Grade,A,12000.0,5842.94,6157.06,0.0,PENDING_DUE
ADM-2026-04316,Meera Reddy,9th Grade,B,22000.0,4959.18,17040.82,0.0,PENDING_DUE
ADM-2026-04317,Rohan Deshmukh,12th Grade,A,22000.0,4230.09,17769.91,1000.0,DEFAULT_AGED
ADM-2026-04318,Priya Patel,9th Grade,C,22000.0,22000.0,0.0,0.0,COMPLETED
ADM-2026-04319,Rohan Choudhury,12th Grade,B,18000.0,9713.64,8286.36,0.0,PENDING_DUE
ADM-2026-04320,Sanya Singh,11th Grade,B,22000.0,12755.5,9244.5,0.0,PENDING_DUE
ADM-2026-04321,Anjali Bose,12th Grade,C,12000.0,6368.13,5631.87,0.0,PENDING_DUE
ADM-2026-04322,Meera Kumar,10th Grade,D,18000.0,18000.0,0.0,0.0,COMPLETED
ADM-2026-04323,Ananya Sen,12th Grade,D,12000.0,12000.0,0.0,0.0,COMPLETED
ADM-2026-04324,Aarav Sharma,10th Grade,B,12000.0,8240.97,3759.03,0.0,PENDING_DUE
ADM-2026-04325,Arjun Nair,11th Grade,A,18000.0,18000.0,0.0,0.0,COMPLETED
ADM-2026-04326,Meera Nair,12th Grade,A,22000.0,22000.0,0.0,0.0,COMPLETED
ADM-2026-04327,Aadhya Rao,11th Grade,A,18000.0,18000.0,0.0,0.0,COMPLETED
ADM-2026-04328,Diya Sharma,12th Grade,C,22000.0,3265.66,18734.34,500.0,DEFAULT_AGED
ADM-2026-04329,Vihaan Kumar,10th Grade,B,18000.0,18000.0,0.0,0.0,COMPLETED
ADM-2026-04330,Aadhya Rao,9th Grade,B,15000.0,15000.0,0.0,0.0,COMPLETED
ADM-2026-04331,Pari Das,10th Grade,D,18000.0,18000.0,0.0,0.0,COMPLETED
ADM-2026-04332,Rohan Singh,10th Grade,A,15000.0,3611.08,11388.92,0.0,PENDING_DUE
ADM-2026-04333,Reyansh Patel,10th Grade,B,15000.0,15000.0,0.0,0.0,COMPLETED
ADM-2026-04334,Sai Pillai,11th Grade,A,15000.0,15000.0,0.0,0.0,COMPLETED
ADM-2026-04335,Sai Verma,10th Grade,D,15000.0,3481.41,11518.59,0.0,PENDING_DUE
ADM-2026-04336,Arjun Gupta,10th Grade,B,22000.0,22000.0,0.0,0.0,COMPLETED
ADM-2026-04337,Sneha Verma,11th Grade,D,12000.0,12000.0,0.0,0.0,COMPLETED
ADM-2026-04338,Pankaj Joshi,9th Grade,D,18000.0,3818.57,14181.43,0.0,PENDING_DUE
ADM-2026-04339,Arjun Deshmukh,9th Grade,B,12000.0,5908.9,6091.1,0.0,PENDING_DUE
ADM-2026-04340,Pankaj Mehta,9th Grade,C,18000.0,18000.0,0.0,0.0,COMPLETED
ADM-2026-04341,Priya Verma,11th Grade,B,15000.0,8416.44,6583.56,0.0,PENDING_DUE
ADM-2026-04342,Pari Malhotra,12th Grade,D,22000.0,10084.31,11915.69,0.0,PENDING_DUE
ADM-2026-04343,Neha Deshmukh,9th Grade,D,15000.0,9940.46,5059.54,0.0,PENDING_DUE
ADM-2026-04344,Diya Gupta,11th Grade,B,22000.0,13773.72,8226.28,0.0,PENDING_DUE
ADM-2026-04345,Diya Reddy,9th Grade,C,12000.0,8061.83,3938.17,0.0,PENDING_DUE
ADM-2026-04346,Sneha Menon,12th Grade,A,12000.0,12000.0,0.0,0.0,COMPLETED
ADM-2026-04347,Pari Mehta,12th Grade,D,15000.0,15000.0,0.0,0.0,COMPLETED
ADM-2026-04348,Ishaan Das,11th Grade,C,15000.0,3870.19,11129.81,0.0,PENDING_DUE
ADM-2026-04349,Rahul Deshmukh,10th Grade,B,18000.0,1411.0,16589.0,500.0,DEFAULT_AGED
ADM-2026-04350,Riya Choudhury,9th Grade,D,12000.0,3800.18,8199.82,0.0,PENDING_DUE
ADM-2026-04351,Vikas Sharma,11th Grade,A,18000.0,18000.0,0.0,0.0,COMPLETED
ADM-2026-04352,Pooja Sharma,11th Grade,C,15000.0,6689.45,8310.55,0.0,PENDING_DUE
ADM-2026-04353,Priya Patel,9th Grade,C,12000.0,6766.07,5233.93,0.0,PENDING_DUE
ADM-2026-04354,Pankaj Bose,11th Grade,B,15000.0,2317.29,12682.71,500.0,DEFAULT_AGED
ADM-2026-04355,Kavita Patel,11th Grade,C,12000.0,3203.75,8796.25,0.0,PENDING_DUE
ADM-2026-04356,Vihaan Iyer,11th Grade,B,12000.0,7005.09,4994.91,0.0,PENDING_DUE
ADM-2026-04357,Vihaan Iyer,10th Grade,D,12000.0,805.05,11194.95,500.0,DEFAULT_AGED
ADM-2026-04358,Pooja Rao,11th Grade,B,22000.0,7225.77,14774.23,0.0,PENDING_DUE
ADM-2026-04359,Pankaj Reddy,12th Grade,D,12000.0,12000.0,0.0,0.0,COMPLETED
ADM-2026-04360,Arjun Mehta,11th Grade,A,15000.0,6202.52,8797.48,0.0,PENDING_DUE
ADM-2026-04361,Aarav Iyer,9th Grade,D,18000.0,9282.38,8717.62,0.0,PENDING_DUE
ADM-2026-04362,Aarav Verma,9th Grade,A,15000.0,3736.51,11263.49,1000.0,DEFAULT_AGED
ADM-2026-04363,Kavita Malhotra,11th Grade,C,12000.0,8363.26,3636.74,0.0,PENDING_DUE
ADM-2026-04364,Sneha Kumar,11th Grade,D,12000.0,1506.54,10493.46,1000.0,DEFAULT_AGED
ADM-2026-04365,Pankaj Mehta,10th Grade,C,22000.0,13908.91,8091.09,0.0,PENDING_DUE
ADM-2026-04366,Arjun Malhotra,11th Grade,D,12000.0,12000.0,0.0,0.0,COMPLETED
ADM-2026-04367,Anjali Das,11th Grade,D,18000.0,3864.72,14135.28,0.0,PENDING_DUE
ADM-2026-04368,Krishna Sharma,11th Grade,A,12000.0,12000.0,0.0,0.0,COMPLETED
ADM-2026-04369,Diya Rao,11th Grade,C,22000.0,10921.09,11078.91,0.0,PENDING_DUE
ADM-2026-04370,Aadhya Kumar,11th Grade,D,22000.0,12885.89,9114.11,0.0,PENDING_DUE
ADM-2026-04371,Meera Deshmukh,11th Grade,D,12000.0,12000.0,0.0,0.0,COMPLETED
ADM-2026-04372,Vikas Pillai,10th Grade,B,12000.0,12000.0,0.0,0.0,COMPLETED
ADM-2026-04373,Diya Pillai,10th Grade,B,12000.0,7496.98,4503.02,0.0,PENDING_DUE
ADM-2026-04374,Sneha Gupta,10th Grade,A,12000.0,12000.0,0.0,0.0,COMPLETED
ADM-2026-04375,Sneha Singh,10th Grade,B,12000.0,5531.41,6468.59,0.0,PENDING_DUE
ADM-2026-04376,Sneha Malhotra,9th Grade,D,22000.0,9390.37,12609.63,0.0,PENDING_DUE
ADM-2026-04377,Sneha Rao,11th Grade,C,15000.0,15000.0,0.0,0.0,COMPLETED
ADM-2026-04378,Vihaan Mehta,11th Grade,B,15000.0,1549.01,13450.99,500.0,DEFAULT_AGED
ADM-2026-04379,Sneha Menon,11th Grade,A,18000.0,18000.0,0.0,0.0,COMPLETED
ADM-2026-04380,Krishna Choudhury,10th Grade,C,22000.0,4498.27,17501.73,0.0,PENDING_DUE
ADM-2026-04381,Rohan Das,12th Grade,A,18000.0,9800.14,8199.86,0.0,PENDING_DUE
ADM-2026-04382,Priya Verma,10th Grade,A,22000.0,22000.0,0.0,0.0,COMPLETED
ADM-2026-04383,Diya Malhotra,12th Grade,B,12000.0,7209.04,4790.96,0.0,PENDING_DUE
ADM-2026-04384,Aditya Deshmukh,10th Grade,D,22000.0,6566.24,15433.76,0.0,PENDING_DUE
ADM-2026-04385,Amit Mehta,11th Grade,A,15000.0,15000.0,0.0,0.0,COMPLETED
ADM-2026-04386,Rohan Choudhury,10th Grade,A,18000.0,9268.2,8731.8,0.0,PENDING_DUE
ADM-2026-04387,Meera Iyer,12th Grade,B,22000.0,22000.0,0.0,0.0,COMPLETED
ADM-2026-04388,Arjun Malhotra,10th Grade,D,12000.0,12000.0,0.0,0.0,COMPLETED
ADM-2026-04389,Diya Joshi,9th Grade,D,22000.0,22000.0,0.0,0.0,COMPLETED
ADM-2026-04390,Karan Choudhury,12th Grade,C,22000.0,22000.0,0.0,0.0,COMPLETED
ADM-2026-04391,Kavita Singh,10th Grade,B,12000.0,12000.0,0.0,0.0,COMPLETED
ADM-2026-04392,Ishaan Mehta,12th Grade,B,18000.0,18000.0,0.0,0.0,COMPLETED
ADM-2026-04393,Amit Rao,10th Grade,D,15000.0,15000.0,0.0,0.0,COMPLETED
ADM-2026-04394,Vikas Verma,11th Grade,C,12000.0,2164.16,9835.84,500.0,DEFAULT_AGED
ADM-2026-04395,Amit Sen,12th Grade,A,15000.0,15000.0,0.0,0.0,COMPLETED
ADM-2026-04396,Vivaan Nair,10th Grade,C,18000.0,6413.01,11586.99,0.0,PENDING_DUE
ADM-2026-04397,Pari Pillai,12th Grade,A,22000.0,22000.0,0.0,0.0,COMPLETED
ADM-2026-04398,Aditya Kumar,10th Grade,C,12000.0,12000.0,0.0,0.0,COMPLETED
ADM-2026-04399,Arjun Gupta,9th Grade,D,15000.0,10415.29,4584.71,0.0,PENDING_DUE
ADM-2026-04400,Karan Singh,10th Grade,B,15000.0,2001.5,12998.5,1000.0,DEFAULT_AGED
ADM-2026-04401,Aadhya Pillai,12th Grade,D,18000.0,5954.18,12045.82,0.0,PENDING_DUE
ADM-2026-04402,Riya Choudhury,9th Grade,B,18000.0,1892.12,16107.88,250.0,DEFAULT_AGED
ADM-2026-04403,Aarav Kumar,11th Grade,B,18000.0,4195.42,13804.58,0.0,PENDING_DUE
ADM-2026-04404,Arjun Rao,11th Grade,D,15000.0,7641.08,7358.92,0.0,PENDING_DUE
ADM-2026-04405,Vihaan Gupta,11th Grade,A,18000.0,18000.0,0.0,0.0,COMPLETED
ADM-2026-04406,Diya Joshi,9th Grade,D,18000.0,18000.0,0.0,0.0,COMPLETED
ADM-2026-04407,Anjali Sharma,12th Grade,A,12000.0,5100.2,6899.8,0.0,PENDING_DUE
ADM-2026-04408,Pankaj Reddy,12th Grade,B,12000.0,12000.0,0.0,0.0,COMPLETED
ADM-2026-04409,Priya Patel,12th Grade,A,15000.0,15000.0,0.0,0.0,COMPLETED
ADM-2026-04410,Krishna Joshi,9th Grade,A,18000.0,7588.94,10411.06,0.0,PENDING_DUE
ADM-2026-04411,Vivaan Pillai,11th Grade,D,18000.0,7529.75,10470.25,0.0,PENDING_DUE
ADM-2026-04412,Vivaan Iyer,11th Grade,A,22000.0,22000.0,0.0,0.0,COMPLETED
ADM-2026-04413,Riya Bose,10th Grade,A,18000.0,18000.0,0.0,0.0,COMPLETED
ADM-2026-04414,Sneha Choudhury,10th Grade,C,12000.0,1554.75,10445.25,500.0,DEFAULT_AGED
ADM-2026-04415,Vivaan Pillai,11th Grade,B,12000.0,7332.37,4667.63,0.0,PENDING_DUE
ADM-2026-04416,Pooja Das,9th Grade,D,12000.0,6181.57,5818.43,0.0,PENDING_DUE
ADM-2026-04417,Sneha Choudhury,11th Grade,D,22000.0,22000.0,0.0,0.0,COMPLETED
ADM-2026-04418,Pankaj Reddy,11th Grade,A,22000.0,6771.31,15228.69,0.0,PENDING_DUE
ADM-2026-04419,Sneha Sharma,9th Grade,B,12000.0,7420.18,4579.82,0.0,PENDING_DUE
ADM-2026-04420,Diya Joshi,11th Grade,C,15000.0,8975.3,6024.7,0.0,PENDING_DUE
ADM-2026-04421,Pari Kumar,11th Grade,C,12000.0,12000.0,0.0,0.0,COMPLETED
ADM-2026-04422,Aditya Singh,11th Grade,A,15000.0,15000.0,0.0,0.0,COMPLETED
ADM-2026-04423,Sneha Das,11th Grade,C,15000.0,15000.0,0.0,0.0,COMPLETED
ADM-2026-04424,Aditya Sen,12th Grade,A,22000.0,22000.0,0.0,0.0,COMPLETED
ADM-2026-04425,Vivaan Sharma,11th Grade,A,22000.0,8994.16,13005.84,0.0,PENDING_DUE
ADM-2026-04426,Sanya Verma,11th Grade,C,18000.0,7158.3,10841.7,0.0,PENDING_DUE
ADM-2026-04427,Vikas Sen,10th Grade,B,22000.0,22000.0,0.0,0.0,COMPLETED
ADM-2026-04428,Rohan Deshmukh,11th Grade,A,12000.0,8162.84,3837.16,0.0,PENDING_DUE
ADM-2026-04429,Aarav Das,9th Grade,C,18000.0,3814.64,14185.36,250.0,DEFAULT_AGED
ADM-2026-04430,Rahul Sharma,12th Grade,D,12000.0,12000.0,0.0,0.0,COMPLETED
ADM-2026-04431,Pankaj Deshmukh,10th Grade,D,22000.0,4853.34,17146.66,500.0,DEFAULT_AGED
ADM-2026-04432,Sneha Singh,11th Grade,B,15000.0,3427.37,11572.63,250.0,DEFAULT_AGED
ADM-2026-04433,Meera Choudhury,9th Grade,D,22000.0,901.2,21098.8,500.0,DEFAULT_AGED
ADM-2026-04434,Vikas Rao,10th Grade,B,15000.0,10120.22,4879.78,0.0,PENDING_DUE
ADM-2026-04435,Rahul Choudhury,9th Grade,B,22000.0,9990.33,12009.67,0.0,PENDING_DUE
ADM-2026-04436,Diya Reddy,11th Grade,A,15000.0,15000.0,0.0,0.0,COMPLETED
ADM-2026-04437,Karan Bose,11th Grade,B,18000.0,11349.81,6650.19,0.0,PENDING_DUE
ADM-2026-04438,Vivaan Iyer,10th Grade,B,22000.0,449.32,21550.68,250.0,DEFAULT_AGED
ADM-2026-04439,Sanya Pillai,11th Grade,D,15000.0,15000.0,0.0,0.0,COMPLETED
ADM-2026-04440,Meera Menon,9th Grade,B,12000.0,12000.0,0.0,0.0,COMPLETED
ADM-2026-04441,Krishna Sen,11th Grade,B,18000.0,1051.24,16948.76,250.0,DEFAULT_AGED
ADM-2026-04442,Ishaan Deshmukh,10th Grade,C,22000.0,14369.89,7630.11,0.0,PENDING_DUE
ADM-2026-04443,Pooja Choudhury,11th Grade,D,15000.0,3639.33,11360.67,500.0,DEFAULT_AGED
ADM-2026-04444,Pankaj Mehta,12th Grade,C,22000.0,22000.0,0.0,0.0,COMPLETED
ADM-2026-04445,Neha Deshmukh,9th Grade,C,22000.0,22000.0,0.0,0.0,COMPLETED
ADM-2026-04446,Neha Reddy,9th Grade,A,18000.0,10718.84,7281.16,0.0,PENDING_DUE
ADM-2026-04447,Rohan Pillai,11th Grade,B,22000.0,5917.79,16082.21,0.0,PENDING_DUE
ADM-2026-04448,Vihaan Das,12th Grade,C,12000.0,12000.0,0.0,0.0,COMPLETED
ADM-2026-04449,Pooja Verma,12th Grade,B,15000.0,15000.0,0.0,0.0,COMPLETED
ADM-2026-04450,Sai Sharma,11th Grade,B,18000.0,18000.0,0.0,0.0,COMPLETED
ADM-2026-04451,Karan Sharma,10th Grade,A,18000.0,7989.55,10010.45,0.0,PENDING_DUE
ADM-2026-04452,Vikas Rao,11th Grade,B,18000.0,11803.95,6196.05,0.0,PENDING_DUE
ADM-2026-04453,Riya Joshi,10th Grade,C,12000.0,12000.0,0.0,0.0,COMPLETED
ADM-2026-04454,Pari Menon,11th Grade,B,22000.0,9199.45,12800.55,0.0,PENDING_DUE
ADM-2026-04455,Sneha Bose,9th Grade,B,18000.0,18000.0,0.0,0.0,COMPLETED
ADM-2026-04456,Sneha Choudhury,11th Grade,A,22000.0,22000.0,0.0,0.0,COMPLETED
ADM-2026-04457,Kavita Gupta,11th Grade,B,15000.0,7325.99,7674.01,0.0,PENDING_DUE
ADM-2026-04458,Pankaj Deshmukh,12th Grade,B,18000.0,18000.0,0.0,0.0,COMPLETED
ADM-2026-04459,Krishna Menon,11th Grade,A,22000.0,22000.0,0.0,0.0,COMPLETED
ADM-2026-04460,Aditya Menon,11th Grade,D,22000.0,22000.0,0.0,0.0,COMPLETED
ADM-2026-04461,Rahul Pillai,12th Grade,B,12000.0,12000.0,0.0,0.0,COMPLETED
ADM-2026-04462,Aditya Singh,11th Grade,D,15000.0,15000.0,0.0,0.0,COMPLETED
ADM-2026-04463,Pari Menon,12th Grade,C,15000.0,15000.0,0.0,0.0,COMPLETED
ADM-2026-04464,Priya Iyer,12th Grade,C,15000.0,2108.4,12891.6,500.0,DEFAULT_AGED
ADM-2026-04465,Priya Patel,10th Grade,D,22000.0,22000.0,0.0,0.0,COMPLETED
ADM-2026-04466,Vivaan Das,12th Grade,A,22000.0,10565.09,11434.91,0.0,PENDING_DUE
ADM-2026-04467,Vihaan Menon,10th Grade,A,15000.0,15000.0,0.0,0.0,COMPLETED
ADM-2026-04468,Amit Bose,12th Grade,B,15000.0,15000.0,0.0,0.0,COMPLETED
ADM-2026-04469,Vihaan Reddy,11th Grade,A,18000.0,5143.97,12856.03,0.0,PENDING_DUE
ADM-2026-04470,Aadhya Malhotra,10th Grade,C,22000.0,22000.0,0.0,0.0,COMPLETED
ADM-2026-04471,Arjun Iyer,11th Grade,D,18000.0,6085.09,11914.91,0.0,PENDING_DUE
ADM-2026-04472,Aadhya Menon,10th Grade,C,18000.0,18000.0,0.0,0.0,COMPLETED
ADM-2026-04473,Diya Malhotra,11th Grade,C,18000.0,18000.0,0.0,0.0,COMPLETED
ADM-2026-04474,Rahul Patel,11th Grade,D,15000.0,10086.7,4913.3,0.0,PENDING_DUE
ADM-2026-04475,Ayaan Reddy,10th Grade,B,15000.0,15000.0,0.0,0.0,COMPLETED
ADM-2026-04476,Aadhya Reddy,9th Grade,C,22000.0,13427.16,8572.84,0.0,PENDING_DUE
ADM-2026-04477,Ayaan Deshmukh,11th Grade,C,18000.0,18000.0,0.0,0.0,COMPLETED
ADM-2026-04478,Arjun Menon,10th Grade,B,12000.0,12000.0,0.0,0.0,COMPLETED
ADM-2026-04479,Sanya Menon,12th Grade,D,15000.0,15000.0,0.0,0.0,COMPLETED
ADM-2026-04480,Pari Choudhury,11th Grade,D,15000.0,2471.84,12528.16,500.0,DEFAULT_AGED
ADM-2026-04481,Sneha Bose,11th Grade,D,15000.0,7974.92,7025.08,0.0,PENDING_DUE
ADM-2026-04482,Aditya Malhotra,11th Grade,A,12000.0,6385.51,5614.49,0.0,PENDING_DUE
ADM-2026-04483,Diya Das,10th Grade,B,12000.0,12000.0,0.0,0.0,COMPLETED
ADM-2026-04484,Anjali Gupta,9th Grade,D,22000.0,22000.0,0.0,0.0,COMPLETED
ADM-2026-04485,Riya Bose,12th Grade,B,15000.0,15000.0,0.0,0.0,COMPLETED
ADM-2026-04486,Riya Pillai,12th Grade,D,18000.0,12530.49,5469.51,0.0,PENDING_DUE
ADM-2026-04487,Karan Das,11th Grade,A,15000.0,3694.16,11305.84,250.0,DEFAULT_AGED
ADM-2026-04488,Pooja Malhotra,9th Grade,A,22000.0,12283.33,9716.67,0.0,PENDING_DUE
ADM-2026-04489,Diya Reddy,10th Grade,D,12000.0,2908.06,9091.94,250.0,DEFAULT_AGED
ADM-2026-04490,Vikas Menon,12th Grade,B,15000.0,3738.69,11261.31,0.0,PENDING_DUE
ADM-2026-04491,Ishaan Das,9th Grade,D,18000.0,18000.0,0.0,0.0,COMPLETED
ADM-2026-04492,Anjali Pillai,11th Grade,D,15000.0,15000.0,0.0,0.0,COMPLETED
ADM-2026-04493,Arjun Patel,10th Grade,A,12000.0,12000.0,0.0,0.0,COMPLETED
ADM-2026-04494,Diya Mehta,9th Grade,C,18000.0,391.12,17608.88,500.0,DEFAULT_AGED
ADM-2026-04495,Riya Rao,11th Grade,B,12000.0,3970.0,8030.0,0.0,PENDING_DUE
ADM-2026-04496,Vikas Joshi,10th Grade,C,18000.0,288.36,17711.64,250.0,DEFAULT_AGED
ADM-2026-04497,Ayaan Gupta,12th Grade,B,12000.0,393.37,11606.63,1000.0,DEFAULT_AGED
ADM-2026-04498,Diya Das,10th Grade,D,18000.0,18000.0,0.0,0.0,COMPLETED
ADM-2026-04499,Aadhya Rao,9th Grade,B,12000.0,800.95,11199.05,1000.0,DEFAULT_AGED
ADM-2026-04500,Anjali Reddy,11th Grade,D,15000.0,15000.0,0.0,0.0,COMPLETED
ADM-2026-04501,Anjali Das,11th Grade,A,18000.0,6225.32,11774.68,0.0,PENDING_DUE
ADM-2026-04502,Aadhya Iyer,9th Grade,D,12000.0,12000.0,0.0,0.0,COMPLETED
ADM-2026-04503,Sanya Sen,11th Grade,D,22000.0,22000.0,0.0,0.0,COMPLETED
ADM-2026-04504,Aditya Rao,10th Grade,A,22000.0,22000.0,0.0,0.0,COMPLETED
ADM-2026-04505,Priya Gupta,12th Grade,A,15000.0,6700.78,8299.22,0.0,PENDING_DUE
ADM-2026-04506,Diya Gupta,12th Grade,D,15000.0,15000.0,0.0,0.0,COMPLETED
ADM-2026-04507,Sanya Nair,11th Grade,A,15000.0,6299.1,8700.9,0.0,PENDING_DUE
ADM-2026-04508,Vivaan Kumar,10th Grade,D,12000.0,6610.41,5389.59,0.0,PENDING_DUE
ADM-2026-04509,Sneha Gupta,10th Grade,C,22000.0,22000.0,0.0,0.0,COMPLETED
ADM-2026-04510,Pankaj Patel,9th Grade,A,12000.0,12000.0,0.0,0.0,COMPLETED
ADM-2026-04511,Ishaan Deshmukh,11th Grade,C,12000.0,12000.0,0.0,0.0,COMPLETED
ADM-2026-04512,Ishaan Reddy,10th Grade,C,12000.0,2793.91,9206.09,0.0,PENDING_DUE
ADM-2026-04513,Ishaan Kumar,12th Grade,D,18000.0,5124.32,12875.68,1000.0,DEFAULT_AGED
ADM-2026-04514,Ayaan Kumar,11th Grade,D,12000.0,12000.0,0.0,0.0,COMPLETED
ADM-2026-04515,Rahul Bose,11th Grade,B,12000.0,901.06,11098.94,500.0,DEFAULT_AGED
ADM-2026-04516,Pankaj Sharma,11th Grade,B,15000.0,15000.0,0.0,0.0,COMPLETED
ADM-2026-04517,Vikas Joshi,10th Grade,A,15000.0,8484.26,6515.74,0.0,PENDING_DUE
ADM-2026-04518,Pankaj Joshi,9th Grade,C,18000.0,3064.15,14935.85,500.0,DEFAULT_AGED
ADM-2026-04519,Aditya Malhotra,10th Grade,D,18000.0,18000.0,0.0,0.0,COMPLETED
ADM-2026-04520,Ananya Menon,12th Grade,D,15000.0,4999.41,10000.59,0.0,PENDING_DUE
ADM-2026-04521,Reyansh Verma,11th Grade,A,18000.0,18000.0,0.0,0.0,COMPLETED
ADM-2026-04522,Priya Das,10th Grade,D,22000.0,22000.0,0.0,0.0,COMPLETED
ADM-2026-04523,Krishna Iyer,10th Grade,D,22000.0,22000.0,0.0,0.0,COMPLETED
ADM-2026-04524,Ananya Menon,9th Grade,D,18000.0,18000.0,0.0,0.0,COMPLETED
ADM-2026-04525,Pari Mehta,12th Grade,B,18000.0,3007.23,14992.77,500.0,DEFAULT_AGED
ADM-2026-04526,Vihaan Verma,12th Grade,A,15000.0,7741.22,7258.78,0.0,PENDING_DUE
ADM-2026-04527,Krishna Mehta,10th Grade,B,22000.0,6285.94,15714.06,250.0,DEFAULT_AGED
ADM-2026-04528,Kavita Pillai,9th Grade,C,18000.0,18000.0,0.0,0.0,COMPLETED
ADM-2026-04529,Sanya Das,10th Grade,C,15000.0,15000.0,0.0,0.0,COMPLETED
ADM-2026-04530,Amit Pillai,12th Grade,D,18000.0,11248.97,6751.03,0.0,PENDING_DUE
ADM-2026-04531,Sanya Das,10th Grade,B,15000.0,7212.92,7787.08,0.0,PENDING_DUE
ADM-2026-04532,Riya Bose,10th Grade,C,22000.0,5377.86,16622.14,1000.0,DEFAULT_AGED
ADM-2026-04533,Sneha Mehta,12th Grade,A,12000.0,8383.22,3616.78,0.0,PENDING_DUE
ADM-2026-04534,Rohan Nair,12th Grade,A,15000.0,15000.0,0.0,0.0,COMPLETED
ADM-2026-04535,Karan Reddy,9th Grade,C,15000.0,2220.7,12779.3,1000.0,DEFAULT_AGED
ADM-2026-04536,Riya Kumar,10th Grade,C,22000.0,7383.18,14616.82,0.0,PENDING_DUE
ADM-2026-04537,Riya Malhotra,9th Grade,A,15000.0,15000.0,0.0,0.0,COMPLETED
ADM-2026-04538,Meera Singh,11th Grade,D,12000.0,4882.45,7117.55,0.0,PENDING_DUE
ADM-2026-04539,Kavita Gupta,11th Grade,D,12000.0,12000.0,0.0,0.0,COMPLETED
ADM-2026-04540,Vivaan Patel,9th Grade,C,15000.0,15000.0,0.0,0.0,COMPLETED
ADM-2026-04541,Priya Singh,11th Grade,D,12000.0,12000.0,0.0,0.0,COMPLETED
ADM-2026-04542,Vikas Malhotra,12th Grade,D,12000.0,2781.32,9218.68,0.0,PENDING_DUE
ADM-2026-04543,Aadhya Bose,9th Grade,B,22000.0,22000.0,0.0,0.0,COMPLETED
ADM-2026-04544,Ishaan Gupta,10th Grade,A,18000.0,5272.86,12727.14,0.0,PENDING_DUE
ADM-2026-04545,Karan Mehta,12th Grade,A,18000.0,9898.62,8101.38,0.0,PENDING_DUE
ADM-2026-04546,Riya Patel,9th Grade,C,18000.0,18000.0,0.0,0.0,COMPLETED
ADM-2026-04547,Arjun Sharma,10th Grade,A,18000.0,18000.0,0.0,0.0,COMPLETED
ADM-2026-04548,Pooja Singh,10th Grade,D,15000.0,2153.34,12846.66,1000.0,DEFAULT_AGED
ADM-2026-04549,Kavita Reddy,9th Grade,A,18000.0,18000.0,0.0,0.0,COMPLETED
ADM-2026-04550,Arjun Pillai,12th Grade,B,22000.0,5588.14,16411.86,250.0,DEFAULT_AGED
ADM-2026-04551,Amit Das,10th Grade,C,18000.0,3722.46,14277.54,0.0,PENDING_DUE
ADM-2026-04552,Rohan Kumar,9th Grade,D,12000.0,12000.0,0.0,0.0,COMPLETED
ADM-2026-04553,Reyansh Gupta,11th Grade,B,15000.0,8027.71,6972.29,0.0,PENDING_DUE
ADM-2026-04554,Priya Das,12th Grade,D,18000.0,18000.0,0.0,0.0,COMPLETED
ADM-2026-04555,Rohan Iyer,10th Grade,C,18000.0,18000.0,0.0,0.0,COMPLETED
ADM-2026-04556,Ananya Joshi,11th Grade,B,12000.0,208.17,11791.83,1000.0,DEFAULT_AGED
ADM-2026-04557,Karan Kumar,10th Grade,A,22000.0,189.34,21810.66,250.0,DEFAULT_AGED
ADM-2026-04558,Aadhya Rao,10th Grade,C,12000.0,12000.0,0.0,0.0,COMPLETED
ADM-2026-04559,Aarav Sen,11th Grade,D,22000.0,22000.0,0.0,0.0,COMPLETED
ADM-2026-04560,Vivaan Verma,11th Grade,C,15000.0,15000.0,0.0,0.0,COMPLETED
ADM-2026-04561,Ishaan Deshmukh,11th Grade,D,22000.0,22000.0,0.0,0.0,COMPLETED
ADM-2026-04562,Rahul Reddy,12th Grade,D,12000.0,5926.58,6073.42,0.0,PENDING_DUE
ADM-2026-04563,Arjun Menon,11th Grade,C,18000.0,18000.0,0.0,0.0,COMPLETED
ADM-2026-04564,Aditya Choudhury,10th Grade,A,18000.0,11534.15,6465.85,0.0,PENDING_DUE
ADM-2026-04565,Sneha Das,10th Grade,D,18000.0,18000.0,0.0,0.0,COMPLETED
ADM-2026-04566,Aditya Nair,12th Grade,D,15000.0,15000.0,0.0,0.0,COMPLETED
ADM-2026-04567,Karan Bose,11th Grade,B,18000.0,9415.76,8584.24,0.0,PENDING_DUE
ADM-2026-04568,Aditya Sen,11th Grade,C,12000.0,12000.0,0.0,0.0,COMPLETED
ADM-2026-04569,Aditya Menon,12th Grade,C,18000.0,6004.8,11995.2,0.0,PENDING_DUE
ADM-2026-04570,Krishna Nair,9th Grade,A,15000.0,2038.66,12961.34,250.0,DEFAULT_AGED
ADM-2026-04571,Ananya Patel,9th Grade,C,12000.0,2120.66,9879.34,500.0,DEFAULT_AGED
ADM-2026-04572,Meera Malhotra,12th Grade,C,12000.0,12000.0,0.0,0.0,COMPLETED
ADM-2026-04573,Amit Das,10th Grade,D,22000.0,22000.0,0.0,0.0,COMPLETED
ADM-2026-04574,Ananya Sharma,9th Grade,B,18000.0,9302.86,8697.14,0.0,PENDING_DUE
ADM-2026-04575,Rohan Singh,9th Grade,B,12000.0,5318.76,6681.24,0.0,PENDING_DUE
ADM-2026-04576,Krishna Joshi,10th Grade,A,15000.0,875.07,14124.93,250.0,DEFAULT_AGED
ADM-2026-04577,Ayaan Reddy,9th Grade,A,22000.0,6553.39,15446.61,250.0,DEFAULT_AGED
ADM-2026-04578,Ananya Joshi,10th Grade,B,12000.0,3033.68,8966.32,0.0,PENDING_DUE
ADM-2026-04579,Anjali Joshi,12th Grade,B,12000.0,12000.0,0.0,0.0,COMPLETED
ADM-2026-04580,Meera Menon,10th Grade,D,22000.0,1751.24,20248.76,250.0,DEFAULT_AGED
ADM-2026-04581,Arjun Verma,10th Grade,A,15000.0,15000.0,0.0,0.0,COMPLETED
ADM-2026-04582,Priya Singh,9th Grade,D,12000.0,12000.0,0.0,0.0,COMPLETED
ADM-2026-04583,Riya Choudhury,11th Grade,D,18000.0,18000.0,0.0,0.0,COMPLETED
ADM-2026-04584,Pari Deshmukh,10th Grade,D,22000.0,22000.0,0.0,0.0,COMPLETED
ADM-2026-04585,Neha Pillai,10th Grade,B,22000.0,22000.0,0.0,0.0,COMPLETED
ADM-2026-04586,Krishna Menon,11th Grade,C,15000.0,15000.0,0.0,0.0,COMPLETED
ADM-2026-04587,Neha Deshmukh,11th Grade,D,15000.0,621.2,14378.8,500.0,DEFAULT_AGED
ADM-2026-04588,Karan Mehta,10th Grade,D,15000.0,15000.0,0.0,0.0,COMPLETED
ADM-2026-04589,Ishaan Gupta,9th Grade,B,22000.0,22000.0,0.0,0.0,COMPLETED
ADM-2026-04590,Vikas Gupta,11th Grade,C,15000.0,15000.0,0.0,0.0,COMPLETED
ADM-2026-04591,Diya Joshi,10th Grade,D,22000.0,9845.72,12154.28,0.0,PENDING_DUE
ADM-2026-04592,Vivaan Sen,12th Grade,D,15000.0,4166.68,10833.32,0.0,PENDING_DUE
ADM-2026-04593,Pari Deshmukh,12th Grade,D,15000.0,7071.66,7928.34,0.0,PENDING_DUE
ADM-2026-04594,Sanya Reddy,11th Grade,A,12000.0,1486.0,10514.0,250.0,DEFAULT_AGED
ADM-2026-04595,Rohan Gupta,11th Grade,C,18000.0,18000.0,0.0,0.0,COMPLETED
ADM-2026-04596,Diya Rao,10th Grade,D,22000.0,7040.15,14959.85,0.0,PENDING_DUE
ADM-2026-04597,Reyansh Deshmukh,9th Grade,B,22000.0,3719.66,18280.34,1000.0,DEFAULT_AGED
ADM-2026-04598,Rahul Pillai,11th Grade,C,12000.0,12000.0,0.0,0.0,COMPLETED
ADM-2026-04599,Rohan Menon,11th Grade,B,18000.0,18000.0,0.0,0.0,COMPLETED
ADM-2026-04600,Rahul Das,11th Grade,D,22000.0,14441.97,7558.03,0.0,PENDING_DUE
ADM-2026-04601,Vivaan Sharma,12th Grade,C,22000.0,22000.0,0.0,0.0,COMPLETED
ADM-2026-04602,Pooja Nair,12th Grade,C,22000.0,22000.0,0.0,0.0,COMPLETED
ADM-2026-04603,Reyansh Sharma,9th Grade,C,15000.0,6295.94,8704.06,0.0,PENDING_DUE
ADM-2026-04604,Vivaan Reddy,9th Grade,D,18000.0,18000.0,0.0,0.0,COMPLETED
ADM-2026-04605,Karan Nair,10th Grade,C,22000.0,4263.6,17736.4,250.0,DEFAULT_AGED
ADM-2026-04606,Amit Bose,10th Grade,A,15000.0,3741.67,11258.33,0.0,PENDING_DUE
ADM-2026-04607,Diya Patel,12th Grade,B,15000.0,5246.82,9753.18,0.0,PENDING_DUE
ADM-2026-04608,Vikas Rao,12th Grade,D,18000.0,18000.0,0.0,0.0,COMPLETED
ADM-2026-04609,Priya Deshmukh,9th Grade,A,22000.0,22000.0,0.0,0.0,COMPLETED
ADM-2026-04610,Arjun Bose,9th Grade,D,15000.0,15000.0,0.0,0.0,COMPLETED
ADM-2026-04611,Karan Rao,12th Grade,D,22000.0,22000.0,0.0,0.0,COMPLETED
ADM-2026-04612,Neha Nair,9th Grade,A,22000.0,8902.99,13097.01,0.0,PENDING_DUE
ADM-2026-04613,Karan Iyer,9th Grade,A,18000.0,11180.3,6819.7,0.0,PENDING_DUE
ADM-2026-04614,Sanya Das,12th Grade,C,22000.0,6043.29,15956.71,0.0,PENDING_DUE
ADM-2026-04615,Rahul Choudhury,10th Grade,B,22000.0,22000.0,0.0,0.0,COMPLETED
ADM-2026-04616,Sai Mehta,11th Grade,D,22000.0,22000.0,0.0,0.0,COMPLETED
ADM-2026-04617,Krishna Patel,12th Grade,C,18000.0,18000.0,0.0,0.0,COMPLETED
ADM-2026-04618,Vikas Mehta,10th Grade,D,22000.0,1896.18,20103.82,1000.0,DEFAULT_AGED
ADM-2026-04619,Neha Malhotra,12th Grade,D,15000.0,15000.0,0.0,0.0,COMPLETED
ADM-2026-04620,Diya Nair,10th Grade,C,18000.0,18000.0,0.0,0.0,COMPLETED
ADM-2026-04621,Amit Reddy,9th Grade,D,12000.0,12000.0,0.0,0.0,COMPLETED
ADM-2026-04622,Rahul Malhotra,11th Grade,B,12000.0,12000.0,0.0,0.0,COMPLETED
ADM-2026-04623,Priya Sharma,9th Grade,A,12000.0,12000.0,0.0,0.0,COMPLETED
ADM-2026-04624,Ishaan Verma,11th Grade,A,18000.0,11160.02,6839.98,0.0,PENDING_DUE
ADM-2026-04625,Aarav Rao,11th Grade,C,15000.0,15000.0,0.0,0.0,COMPLETED
ADM-2026-04626,Sanya Das,9th Grade,A,22000.0,22000.0,0.0,0.0,COMPLETED
ADM-2026-04627,Vikas Bose,9th Grade,D,15000.0,10062.48,4937.52,0.0,PENDING_DUE
ADM-2026-04628,Kavita Joshi,10th Grade,C,15000.0,5995.52,9004.48,0.0,PENDING_DUE
ADM-2026-04629,Vihaan Choudhury,12th Grade,C,15000.0,8573.02,6426.98,0.0,PENDING_DUE
ADM-2026-04630,Anjali Bose,10th Grade,B,12000.0,12000.0,0.0,0.0,COMPLETED
ADM-2026-04631,Sneha Joshi,12th Grade,C,22000.0,22000.0,0.0,0.0,COMPLETED
ADM-2026-04632,Anjali Mehta,11th Grade,A,22000.0,22000.0,0.0,0.0,COMPLETED
ADM-2026-04633,Aarav Malhotra,9th Grade,A,12000.0,12000.0,0.0,0.0,COMPLETED
ADM-2026-04634,Diya Joshi,10th Grade,A,22000.0,22000.0,0.0,0.0,COMPLETED
ADM-2026-04635,Vihaan Choudhury,11th Grade,C,15000.0,15000.0,0.0,0.0,COMPLETED
ADM-2026-04636,Ayaan Joshi,12th Grade,B,15000.0,15000.0,0.0,0.0,COMPLETED
ADM-2026-04637,Reyansh Joshi,11th Grade,A,15000.0,15000.0,0.0,0.0,COMPLETED
ADM-2026-04638,Riya Rao,9th Grade,A,12000.0,12000.0,0.0,0.0,COMPLETED
ADM-2026-04639,Riya Bose,9th Grade,A,12000.0,979.6,11020.4,500.0,DEFAULT_AGED
ADM-2026-04640,Ananya Reddy,10th Grade,D,12000.0,5274.35,6725.65,0.0,PENDING_DUE
ADM-2026-04641,Riya Verma,11th Grade,C,12000.0,12000.0,0.0,0.0,COMPLETED
ADM-2026-04642,Krishna Reddy,9th Grade,C,18000.0,10392.5,7607.5,0.0,PENDING_DUE
ADM-2026-04643,Sai Nair,11th Grade,B,18000.0,18000.0,0.0,0.0,COMPLETED
ADM-2026-04644,Vivaan Joshi,11th Grade,B,22000.0,13144.01,8855.99,0.0,PENDING_DUE
ADM-2026-04645,Sai Bose,10th Grade,A,15000.0,15000.0,0.0,0.0,COMPLETED
ADM-2026-04646,Rahul Rao,12th Grade,D,12000.0,12000.0,0.0,0.0,COMPLETED
ADM-2026-04647,Neha Deshmukh,10th Grade,B,15000.0,4356.21,10643.79,250.0,DEFAULT_AGED
ADM-2026-04648,Pari Sharma,9th Grade,D,12000.0,3739.47,8260.53,0.0,PENDING_DUE
ADM-2026-04649,Ananya Joshi,11th Grade,C,12000.0,2626.98,9373.02,500.0,DEFAULT_AGED
ADM-2026-04650,Aadhya Choudhury,9th Grade,C,12000.0,12000.0,0.0,0.0,COMPLETED
ADM-2026-04651,Krishna Pillai,11th Grade,B,18000.0,18000.0,0.0,0.0,COMPLETED
ADM-2026-04652,Amit Joshi,9th Grade,D,22000.0,709.46,21290.54,500.0,DEFAULT_AGED
ADM-2026-04653,Sai Patel,12th Grade,D,18000.0,18000.0,0.0,0.0,COMPLETED
ADM-2026-04654,Amit Verma,12th Grade,B,18000.0,1712.22,16287.78,1000.0,DEFAULT_AGED
ADM-2026-04655,Ayaan Das,9th Grade,C,12000.0,5197.68,6802.32,0.0,PENDING_DUE
ADM-2026-04656,Ananya Kumar,9th Grade,C,22000.0,13051.51,8948.49,0.0,PENDING_DUE
ADM-2026-04657,Sai Rao,9th Grade,B,18000.0,3547.29,14452.71,500.0,DEFAULT_AGED
ADM-2026-04658,Anjali Verma,11th Grade,C,18000.0,10806.22,7193.78,0.0,PENDING_DUE
ADM-2026-04659,Anjali Rao,9th Grade,D,15000.0,15000.0,0.0,0.0,COMPLETED
ADM-2026-04660,Ayaan Menon,9th Grade,D,18000.0,7044.34,10955.66,0.0,PENDING_DUE
ADM-2026-04661,Kavita Bose,11th Grade,D,12000.0,12000.0,0.0,0.0,COMPLETED
ADM-2026-04662,Riya Nair,12th Grade,C,15000.0,8979.16,6020.84,0.0,PENDING_DUE
ADM-2026-04663,Pari Pillai,12th Grade,A,22000.0,9185.95,12814.05,0.0,PENDING_DUE
ADM-2026-04664,Krishna Joshi,9th Grade,D,12000.0,12000.0,0.0,0.0,COMPLETED
ADM-2026-04665,Sai Bose,10th Grade,D,22000.0,2985.15,19014.85,250.0,DEFAULT_AGED
ADM-2026-04666,Vihaan Pillai,9th Grade,D,18000.0,11896.29,6103.71,0.0,PENDING_DUE
ADM-2026-04667,Karan Das,10th Grade,B,12000.0,6528.09,5471.91,0.0,PENDING_DUE
ADM-2026-04668,Amit Joshi,12th Grade,D,12000.0,12000.0,0.0,0.0,COMPLETED
ADM-2026-04669,Priya Das,10th Grade,A,22000.0,22000.0,0.0,0.0,COMPLETED
ADM-2026-04670,Rohan Singh,12th Grade,C,18000.0,18000.0,0.0,0.0,COMPLETED
ADM-2026-04671,Reyansh Kumar,12th Grade,D,12000.0,12000.0,0.0,0.0,COMPLETED
ADM-2026-04672,Ananya Sharma,12th Grade,B,18000.0,18000.0,0.0,0.0,COMPLETED
ADM-2026-04673,Diya Rao,11th Grade,B,18000.0,3933.31,14066.69,500.0,DEFAULT_AGED
ADM-2026-04674,Karan Das,11th Grade,A,12000.0,12000.0,0.0,0.0,COMPLETED
ADM-2026-04675,Anjali Patel,10th Grade,B,18000.0,8492.39,9507.61,0.0,PENDING_DUE
ADM-2026-04676,Sai Reddy,11th Grade,A,12000.0,2528.24,9471.76,0.0,PENDING_DUE
ADM-2026-04677,Karan Sen,9th Grade,B,18000.0,8509.34,9490.66,0.0,PENDING_DUE
ADM-2026-04678,Diya Rao,11th Grade,D,15000.0,15000.0,0.0,0.0,COMPLETED
ADM-2026-04679,Rahul Sharma,10th Grade,D,15000.0,15000.0,0.0,0.0,COMPLETED
ADM-2026-04680,Rahul Choudhury,11th Grade,D,15000.0,15000.0,0.0,0.0,COMPLETED
ADM-2026-04681,Vivaan Verma,11th Grade,B,22000.0,5861.03,16138.97,0.0,PENDING_DUE
ADM-2026-04682,Arjun Rao,10th Grade,D,15000.0,15000.0,0.0,0.0,COMPLETED
ADM-2026-04683,Sneha Reddy,12th Grade,C,12000.0,12000.0,0.0,0.0,COMPLETED
ADM-2026-04684,Diya Rao,11th Grade,A,18000.0,18000.0,0.0,0.0,COMPLETED
ADM-2026-04685,Vikas Joshi,12th Grade,A,12000.0,3678.07,8321.93,0.0,PENDING_DUE
ADM-2026-04686,Meera Reddy,10th Grade,D,12000.0,7526.4,4473.6,0.0,PENDING_DUE
ADM-2026-04687,Ananya Patel,11th Grade,C,22000.0,14976.19,7023.81,0.0,PENDING_DUE
ADM-2026-04688,Krishna Pillai,11th Grade,A,15000.0,9977.52,5022.48,0.0,PENDING_DUE
ADM-2026-04689,Ishaan Singh,10th Grade,C,22000.0,3350.91,18649.09,500.0,DEFAULT_AGED
ADM-2026-04690,Sanya Patel,10th Grade,B,18000.0,18000.0,0.0,0.0,COMPLETED
ADM-2026-04691,Ayaan Choudhury,9th Grade,C,22000.0,9897.93,12102.07,0.0,PENDING_DUE
ADM-2026-04692,Meera Pillai,11th Grade,D,22000.0,22000.0,0.0,0.0,COMPLETED
ADM-2026-04693,Aditya Reddy,11th Grade,B,18000.0,2929.57,15070.43,250.0,DEFAULT_AGED
ADM-2026-04694,Aadhya Bose,10th Grade,A,18000.0,4227.14,13772.86,250.0,DEFAULT_AGED
ADM-2026-04695,Rahul Iyer,12th Grade,D,22000.0,22000.0,0.0,0.0,COMPLETED
ADM-2026-04696,Diya Joshi,9th Grade,B,22000.0,4020.55,17979.45,500.0,DEFAULT_AGED
ADM-2026-04697,Neha Reddy,9th Grade,C,12000.0,12000.0,0.0,0.0,COMPLETED
ADM-2026-04698,Anjali Deshmukh,9th Grade,D,22000.0,5352.84,16647.16,0.0,PENDING_DUE
ADM-2026-04699,Kavita Kumar,9th Grade,A,12000.0,12000.0,0.0,0.0,COMPLETED
ADM-2026-04700,Sanya Rao,11th Grade,B,22000.0,22000.0,0.0,0.0,COMPLETED
ADM-2026-04701,Vikas Iyer,10th Grade,C,15000.0,15000.0,0.0,0.0,COMPLETED
ADM-2026-04702,Sai Choudhury,11th Grade,A,22000.0,1893.9,20106.1,1000.0,DEFAULT_AGED
ADM-2026-04703,Kavita Pillai,10th Grade,C,22000.0,13695.57,8304.43,0.0,PENDING_DUE
ADM-2026-04704,Diya Mehta,12th Grade,C,18000.0,18000.0,0.0,0.0,COMPLETED
ADM-2026-04705,Pankaj Pillai,11th Grade,C,15000.0,4712.16,10287.84,0.0,PENDING_DUE
ADM-2026-04706,Karan Sen,11th Grade,A,18000.0,2482.92,15517.08,1000.0,DEFAULT_AGED
ADM-2026-04707,Pankaj Verma,12th Grade,A,18000.0,18000.0,0.0,0.0,COMPLETED
ADM-2026-04708,Sanya Bose,9th Grade,B,18000.0,18000.0,0.0,0.0,COMPLETED
ADM-2026-04709,Rohan Kumar,10th Grade,C,18000.0,9110.51,8889.49,0.0,PENDING_DUE
ADM-2026-04710,Amit Verma,12th Grade,B,22000.0,11461.26,10538.74,0.0,PENDING_DUE
ADM-2026-04711,Rohan Joshi,9th Grade,A,15000.0,9380.72,5619.28,0.0,PENDING_DUE
ADM-2026-04712,Sanya Pillai,9th Grade,B,12000.0,12000.0,0.0,0.0,COMPLETED
ADM-2026-04713,Aadhya Reddy,12th Grade,D,22000.0,22000.0,0.0,0.0,COMPLETED
ADM-2026-04714,Ayaan Malhotra,10th Grade,D,12000.0,12000.0,0.0,0.0,COMPLETED
ADM-2026-04715,Amit Das,9th Grade,B,15000.0,9990.4,5009.6,0.0,PENDING_DUE
ADM-2026-04716,Sanya Sen,10th Grade,A,18000.0,4719.94,13280.06,0.0,PENDING_DUE
ADM-2026-04717,Karan Sharma,12th Grade,A,12000.0,12000.0,0.0,0.0,COMPLETED
ADM-2026-04718,Pooja Das,9th Grade,B,18000.0,12214.25,5785.75,0.0,PENDING_DUE
ADM-2026-04719,Diya Malhotra,11th Grade,C,15000.0,7644.41,7355.59,0.0,PENDING_DUE
ADM-2026-04720,Pankaj Deshmukh,9th Grade,B,15000.0,5512.99,9487.01,0.0,PENDING_DUE
ADM-2026-04721,Reyansh Singh,9th Grade,D,18000.0,18000.0,0.0,0.0,COMPLETED
ADM-2026-04722,Karan Nair,9th Grade,B,18000.0,18000.0,0.0,0.0,COMPLETED
ADM-2026-04723,Rohan Singh,11th Grade,A,15000.0,15000.0,0.0,0.0,COMPLETED
ADM-2026-04724,Amit Das,9th Grade,D,12000.0,2451.94,9548.06,250.0,DEFAULT_AGED
ADM-2026-04725,Pooja Verma,9th Grade,D,12000.0,12000.0,0.0,0.0,COMPLETED
ADM-2026-04726,Kavita Nair,10th Grade,D,12000.0,6075.19,5924.81,0.0,PENDING_DUE
ADM-2026-04727,Vikas Das,10th Grade,C,18000.0,18000.0,0.0,0.0,COMPLETED
ADM-2026-04728,Amit Rao,10th Grade,A,22000.0,6547.62,15452.38,0.0,PENDING_DUE
ADM-2026-04729,Diya Reddy,10th Grade,A,18000.0,18000.0,0.0,0.0,COMPLETED
ADM-2026-04730,Reyansh Bose,12th Grade,B,12000.0,12000.0,0.0,0.0,COMPLETED
ADM-2026-04731,Kavita Rao,11th Grade,D,12000.0,12000.0,0.0,0.0,COMPLETED
ADM-2026-04732,Karan Nair,10th Grade,A,18000.0,1407.74,16592.26,250.0,DEFAULT_AGED
ADM-2026-04733,Priya Patel,9th Grade,B,12000.0,12000.0,0.0,0.0,COMPLETED
ADM-2026-04734,Vihaan Gupta,10th Grade,D,18000.0,5898.45,12101.55,0.0,PENDING_DUE
ADM-2026-04735,Kavita Malhotra,12th Grade,D,12000.0,12000.0,0.0,0.0,COMPLETED
ADM-2026-04736,Krishna Rao,10th Grade,B,12000.0,2560.09,9439.91,1000.0,DEFAULT_AGED
ADM-2026-04737,Pari Joshi,11th Grade,A,15000.0,6157.4,8842.6,0.0,PENDING_DUE
ADM-2026-04738,Diya Reddy,9th Grade,D,12000.0,12000.0,0.0,0.0,COMPLETED
ADM-2026-04739,Sai Sharma,11th Grade,A,18000.0,4568.62,13431.38,0.0,PENDING_DUE
ADM-2026-04740,Diya Bose,12th Grade,B,22000.0,22000.0,0.0,0.0,COMPLETED
ADM-2026-04741,Pooja Das,11th Grade,B,18000.0,18000.0,0.0,0.0,COMPLETED
ADM-2026-04742,Priya Sen,11th Grade,C,12000.0,12000.0,0.0,0.0,COMPLETED
ADM-2026-04743,Aarav Pillai,12th Grade,A,12000.0,12000.0,0.0,0.0,COMPLETED
ADM-2026-04744,Karan Deshmukh,11th Grade,C,12000.0,8069.03,3930.97,0.0,PENDING_DUE
ADM-2026-04745,Sanya Pillai,10th Grade,D,18000.0,18000.0,0.0,0.0,COMPLETED
ADM-2026-04746,Priya Singh,9th Grade,B,12000.0,12000.0,0.0,0.0,COMPLETED
ADM-2026-04747,Sanya Deshmukh,9th Grade,D,15000.0,4532.2,10467.8,0.0,PENDING_DUE
ADM-2026-04748,Pooja Sen,11th Grade,B,15000.0,15000.0,0.0,0.0,COMPLETED
ADM-2026-04749,Diya Reddy,10th Grade,D,15000.0,7083.88,7916.12,0.0,PENDING_DUE
ADM-2026-04750,Krishna Sharma,12th Grade,D,12000.0,12000.0,0.0,0.0,COMPLETED
ADM-2026-04751,Ishaan Pillai,11th Grade,D,22000.0,22000.0,0.0,0.0,COMPLETED
ADM-2026-04752,Sneha Pillai,11th Grade,B,15000.0,4552.84,10447.16,0.0,PENDING_DUE
ADM-2026-04753,Pankaj Verma,12th Grade,B,22000.0,22000.0,0.0,0.0,COMPLETED
ADM-2026-04754,Neha Singh,11th Grade,C,18000.0,18000.0,0.0,0.0,COMPLETED
ADM-2026-04755,Pari Patel,9th Grade,D,22000.0,4868.01,17131.99,500.0,DEFAULT_AGED
ADM-2026-04756,Rahul Choudhury,12th Grade,B,12000.0,12000.0,0.0,0.0,COMPLETED
ADM-2026-04757,Kavita Iyer,10th Grade,A,15000.0,5796.21,9203.79,0.0,PENDING_DUE
ADM-2026-04758,Diya Sen,12th Grade,B,18000.0,18000.0,0.0,0.0,COMPLETED
ADM-2026-04759,Pooja Nair,12th Grade,D,18000.0,18000.0,0.0,0.0,COMPLETED
ADM-2026-04760,Sai Rao,9th Grade,C,22000.0,22000.0,0.0,0.0,COMPLETED
ADM-2026-04761,Pooja Choudhury,10th Grade,B,18000.0,5015.84,12984.16,0.0,PENDING_DUE
ADM-2026-04762,Anjali Kumar,10th Grade,B,18000.0,6997.05,11002.95,0.0,PENDING_DUE
ADM-2026-04763,Ananya Pillai,9th Grade,C,18000.0,8187.92,9812.08,0.0,PENDING_DUE
ADM-2026-04764,Meera Gupta,9th Grade,C,12000.0,2199.22,9800.78,1000.0,DEFAULT_AGED
ADM-2026-04765,Meera Deshmukh,11th Grade,C,15000.0,15000.0,0.0,0.0,COMPLETED
ADM-2026-04766,Aadhya Choudhury,11th Grade,D,22000.0,22000.0,0.0,0.0,COMPLETED
ADM-2026-04767,Pooja Nair,10th Grade,C,18000.0,3601.15,14398.85,0.0,PENDING_DUE
ADM-2026-04768,Ishaan Deshmukh,11th Grade,A,12000.0,12000.0,0.0,0.0,COMPLETED
ADM-2026-04769,Diya Das,9th Grade,C,15000.0,15000.0,0.0,0.0,COMPLETED
ADM-2026-04770,Amit Sen,9th Grade,C,12000.0,12000.0,0.0,0.0,COMPLETED
ADM-2026-04771,Diya Das,12th Grade,B,12000.0,3912.95,8087.05,0.0,PENDING_DUE
ADM-2026-04772,Reyansh Mehta,11th Grade,D,18000.0,4774.65,13225.35,0.0,PENDING_DUE
ADM-2026-04773,Arjun Joshi,9th Grade,C,12000.0,5840.45,6159.55,0.0,PENDING_DUE
ADM-2026-04774,Amit Sharma,11th Grade,B,22000.0,1556.61,20443.39,500.0,DEFAULT_AGED
ADM-2026-04775,Vikas Sen,9th Grade,A,12000.0,8359.11,3640.89,0.0,PENDING_DUE
ADM-2026-04776,Reyansh Sen,9th Grade,D,22000.0,10902.19,11097.81,0.0,PENDING_DUE
ADM-2026-04777,Vihaan Rao,11th Grade,B,15000.0,4624.9,10375.1,0.0,PENDING_DUE
ADM-2026-04778,Vikas Pillai,10th Grade,D,22000.0,8044.8,13955.2,0.0,PENDING_DUE
ADM-2026-04779,Priya Iyer,11th Grade,C,22000.0,22000.0,0.0,0.0,COMPLETED
ADM-2026-04780,Aadhya Gupta,10th Grade,C,15000.0,15000.0,0.0,0.0,COMPLETED
ADM-2026-04781,Neha Rao,11th Grade,A,22000.0,4669.2,17330.8,500.0,DEFAULT_AGED
ADM-2026-04782,Aarav Nair,9th Grade,A,15000.0,5924.61,9075.39,0.0,PENDING_DUE
ADM-2026-04783,Pooja Verma,12th Grade,B,12000.0,12000.0,0.0,0.0,COMPLETED
ADM-2026-04784,Diya Iyer,10th Grade,D,22000.0,5193.23,16806.77,1000.0,DEFAULT_AGED
ADM-2026-04785,Ishaan Verma,9th Grade,A,12000.0,6549.12,5450.88,0.0,PENDING_DUE
ADM-2026-04786,Sanya Reddy,10th Grade,B,15000.0,15000.0,0.0,0.0,COMPLETED
ADM-2026-04787,Sai Menon,9th Grade,B,22000.0,22000.0,0.0,0.0,COMPLETED
ADM-2026-04788,Ayaan Deshmukh,10th Grade,A,18000.0,18000.0,0.0,0.0,COMPLETED
ADM-2026-04789,Sai Menon,10th Grade,A,15000.0,4660.13,10339.87,0.0,PENDING_DUE
ADM-2026-04790,Kavita Patel,11th Grade,C,18000.0,18000.0,0.0,0.0,COMPLETED
ADM-2026-04791,Ananya Nair,12th Grade,C,15000.0,15000.0,0.0,0.0,COMPLETED
ADM-2026-04792,Reyansh Deshmukh,10th Grade,D,12000.0,3260.45,8739.55,1000.0,DEFAULT_AGED
ADM-2026-04793,Karan Rao,12th Grade,C,22000.0,11080.72,10919.28,0.0,PENDING_DUE
ADM-2026-04794,Ananya Joshi,9th Grade,A,22000.0,1392.11,20607.89,500.0,DEFAULT_AGED
ADM-2026-04795,Reyansh Sen,11th Grade,B,15000.0,15000.0,0.0,0.0,COMPLETED
ADM-2026-04796,Amit Nair,9th Grade,B,12000.0,12000.0,0.0,0.0,COMPLETED
ADM-2026-04797,Amit Gupta,11th Grade,B,18000.0,18000.0,0.0,0.0,COMPLETED
ADM-2026-04798,Arjun Pillai,11th Grade,B,22000.0,8468.5,13531.5,0.0,PENDING_DUE
ADM-2026-04799,Ananya Patel,12th Grade,D,15000.0,1917.55,13082.45,250.0,DEFAULT_AGED
ADM-2026-04800,Pooja Nair,9th Grade,A,12000.0,2024.66,9975.34,250.0,DEFAULT_AGED
ADM-2026-04801,Arjun Deshmukh,10th Grade,D,15000.0,15000.0,0.0,0.0,COMPLETED
ADM-2026-04802,Aarav Menon,12th Grade,B,15000.0,4712.54,10287.46,0.0,PENDING_DUE
ADM-2026-04803,Riya Gupta,11th Grade,D,12000.0,4340.92,7659.08,0.0,PENDING_DUE
ADM-2026-04804,Pooja Deshmukh,11th Grade,A,22000.0,22000.0,0.0,0.0,COMPLETED
ADM-2026-04805,Sanya Choudhury,11th Grade,B,12000.0,12000.0,0.0,0.0,COMPLETED
ADM-2026-04806,Diya Sharma,9th Grade,A,18000.0,18000.0,0.0,0.0,COMPLETED
ADM-2026-04807,Vivaan Sharma,12th Grade,C,15000.0,7336.04,7663.96,0.0,PENDING_DUE
ADM-2026-04808,Pankaj Joshi,12th Grade,D,12000.0,4986.31,7013.69,0.0,PENDING_DUE
ADM-2026-04809,Karan Deshmukh,11th Grade,B,12000.0,12000.0,0.0,0.0,COMPLETED
ADM-2026-04810,Ishaan Patel,9th Grade,A,22000.0,22000.0,0.0,0.0,COMPLETED
ADM-2026-04811,Pari Reddy,10th Grade,A,12000.0,12000.0,0.0,0.0,COMPLETED
ADM-2026-04812,Krishna Verma,9th Grade,B,15000.0,768.21,14231.79,250.0,DEFAULT_AGED
ADM-2026-04813,Vihaan Patel,9th Grade,A,22000.0,22000.0,0.0,0.0,COMPLETED
ADM-2026-04814,Reyansh Iyer,10th Grade,C,12000.0,12000.0,0.0,0.0,COMPLETED
ADM-2026-04815,Vivaan Kumar,11th Grade,A,15000.0,8116.38,6883.62,0.0,PENDING_DUE
ADM-2026-04816,Aarav Patel,10th Grade,C,15000.0,15000.0,0.0,0.0,COMPLETED
ADM-2026-04817,Ayaan Gupta,11th Grade,A,18000.0,18000.0,0.0,0.0,COMPLETED
ADM-2026-04818,Riya Mehta,12th Grade,B,18000.0,18000.0,0.0,0.0,COMPLETED
ADM-2026-04819,Pari Reddy,11th Grade,D,18000.0,18000.0,0.0,0.0,COMPLETED
ADM-2026-04820,Pooja Pillai,10th Grade,C,12000.0,12000.0,0.0,0.0,COMPLETED
ADM-2026-04821,Arjun Sen,11th Grade,C,15000.0,1841.42,13158.58,500.0,DEFAULT_AGED
ADM-2026-04822,Neha Menon,9th Grade,A,22000.0,22000.0,0.0,0.0,COMPLETED
ADM-2026-04823,Diya Malhotra,10th Grade,D,22000.0,22000.0,0.0,0.0,COMPLETED
ADM-2026-04824,Neha Choudhury,12th Grade,D,18000.0,9474.12,8525.88,0.0,PENDING_DUE
ADM-2026-04825,Vivaan Gupta,12th Grade,B,22000.0,22000.0,0.0,0.0,COMPLETED
ADM-2026-04826,Pari Reddy,12th Grade,D,12000.0,12000.0,0.0,0.0,COMPLETED
ADM-2026-04827,Arjun Das,12th Grade,D,18000.0,18000.0,0.0,0.0,COMPLETED
ADM-2026-04828,Riya Singh,12th Grade,D,12000.0,2898.18,9101.82,0.0,PENDING_DUE
ADM-2026-04829,Vihaan Gupta,10th Grade,B,22000.0,6311.29,15688.71,1000.0,DEFAULT_AGED
ADM-2026-04830,Karan Iyer,11th Grade,D,18000.0,4748.41,13251.59,250.0,DEFAULT_AGED
ADM-2026-04831,Aditya Singh,10th Grade,A,12000.0,12000.0,0.0,0.0,COMPLETED
ADM-2026-04832,Vivaan Menon,9th Grade,C,18000.0,18000.0,0.0,0.0,COMPLETED
ADM-2026-04833,Ananya Rao,12th Grade,C,15000.0,4838.7,10161.3,0.0,PENDING_DUE
ADM-2026-04834,Aditya Sharma,12th Grade,C,15000.0,3410.75,11589.25,0.0,PENDING_DUE
ADM-2026-04835,Arjun Sharma,11th Grade,C,22000.0,6665.85,15334.15,0.0,PENDING_DUE
ADM-2026-04836,Anjali Verma,12th Grade,B,15000.0,6287.41,8712.59,0.0,PENDING_DUE
ADM-2026-04837,Aadhya Deshmukh,12th Grade,D,22000.0,22000.0,0.0,0.0,COMPLETED
ADM-2026-04838,Neha Singh,11th Grade,C,22000.0,10035.01,11964.99,0.0,PENDING_DUE
ADM-2026-04839,Rohan Sharma,9th Grade,C,22000.0,5160.43,16839.57,0.0,PENDING_DUE
ADM-2026-04840,Pooja Das,9th Grade,A,12000.0,5871.01,6128.99,0.0,PENDING_DUE
ADM-2026-04841,Rohan Gupta,11th Grade,B,12000.0,12000.0,0.0,0.0,COMPLETED
ADM-2026-04842,Rohan Pillai,9th Grade,D,15000.0,9625.9,5374.1,0.0,PENDING_DUE
ADM-2026-04843,Vivaan Choudhury,12th Grade,A,22000.0,14299.67,7700.33,0.0,PENDING_DUE
ADM-2026-04844,Reyansh Deshmukh,9th Grade,C,12000.0,12000.0,0.0,0.0,COMPLETED
ADM-2026-04845,Priya Das,11th Grade,D,12000.0,3316.91,8683.09,1000.0,DEFAULT_AGED
ADM-2026-04846,Diya Nair,10th Grade,C,12000.0,5871.87,6128.13,0.0,PENDING_DUE
ADM-2026-04847,Sai Singh,9th Grade,C,15000.0,15000.0,0.0,0.0,COMPLETED
ADM-2026-04848,Vihaan Gupta,11th Grade,C,15000.0,4648.35,10351.65,0.0,PENDING_DUE
ADM-2026-04849,Vikas Verma,12th Grade,A,12000.0,12000.0,0.0,0.0,COMPLETED
ADM-2026-04850,Ishaan Bose,11th Grade,D,18000.0,18000.0,0.0,0.0,COMPLETED
ADM-2026-04851,Riya Gupta,12th Grade,C,18000.0,18000.0,0.0,0.0,COMPLETED
ADM-2026-04852,Sai Das,9th Grade,C,22000.0,10629.26,11370.74,0.0,PENDING_DUE
ADM-2026-04853,Aditya Gupta,11th Grade,C,22000.0,22000.0,0.0,0.0,COMPLETED
ADM-2026-04854,Priya Kumar,12th Grade,B,22000.0,22000.0,0.0,0.0,COMPLETED
ADM-2026-04855,Priya Singh,12th Grade,D,15000.0,3521.1,11478.9,0.0,PENDING_DUE
ADM-2026-04856,Ishaan Rao,9th Grade,A,15000.0,15000.0,0.0,0.0,COMPLETED
ADM-2026-04857,Neha Verma,11th Grade,B,22000.0,22000.0,0.0,0.0,COMPLETED
ADM-2026-04858,Ananya Verma,10th Grade,B,15000.0,15000.0,0.0,0.0,COMPLETED
ADM-2026-04859,Neha Singh,12th Grade,A,12000.0,12000.0,0.0,0.0,COMPLETED
ADM-2026-04860,Kavita Menon,10th Grade,B,18000.0,8220.97,9779.03,0.0,PENDING_DUE
ADM-2026-04861,Rahul Verma,10th Grade,A,18000.0,7072.02,10927.98,0.0,PENDING_DUE
ADM-2026-04862,Karan Reddy,9th Grade,A,15000.0,10021.07,4978.93,0.0,PENDING_DUE
ADM-2026-04863,Reyansh Gupta,10th Grade,C,18000.0,4640.24,13359.76,0.0,PENDING_DUE
ADM-2026-04864,Vikas Das,9th Grade,A,15000.0,15000.0,0.0,0.0,COMPLETED
ADM-2026-04865,Neha Gupta,12th Grade,A,15000.0,15000.0,0.0,0.0,COMPLETED
ADM-2026-04866,Ishaan Verma,12th Grade,B,18000.0,18000.0,0.0,0.0,COMPLETED
ADM-2026-04867,Neha Sharma,11th Grade,D,12000.0,12000.0,0.0,0.0,COMPLETED
ADM-2026-04868,Rohan Verma,10th Grade,B,12000.0,12000.0,0.0,0.0,COMPLETED
ADM-2026-04869,Vivaan Nair,12th Grade,B,15000.0,15000.0,0.0,0.0,COMPLETED
ADM-2026-04870,Neha Menon,10th Grade,D,15000.0,15000.0,0.0,0.0,COMPLETED
ADM-2026-04871,Sneha Joshi,9th Grade,B,15000.0,15000.0,0.0,0.0,COMPLETED
ADM-2026-04872,Pankaj Deshmukh,12th Grade,C,12000.0,4986.77,7013.23,0.0,PENDING_DUE
ADM-2026-04873,Reyansh Nair,11th Grade,A,22000.0,5386.35,16613.65,0.0,PENDING_DUE
ADM-2026-04874,Ishaan Choudhury,10th Grade,A,18000.0,11551.37,6448.63,0.0,PENDING_DUE
ADM-2026-04875,Anjali Mehta,11th Grade,D,15000.0,15000.0,0.0,0.0,COMPLETED
ADM-2026-04876,Aarav Menon,10th Grade,A,18000.0,3401.84,14598.16,250.0,DEFAULT_AGED
ADM-2026-04877,Vihaan Joshi,12th Grade,A,22000.0,1048.68,20951.32,250.0,DEFAULT_AGED
ADM-2026-04878,Ishaan Gupta,10th Grade,B,12000.0,12000.0,0.0,0.0,COMPLETED
ADM-2026-04879,Kavita Singh,9th Grade,D,12000.0,12000.0,0.0,0.0,COMPLETED
ADM-2026-04880,Vikas Joshi,11th Grade,B,18000.0,5162.87,12837.13,0.0,PENDING_DUE
ADM-2026-04881,Meera Nair,10th Grade,C,22000.0,11901.61,10098.39,0.0,PENDING_DUE
ADM-2026-04882,Diya Sen,9th Grade,B,22000.0,10040.82,11959.18,0.0,PENDING_DUE
ADM-2026-04883,Reyansh Patel,10th Grade,B,18000.0,18000.0,0.0,0.0,COMPLETED
ADM-2026-04884,Sneha Deshmukh,9th Grade,B,18000.0,7938.87,10061.13,0.0,PENDING_DUE
ADM-2026-04885,Rahul Gupta,9th Grade,C,12000.0,12000.0,0.0,0.0,COMPLETED
ADM-2026-04886,Rohan Sen,11th Grade,C,15000.0,6051.71,8948.29,0.0,PENDING_DUE
ADM-2026-04887,Priya Reddy,9th Grade,A,15000.0,15000.0,0.0,0.0,COMPLETED
ADM-2026-04888,Priya Kumar,11th Grade,B,15000.0,15000.0,0.0,0.0,COMPLETED
ADM-2026-04889,Vivaan Das,10th Grade,D,22000.0,5334.09,16665.91,0.0,PENDING_DUE
ADM-2026-04890,Pankaj Rao,11th Grade,C,15000.0,665.72,14334.28,500.0,DEFAULT_AGED
ADM-2026-04891,Vikas Verma,11th Grade,D,22000.0,14681.88,7318.12,0.0,PENDING_DUE
ADM-2026-04892,Rohan Mehta,11th Grade,D,22000.0,12365.82,9634.18,0.0,PENDING_DUE
ADM-2026-04893,Vivaan Reddy,9th Grade,A,15000.0,15000.0,0.0,0.0,COMPLETED
ADM-2026-04894,Pari Kumar,12th Grade,A,18000.0,18000.0,0.0,0.0,COMPLETED
ADM-2026-04895,Anjali Choudhury,9th Grade,B,12000.0,3187.86,8812.14,0.0,PENDING_DUE
ADM-2026-04896,Pankaj Nair,12th Grade,B,22000.0,22000.0,0.0,0.0,COMPLETED
ADM-2026-04897,Sneha Nair,11th Grade,C,15000.0,15000.0,0.0,0.0,COMPLETED
ADM-2026-04898,Riya Nair,12th Grade,A,12000.0,12000.0,0.0,0.0,COMPLETED
ADM-2026-04899,Ayaan Reddy,11th Grade,B,15000.0,2870.8,12129.2,250.0,DEFAULT_AGED
ADM-2026-04900,Neha Sen,10th Grade,C,12000.0,5679.91,6320.09,0.0,PENDING_DUE
ADM-2026-04901,Aadhya Reddy,12th Grade,C,22000.0,11115.35,10884.65,0.0,PENDING_DUE
ADM-2026-04902,Diya Gupta,12th Grade,D,15000.0,15000.0,0.0,0.0,COMPLETED
ADM-2026-04903,Rahul Menon,12th Grade,D,15000.0,15000.0,0.0,0.0,COMPLETED
ADM-2026-04904,Sneha Das,9th Grade,D,12000.0,12000.0,0.0,0.0,COMPLETED
ADM-2026-04905,Pooja Das,9th Grade,A,18000.0,18000.0,0.0,0.0,COMPLETED
ADM-2026-04906,Aadhya Rao,10th Grade,C,22000.0,3095.49,18904.51,250.0,DEFAULT_AGED
ADM-2026-04907,Rahul Nair,10th Grade,A,15000.0,4503.78,10496.22,0.0,PENDING_DUE
ADM-2026-04908,Reyansh Patel,11th Grade,B,15000.0,4119.95,10880.05,500.0,DEFAULT_AGED
ADM-2026-04909,Pankaj Joshi,12th Grade,D,15000.0,15000.0,0.0,0.0,COMPLETED
ADM-2026-04910,Rahul Sen,9th Grade,C,15000.0,15000.0,0.0,0.0,COMPLETED
ADM-2026-04911,Neha Gupta,10th Grade,C,18000.0,11227.36,6772.64,0.0,PENDING_DUE
ADM-2026-04912,Karan Menon,10th Grade,B,22000.0,22000.0,0.0,0.0,COMPLETED
ADM-2026-04913,Amit Iyer,12th Grade,D,12000.0,12000.0,0.0,0.0,COMPLETED
ADM-2026-04914,Vihaan Menon,9th Grade,D,22000.0,6107.46,15892.54,0.0,PENDING_DUE
ADM-2026-04915,Reyansh Malhotra,9th Grade,D,12000.0,12000.0,0.0,0.0,COMPLETED
ADM-2026-04916,Aarav Nair,12th Grade,B,12000.0,12000.0,0.0,0.0,COMPLETED
ADM-2026-04917,Vihaan Verma,12th Grade,B,18000.0,2766.67,15233.33,1000.0,DEFAULT_AGED
ADM-2026-04918,Neha Joshi,9th Grade,D,15000.0,15000.0,0.0,0.0,COMPLETED
ADM-2026-04919,Ishaan Gupta,11th Grade,C,22000.0,13096.78,8903.22,0.0,PENDING_DUE
ADM-2026-04920,Vikas Pillai,12th Grade,D,22000.0,22000.0,0.0,0.0,COMPLETED
ADM-2026-04921,Pooja Nair,12th Grade,C,12000.0,12000.0,0.0,0.0,COMPLETED
ADM-2026-04922,Aadhya Patel,10th Grade,B,12000.0,8043.44,3956.56,0.0,PENDING_DUE
ADM-2026-04923,Meera Reddy,10th Grade,A,22000.0,22000.0,0.0,0.0,COMPLETED
ADM-2026-04924,Priya Deshmukh,12th Grade,D,15000.0,7449.28,7550.72,0.0,PENDING_DUE
ADM-2026-04925,Rohan Rao,12th Grade,D,15000.0,15000.0,0.0,0.0,COMPLETED
ADM-2026-04926,Kavita Bose,12th Grade,B,22000.0,22000.0,0.0,0.0,COMPLETED
ADM-2026-04927,Reyansh Kumar,12th Grade,C,12000.0,4460.18,7539.82,0.0,PENDING_DUE
ADM-2026-04928,Diya Sharma,9th Grade,B,18000.0,18000.0,0.0,0.0,COMPLETED
ADM-2026-04929,Meera Verma,10th Grade,D,18000.0,18000.0,0.0,0.0,COMPLETED
ADM-2026-04930,Vihaan Singh,9th Grade,A,15000.0,941.89,14058.11,250.0,DEFAULT_AGED
ADM-2026-04931,Diya Iyer,9th Grade,A,15000.0,15000.0,0.0,0.0,COMPLETED
ADM-2026-04932,Vihaan Bose,9th Grade,D,18000.0,5033.19,12966.81,0.0,PENDING_DUE
ADM-2026-04933,Sanya Menon,9th Grade,D,12000.0,12000.0,0.0,0.0,COMPLETED
ADM-2026-04934,Sneha Verma,11th Grade,D,22000.0,22000.0,0.0,0.0,COMPLETED
ADM-2026-04935,Vivaan Kumar,10th Grade,A,15000.0,15000.0,0.0,0.0,COMPLETED
ADM-2026-04936,Meera Verma,9th Grade,C,15000.0,15000.0,0.0,0.0,COMPLETED
ADM-2026-04937,Aditya Pillai,9th Grade,B,18000.0,7364.97,10635.03,0.0,PENDING_DUE
ADM-2026-04938,Diya Reddy,10th Grade,A,18000.0,8588.26,9411.74,0.0,PENDING_DUE
ADM-2026-04939,Anjali Mehta,10th Grade,A,15000.0,3721.46,11278.54,0.0,PENDING_DUE
ADM-2026-04940,Vikas Reddy,12th Grade,A,22000.0,22000.0,0.0,0.0,COMPLETED
ADM-2026-04941,Rahul Rao,12th Grade,D,15000.0,15000.0,0.0,0.0,COMPLETED
ADM-2026-04942,Pankaj Pillai,12th Grade,B,18000.0,5001.07,12998.93,0.0,PENDING_DUE
ADM-2026-04943,Diya Choudhury,9th Grade,C,22000.0,13990.82,8009.18,0.0,PENDING_DUE
ADM-2026-04944,Vivaan Singh,9th Grade,C,15000.0,5964.3,9035.7,0.0,PENDING_DUE
ADM-2026-04945,Pankaj Joshi,10th Grade,C,15000.0,15000.0,0.0,0.0,COMPLETED
ADM-2026-04946,Rahul Iyer,11th Grade,A,22000.0,22000.0,0.0,0.0,COMPLETED
ADM-2026-04947,Arjun Rao,11th Grade,C,12000.0,7507.15,4492.85,0.0,PENDING_DUE
ADM-2026-04948,Ishaan Kumar,11th Grade,C,22000.0,22000.0,0.0,0.0,COMPLETED
ADM-2026-04949,Anjali Iyer,9th Grade,A,18000.0,7581.54,10418.46,0.0,PENDING_DUE
ADM-2026-04950,Aditya Pillai,9th Grade,A,18000.0,11530.33,6469.67,0.0,PENDING_DUE
ADM-2026-04951,Diya Sen,12th Grade,C,18000.0,7342.26,10657.74,0.0,PENDING_DUE
ADM-2026-04952,Rohan Reddy,10th Grade,B,12000.0,6855.95,5144.05,0.0,PENDING_DUE
ADM-2026-04953,Rahul Nair,9th Grade,D,12000.0,12000.0,0.0,0.0,COMPLETED
ADM-2026-04954,Krishna Sharma,11th Grade,B,15000.0,15000.0,0.0,0.0,COMPLETED
ADM-2026-04955,Rahul Bose,10th Grade,B,22000.0,6215.7,15784.3,0.0,PENDING_DUE
ADM-2026-04956,Riya Iyer,10th Grade,D,15000.0,15000.0,0.0,0.0,COMPLETED
ADM-2026-04957,Rahul Nair,9th Grade,A,15000.0,7668.46,7331.54,0.0,PENDING_DUE
ADM-2026-04958,Ayaan Mehta,11th Grade,B,15000.0,3456.07,11543.93,500.0,DEFAULT_AGED
ADM-2026-04959,Diya Gupta,12th Grade,A,15000.0,15000.0,0.0,0.0,COMPLETED
ADM-2026-04960,Arjun Choudhury,11th Grade,C,12000.0,8241.63,3758.37,0.0,PENDING_DUE
ADM-2026-04961,Ananya Malhotra,12th Grade,A,22000.0,6.68,21993.32,1000.0,DEFAULT_AGED
ADM-2026-04962,Krishna Gupta,11th Grade,D,12000.0,12000.0,0.0,0.0,COMPLETED
ADM-2026-04963,Sneha Joshi,12th Grade,A,18000.0,18000.0,0.0,0.0,COMPLETED
ADM-2026-04964,Vikas Deshmukh,11th Grade,C,15000.0,15000.0,0.0,0.0,COMPLETED
ADM-2026-04965,Pankaj Reddy,11th Grade,D,22000.0,22000.0,0.0,0.0,COMPLETED
ADM-2026-04966,Rohan Rao,9th Grade,A,22000.0,22000.0,0.0,0.0,COMPLETED
ADM-2026-04967,Arjun Choudhury,11th Grade,D,15000.0,15000.0,0.0,0.0,COMPLETED
ADM-2026-04968,Aadhya Sharma,12th Grade,B,22000.0,22000.0,0.0,0.0,COMPLETED
ADM-2026-04969,Rohan Malhotra,9th Grade,C,18000.0,18000.0,0.0,0.0,COMPLETED
ADM-2026-04970,Pari Sharma,10th Grade,B,22000.0,22000.0,0.0,0.0,COMPLETED
ADM-2026-04971,Ayaan Malhotra,12th Grade,A,12000.0,6259.61,5740.39,0.0,PENDING_DUE
ADM-2026-04972,Rohan Das,11th Grade,D,12000.0,6423.58,5576.42,0.0,PENDING_DUE
ADM-2026-04973,Sanya Singh,9th Grade,B,22000.0,1696.21,20303.79,1000.0,DEFAULT_AGED
ADM-2026-04974,Diya Gupta,11th Grade,D,22000.0,22000.0,0.0,0.0,COMPLETED
ADM-2026-04975,Pankaj Rao,9th Grade,C,15000.0,15000.0,0.0,0.0,COMPLETED
ADM-2026-04976,Vivaan Verma,9th Grade,C,22000.0,4647.51,17352.49,0.0,PENDING_DUE
ADM-2026-04977,Sai Bose,12th Grade,A,15000.0,15000.0,0.0,0.0,COMPLETED
ADM-2026-04978,Ananya Gupta,10th Grade,A,15000.0,142.92,14857.08,500.0,DEFAULT_AGED
ADM-2026-04979,Pari Malhotra,9th Grade,B,18000.0,1613.82,16386.18,500.0,DEFAULT_AGED
ADM-2026-04980,Ishaan Choudhury,11th Grade,A,12000.0,1113.05,10886.95,250.0,DEFAULT_AGED
ADM-2026-04981,Pankaj Patel,11th Grade,B,15000.0,15000.0,0.0,0.0,COMPLETED
ADM-2026-04982,Arjun Deshmukh,11th Grade,A,15000.0,8097.23,6902.77,0.0,PENDING_DUE
ADM-2026-04983,Diya Bose,10th Grade,A,15000.0,9406.23,5593.77,0.0,PENDING_DUE
ADM-2026-04984,Sanya Choudhury,12th Grade,A,22000.0,22000.0,0.0,0.0,COMPLETED
ADM-2026-04985,Sai Menon,10th Grade,B,18000.0,18000.0,0.0,0.0,COMPLETED
ADM-2026-04986,Amit Malhotra,12th Grade,A,15000.0,2123.67,12876.33,500.0,DEFAULT_AGED
ADM-2026-04987,Sanya Pillai,10th Grade,B,15000.0,15000.0,0.0,0.0,COMPLETED
ADM-2026-04988,Sanya Rao,11th Grade,A,22000.0,2243.07,19756.93,250.0,DEFAULT_AGED
ADM-2026-04989,Diya Verma,10th Grade,A,18000.0,4805.06,13194.94,0.0,PENDING_DUE
ADM-2026-04990,Rohan Sen,10th Grade,C,18000.0,18000.0,0.0,0.0,COMPLETED
ADM-2026-04991,Arjun Rao,9th Grade,D,15000.0,15000.0,0.0,0.0,COMPLETED
ADM-2026-04992,Sanya Choudhury,12th Grade,C,12000.0,2225.39,9774.61,1000.0,DEFAULT_AGED
ADM-2026-04993,Ishaan Joshi,9th Grade,B,15000.0,639.14,14360.86,250.0,DEFAULT_AGED
ADM-2026-04994,Pari Choudhury,10th Grade,A,18000.0,18000.0,0.0,0.0,COMPLETED
ADM-2026-04995,Reyansh Patel,10th Grade,D,15000.0,7886.91,7113.09,0.0,PENDING_DUE
ADM-2026-04996,Aadhya Malhotra,10th Grade,A,12000.0,12000.0,0.0,0.0,COMPLETED
ADM-2026-04997,Vikas Reddy,10th Grade,B,22000.0,4827.17,17172.83,0.0,PENDING_DUE
ADM-2026-04998,Anjali Patel,10th Grade,D,18000.0,5158.41,12841.59,250.0,DEFAULT_AGED
ADM-2026-04999,Ayaan Gupta,10th Grade,A,15000.0,15000.0,0.0,0.0,COMPLETED
ADM-2026-05000,Rohan Rao,9th Grade,A,22000.0,22000.0,0.0,0.0,COMPLETED
ADM-2026-05001,Krishna Das,9th Grade,B,12000.0,12000.0,0.0,0.0,COMPLETED
ADM-2026-05002,Ishaan Patel,12th Grade,B,22000.0,22000.0,0.0,0.0,COMPLETED
ADM-2026-05003,Diya Menon,11th Grade,C,12000.0,12000.0,0.0,0.0,COMPLETED
ADM-2026-05004,Krishna Patel,11th Grade,C,15000.0,15000.0,0.0,0.0,COMPLETED
ADM-2026-05005,Sai Sen,12th Grade,D,22000.0,22000.0,0.0,0.0,COMPLETED
ADM-2026-05006,Pankaj Deshmukh,12th Grade,D,22000.0,12374.08,9625.92,0.0,PENDING_DUE
ADM-2026-05007,Vivaan Nair,9th Grade,D,12000.0,14.5,11985.5,250.0,DEFAULT_AGED
ADM-2026-05008,Pankaj Menon,12th Grade,C,15000.0,7372.36,7627.64,0.0,PENDING_DUE
ADM-2026-05009,Arjun Pillai,10th Grade,B,12000.0,12000.0,0.0,0.0,COMPLETED
ADM-2026-05010,Rahul Deshmukh,12th Grade,C,12000.0,8052.29,3947.71,0.0,PENDING_DUE
ADM-2026-05011,Vivaan Nair,9th Grade,B,15000.0,2303.02,12696.98,250.0,DEFAULT_AGED
ADM-2026-05012,Vivaan Bose,11th Grade,A,22000.0,1186.13,20813.87,250.0,DEFAULT_AGED
ADM-2026-05013,Anjali Sen,10th Grade,A,18000.0,10505.05,7494.95,0.0,PENDING_DUE
ADM-2026-05014,Rahul Gupta,10th Grade,D,22000.0,5644.09,16355.91,500.0,DEFAULT_AGED
ADM-2026-05015,Pooja Nair,12th Grade,A,22000.0,2279.63,19720.37,500.0,DEFAULT_AGED
ADM-2026-05016,Meera Mehta,10th Grade,B,12000.0,6453.87,5546.13,0.0,PENDING_DUE
ADM-2026-05017,Sneha Nair,9th Grade,D,15000.0,15000.0,0.0,0.0,COMPLETED
ADM-2026-05018,Ishaan Malhotra,10th Grade,C,22000.0,22000.0,0.0,0.0,COMPLETED
ADM-2026-05019,Pooja Patel,10th Grade,A,22000.0,22000.0,0.0,0.0,COMPLETED
ADM-2026-05020,Sai Joshi,10th Grade,D,15000.0,5943.8,9056.2,0.0,PENDING_DUE
ADM-2026-05021,Ayaan Deshmukh,12th Grade,D,18000.0,18000.0,0.0,0.0,COMPLETED
ADM-2026-05022,Amit Patel,12th Grade,B,22000.0,14666.41,7333.59,0.0,PENDING_DUE
ADM-2026-05023,Diya Verma,12th Grade,D,15000.0,6986.24,8013.76,0.0,PENDING_DUE
ADM-2026-05024,Priya Kumar,10th Grade,A,22000.0,1197.79,20802.21,250.0,DEFAULT_AGED
ADM-2026-05025,Amit Das,11th Grade,C,15000.0,3867.12,11132.88,0.0,PENDING_DUE
ADM-2026-05026,Vikas Gupta,9th Grade,A,22000.0,22000.0,0.0,0.0,COMPLETED
ADM-2026-05027,Priya Kumar,9th Grade,B,12000.0,2473.49,9526.51,0.0,PENDING_DUE
ADM-2026-05028,Ayaan Verma,11th Grade,C,15000.0,9379.43,5620.57,0.0,PENDING_DUE
ADM-2026-05029,Ayaan Rao,12th Grade,D,12000.0,12000.0,0.0,0.0,COMPLETED
ADM-2026-05030,Priya Choudhury,9th Grade,D,15000.0,2789.03,12210.97,1000.0,DEFAULT_AGED
ADM-2026-05031,Reyansh Iyer,11th Grade,A,15000.0,15000.0,0.0,0.0,COMPLETED
ADM-2026-05032,Riya Bose,10th Grade,B,12000.0,5679.01,6320.99,0.0,PENDING_DUE
ADM-2026-05033,Ananya Mehta,11th Grade,B,22000.0,12862.86,9137.14,0.0,PENDING_DUE
ADM-2026-05034,Diya Rao,11th Grade,B,22000.0,111.03,21888.97,250.0,DEFAULT_AGED
ADM-2026-05035,Aarav Singh,9th Grade,A,22000.0,22000.0,0.0,0.0,COMPLETED
ADM-2026-05036,Amit Bose,11th Grade,B,18000.0,10831.12,7168.88,0.0,PENDING_DUE
ADM-2026-05037,Priya Gupta,10th Grade,A,12000.0,12000.0,0.0,0.0,COMPLETED
ADM-2026-05038,Vivaan Das,9th Grade,A,15000.0,2724.57,12275.43,250.0,DEFAULT_AGED
ADM-2026-05039,Aditya Patel,9th Grade,B,15000.0,15000.0,0.0,0.0,COMPLETED
ADM-2026-05040,Ayaan Choudhury,11th Grade,B,12000.0,12000.0,0.0,0.0,COMPLETED
ADM-2026-05041,Meera Sharma,11th Grade,D,12000.0,12000.0,0.0,0.0,COMPLETED
ADM-2026-05042,Vihaan Rao,11th Grade,D,22000.0,2943.45,19056.55,250.0,DEFAULT_AGED
ADM-2026-05043,Priya Malhotra,10th Grade,A,15000.0,15000.0,0.0,0.0,COMPLETED
ADM-2026-05044,Ayaan Sen,9th Grade,A,22000.0,10800.53,11199.47,0.0,PENDING_DUE
ADM-2026-05045,Meera Nair,11th Grade,D,22000.0,22000.0,0.0,0.0,COMPLETED
ADM-2026-05046,Pankaj Sen,11th Grade,A,18000.0,18000.0,0.0,0.0,COMPLETED
ADM-2026-05047,Aadhya Joshi,9th Grade,D,22000.0,8913.51,13086.49,0.0,PENDING_DUE
ADM-2026-05048,Aadhya Kumar,9th Grade,B,12000.0,12000.0,0.0,0.0,COMPLETED
ADM-2026-05049,Aarav Deshmukh,10th Grade,D,12000.0,12000.0,0.0,0.0,COMPLETED
ADM-2026-05050,Pankaj Bose,9th Grade,A,22000.0,12273.09,9726.91,0.0,PENDING_DUE
ADM-2026-05051,Anjali Menon,11th Grade,C,22000.0,22000.0,0.0,0.0,COMPLETED
ADM-2026-05052,Aarav Verma,9th Grade,B,22000.0,11975.25,10024.75,0.0,PENDING_DUE
ADM-2026-05053,Diya Reddy,10th Grade,C,12000.0,12000.0,0.0,0.0,COMPLETED
ADM-2026-05054,Priya Kumar,9th Grade,C,18000.0,18000.0,0.0,0.0,COMPLETED
ADM-2026-05055,Rohan Choudhury,12th Grade,D,15000.0,15000.0,0.0,0.0,COMPLETED
ADM-2026-05056,Sai Singh,11th Grade,D,12000.0,6377.04,5622.96,0.0,PENDING_DUE
ADM-2026-05057,Karan Das,12th Grade,A,12000.0,12000.0,0.0,0.0,COMPLETED
ADM-2026-05058,Sanya Menon,12th Grade,A,18000.0,7096.38,10903.62,0.0,PENDING_DUE
ADM-2026-05059,Sanya Reddy,12th Grade,B,18000.0,706.23,17293.77,250.0,DEFAULT_AGED
ADM-2026-05060,Vihaan Rao,11th Grade,C,15000.0,7152.72,7847.28,0.0,PENDING_DUE
ADM-2026-05061,Anjali Reddy,10th Grade,D,12000.0,12000.0,0.0,0.0,COMPLETED
ADM-2026-05062,Sanya Deshmukh,12th Grade,B,22000.0,10581.64,11418.36,0.0,PENDING_DUE
ADM-2026-05063,Amit Deshmukh,12th Grade,B,18000.0,5089.13,12910.87,500.0,DEFAULT_AGED
ADM-2026-05064,Vihaan Bose,9th Grade,C,18000.0,10105.29,7894.71,0.0,PENDING_DUE
ADM-2026-05065,Pari Choudhury,11th Grade,D,15000.0,302.55,14697.45,500.0,DEFAULT_AGED
ADM-2026-05066,Aarav Joshi,12th Grade,D,15000.0,9613.47,5386.53,0.0,PENDING_DUE
ADM-2026-05067,Amit Nair,10th Grade,A,15000.0,900.34,14099.66,250.0,DEFAULT_AGED
ADM-2026-05068,Diya Verma,11th Grade,D,15000.0,15000.0,0.0,0.0,COMPLETED
ADM-2026-05069,Vivaan Malhotra,10th Grade,C,22000.0,22000.0,0.0,0.0,COMPLETED
ADM-2026-05070,Priya Pillai,12th Grade,B,18000.0,8065.4,9934.6,0.0,PENDING_DUE
ADM-2026-05071,Meera Pillai,11th Grade,C,15000.0,3907.77,11092.23,500.0,DEFAULT_AGED
ADM-2026-05072,Karan Reddy,10th Grade,B,12000.0,4482.01,7517.99,0.0,PENDING_DUE
ADM-2026-05073,Arjun Joshi,12th Grade,B,22000.0,22000.0,0.0,0.0,COMPLETED
ADM-2026-05074,Krishna Malhotra,9th Grade,B,12000.0,12000.0,0.0,0.0,COMPLETED
ADM-2026-05075,Ananya Bose,11th Grade,D,18000.0,5951.46,12048.54,0.0,PENDING_DUE
ADM-2026-05076,Sneha Choudhury,10th Grade,A,15000.0,4125.61,10874.39,0.0,PENDING_DUE
ADM-2026-05077,Arjun Sen,10th Grade,A,18000.0,11204.76,6795.24,0.0,PENDING_DUE
ADM-2026-05078,Sneha Singh,11th Grade,B,18000.0,18000.0,0.0,0.0,COMPLETED
ADM-2026-05079,Pari Pillai,10th Grade,B,15000.0,15000.0,0.0,0.0,COMPLETED
ADM-2026-05080,Ayaan Patel,9th Grade,C,18000.0,2845.14,15154.86,1000.0,DEFAULT_AGED
ADM-2026-05081,Amit Pillai,9th Grade,A,18000.0,3879.57,14120.43,1000.0,DEFAULT_AGED
ADM-2026-05082,Priya Sharma,11th Grade,B,12000.0,12000.0,0.0,0.0,COMPLETED
ADM-2026-05083,Vihaan Kumar,9th Grade,A,12000.0,12000.0,0.0,0.0,COMPLETED
ADM-2026-05084,Karan Mehta,12th Grade,B,22000.0,15185.36,6814.64,0.0,PENDING_DUE
ADM-2026-05085,Sai Mehta,12th Grade,A,12000.0,4887.45,7112.55,0.0,PENDING_DUE
ADM-2026-05086,Aadhya Reddy,9th Grade,A,22000.0,11390.29,10609.71,0.0,PENDING_DUE
ADM-2026-05087,Amit Verma,11th Grade,A,12000.0,12000.0,0.0,0.0,COMPLETED
ADM-2026-05088,Sanya Reddy,12th Grade,C,15000.0,4126.29,10873.71,500.0,DEFAULT_AGED
ADM-2026-05089,Karan Gupta,10th Grade,D,15000.0,15000.0,0.0,0.0,COMPLETED
ADM-2026-05090,Vikas Patel,10th Grade,D,18000.0,18000.0,0.0,0.0,COMPLETED
ADM-2026-05091,Neha Deshmukh,12th Grade,B,22000.0,22000.0,0.0,0.0,COMPLETED
ADM-2026-05092,Sneha Nair,11th Grade,D,18000.0,2691.43,15308.57,500.0,DEFAULT_AGED
ADM-2026-05093,Krishna Patel,9th Grade,A,22000.0,10033.92,11966.08,0.0,PENDING_DUE
ADM-2026-05094,Riya Das,12th Grade,D,15000.0,7422.73,7577.27,0.0,PENDING_DUE
ADM-2026-05095,Rohan Verma,11th Grade,A,22000.0,22000.0,0.0,0.0,COMPLETED
ADM-2026-05096,Sai Menon,10th Grade,A,12000.0,5742.52,6257.48,0.0,PENDING_DUE
ADM-2026-05097,Sai Joshi,10th Grade,B,12000.0,12000.0,0.0,0.0,COMPLETED
ADM-2026-05098,Diya Kumar,10th Grade,D,12000.0,12000.0,0.0,0.0,COMPLETED
ADM-2026-05099,Pooja Mehta,10th Grade,C,18000.0,18000.0,0.0,0.0,COMPLETED
ADM-2026-05100,Pooja Pillai,9th Grade,D,18000.0,18000.0,0.0,0.0,COMPLETED
ADM-2026-05101,Neha Joshi,10th Grade,A,22000.0,10672.02,11327.98,0.0,PENDING_DUE
ADM-2026-05102,Neha Choudhury,12th Grade,D,22000.0,22000.0,0.0,0.0,COMPLETED
ADM-2026-05103,Sai Das,11th Grade,A,22000.0,4709.04,17290.96,0.0,PENDING_DUE
ADM-2026-05104,Kavita Sen,9th Grade,B,18000.0,7396.27,10603.73,0.0,PENDING_DUE
ADM-2026-05105,Rohan Joshi,12th Grade,C,12000.0,5871.25,6128.75,0.0,PENDING_DUE
ADM-2026-05106,Sneha Malhotra,10th Grade,C,18000.0,9093.93,8906.07,0.0,PENDING_DUE
ADM-2026-05107,Pankaj Choudhury,12th Grade,C,22000.0,10923.99,11076.01,0.0,PENDING_DUE
ADM-2026-05108,Aadhya Malhotra,12th Grade,A,22000.0,22000.0,0.0,0.0,COMPLETED
ADM-2026-05109,Krishna Choudhury,9th Grade,B,22000.0,4960.69,17039.31,500.0,DEFAULT_AGED
ADM-2026-05110,Reyansh Verma,10th Grade,A,12000.0,1092.21,10907.79,250.0,DEFAULT_AGED
ADM-2026-05111,Amit Gupta,11th Grade,C,12000.0,12000.0,0.0,0.0,COMPLETED
ADM-2026-05112,Amit Iyer,10th Grade,C,15000.0,15000.0,0.0,0.0,COMPLETED
ADM-2026-05113,Vivaan Menon,11th Grade,A,18000.0,18000.0,0.0,0.0,COMPLETED
ADM-2026-05114,Reyansh Rao,11th Grade,C,12000.0,203.59,11796.41,500.0,DEFAULT_AGED
ADM-2026-05115,Pooja Verma,9th Grade,D,18000.0,863.85,17136.15,500.0,DEFAULT_AGED
ADM-2026-05116,Vivaan Iyer,10th Grade,A,22000.0,22000.0,0.0,0.0,COMPLETED
ADM-2026-05117,Rahul Rao,11th Grade,D,15000.0,4857.76,10142.24,0.0,PENDING_DUE
ADM-2026-05118,Kavita Das,12th Grade,D,18000.0,18000.0,0.0,0.0,COMPLETED
ADM-2026-05119,Aadhya Nair,9th Grade,C,15000.0,15000.0,0.0,0.0,COMPLETED
ADM-2026-05120,Rohan Pillai,10th Grade,C,12000.0,12000.0,0.0,0.0,COMPLETED
ADM-2026-05121,Pooja Pillai,12th Grade,B,12000.0,12000.0,0.0,0.0,COMPLETED
ADM-2026-05122,Aditya Das,12th Grade,B,22000.0,11900.45,10099.55,0.0,PENDING_DUE
ADM-2026-05123,Sanya Singh,12th Grade,A,18000.0,18000.0,0.0,0.0,COMPLETED
ADM-2026-05124,Priya Deshmukh,11th Grade,A,15000.0,15000.0,0.0,0.0,COMPLETED
ADM-2026-05125,Kavita Patel,12th Grade,C,22000.0,999.51,21000.49,500.0,DEFAULT_AGED
ADM-2026-05126,Anjali Das,12th Grade,B,18000.0,18000.0,0.0,0.0,COMPLETED
ADM-2026-05127,Vivaan Reddy,12th Grade,C,12000.0,12000.0,0.0,0.0,COMPLETED
ADM-2026-05128,Priya Kumar,9th Grade,D,12000.0,1256.48,10743.52,500.0,DEFAULT_AGED
ADM-2026-05129,Vikas Gupta,12th Grade,A,12000.0,7652.65,4347.35,0.0,PENDING_DUE
ADM-2026-05130,Vihaan Deshmukh,12th Grade,D,18000.0,18000.0,0.0,0.0,COMPLETED
ADM-2026-05131,Riya Bose,10th Grade,D,22000.0,22000.0,0.0,0.0,COMPLETED
ADM-2026-05132,Rohan Kumar,9th Grade,D,18000.0,18000.0,0.0,0.0,COMPLETED
ADM-2026-05133,Aarav Kumar,12th Grade,A,22000.0,11929.93,10070.07,0.0,PENDING_DUE
ADM-2026-05134,Arjun Singh,12th Grade,D,18000.0,18000.0,0.0,0.0,COMPLETED
ADM-2026-05135,Sneha Sharma,9th Grade,B,18000.0,4124.82,13875.18,0.0,PENDING_DUE
ADM-2026-05136,Diya Das,10th Grade,B,22000.0,22000.0,0.0,0.0,COMPLETED
ADM-2026-05137,Ayaan Patel,11th Grade,B,15000.0,8071.87,6928.13,0.0,PENDING_DUE
ADM-2026-05138,Riya Bose,12th Grade,A,12000.0,6508.74,5491.26,0.0,PENDING_DUE
ADM-2026-05139,Pari Malhotra,9th Grade,C,18000.0,18000.0,0.0,0.0,COMPLETED
ADM-2026-05140,Vihaan Singh,11th Grade,C,22000.0,22000.0,0.0,0.0,COMPLETED
ADM-2026-05141,Vihaan Sen,10th Grade,A,12000.0,1006.97,10993.03,500.0,DEFAULT_AGED
ADM-2026-05142,Sai Reddy,9th Grade,B,18000.0,18000.0,0.0,0.0,COMPLETED
ADM-2026-05143,Vikas Mehta,10th Grade,C,12000.0,12000.0,0.0,0.0,COMPLETED
ADM-2026-05144,Pankaj Menon,9th Grade,A,15000.0,15000.0,0.0,0.0,COMPLETED
ADM-2026-05145,Arjun Rao,10th Grade,C,18000.0,18000.0,0.0,0.0,COMPLETED
ADM-2026-05146,Meera Deshmukh,11th Grade,A,15000.0,3133.21,11866.79,0.0,PENDING_DUE
ADM-2026-05147,Pankaj Menon,11th Grade,C,22000.0,22000.0,0.0,0.0,COMPLETED
ADM-2026-05148,Pari Gupta,9th Grade,C,12000.0,4896.11,7103.89,0.0,PENDING_DUE
ADM-2026-05149,Aadhya Iyer,9th Grade,B,12000.0,12000.0,0.0,0.0,COMPLETED
ADM-2026-05150,Pari Bose,10th Grade,D,12000.0,12000.0,0.0,0.0,COMPLETED
ADM-2026-05151,Reyansh Rao,11th Grade,C,22000.0,22000.0,0.0,0.0,COMPLETED
ADM-2026-05152,Amit Das,10th Grade,C,12000.0,12000.0,0.0,0.0,COMPLETED
ADM-2026-05153,Pari Mehta,11th Grade,C,18000.0,18000.0,0.0,0.0,COMPLETED
ADM-2026-05154,Diya Kumar,10th Grade,D,12000.0,3026.8,8973.2,0.0,PENDING_DUE
ADM-2026-05155,Krishna Bose,12th Grade,C,12000.0,2190.23,9809.77,250.0,DEFAULT_AGED
ADM-2026-05156,Diya Nair,9th Grade,B,15000.0,2794.6,12205.4,500.0,DEFAULT_AGED
ADM-2026-05157,Priya Nair,9th Grade,B,22000.0,22000.0,0.0,0.0,COMPLETED
ADM-2026-05158,Vikas Malhotra,10th Grade,D,18000.0,11706.35,6293.65,0.0,PENDING_DUE
ADM-2026-05159,Riya Kumar,10th Grade,C,15000.0,15000.0,0.0,0.0,COMPLETED
ADM-2026-05160,Pooja Nair,9th Grade,A,22000.0,301.27,21698.73,1000.0,DEFAULT_AGED
ADM-2026-05161,Reyansh Rao,9th Grade,A,15000.0,5454.32,9545.68,0.0,PENDING_DUE
ADM-2026-05162,Sanya Choudhury,10th Grade,D,15000.0,3044.48,11955.52,0.0,PENDING_DUE
ADM-2026-05163,Sai Patel,9th Grade,C,22000.0,11117.26,10882.74,0.0,PENDING_DUE
ADM-2026-05164,Kavita Malhotra,10th Grade,A,15000.0,7633.28,7366.72,0.0,PENDING_DUE
ADM-2026-05165,Pankaj Deshmukh,11th Grade,C,18000.0,18000.0,0.0,0.0,COMPLETED
ADM-2026-05166,Diya Rao,11th Grade,D,18000.0,2645.65,15354.35,500.0,DEFAULT_AGED
ADM-2026-05167,Ishaan Sharma,11th Grade,B,15000.0,15000.0,0.0,0.0,COMPLETED
ADM-2026-05168,Vivaan Kumar,10th Grade,D,12000.0,12000.0,0.0,0.0,COMPLETED
ADM-2026-05169,Amit Sen,10th Grade,A,22000.0,11731.5,10268.5,0.0,PENDING_DUE
ADM-2026-05170,Diya Sharma,12th Grade,D,18000.0,2118.62,15881.38,1000.0,DEFAULT_AGED
ADM-2026-05171,Pankaj Sen,11th Grade,B,15000.0,15000.0,0.0,0.0,COMPLETED
ADM-2026-05172,Amit Nair,12th Grade,A,15000.0,5174.78,9825.22,0.0,PENDING_DUE
ADM-2026-05173,Arjun Iyer,12th Grade,A,18000.0,11807.64,6192.36,0.0,PENDING_DUE
ADM-2026-05174,Pankaj Nair,11th Grade,C,15000.0,9236.22,5763.78,0.0,PENDING_DUE
ADM-2026-05175,Rahul Kumar,12th Grade,D,22000.0,22000.0,0.0,0.0,COMPLETED
ADM-2026-05176,Ayaan Sharma,10th Grade,C,15000.0,10079.6,4920.4,0.0,PENDING_DUE
ADM-2026-05177,Reyansh Gupta,9th Grade,D,22000.0,11321.35,10678.65,0.0,PENDING_DUE
ADM-2026-05178,Rahul Das,9th Grade,A,12000.0,12000.0,0.0,0.0,COMPLETED
ADM-2026-05179,Kavita Rao,9th Grade,A,15000.0,3660.42,11339.58,0.0,PENDING_DUE
ADM-2026-05180,Aditya Iyer,11th Grade,D,18000.0,2259.02,15740.98,1000.0,DEFAULT_AGED
ADM-2026-05181,Vikas Nair,12th Grade,A,18000.0,10360.29,7639.71,0.0,PENDING_DUE
ADM-2026-05182,Ayaan Reddy,9th Grade,C,15000.0,4443.2,10556.8,0.0,PENDING_DUE
ADM-2026-05183,Rahul Verma,12th Grade,A,18000.0,18000.0,0.0,0.0,COMPLETED
ADM-2026-05184,Aditya Nair,10th Grade,C,22000.0,22000.0,0.0,0.0,COMPLETED
ADM-2026-05185,Ishaan Mehta,10th Grade,A,18000.0,8926.88,9073.12,0.0,PENDING_DUE
ADM-2026-05186,Vikas Das,11th Grade,C,22000.0,22000.0,0.0,0.0,COMPLETED
ADM-2026-05187,Sai Rao,9th Grade,D,18000.0,7452.14,10547.86,0.0,PENDING_DUE
ADM-2026-05188,Diya Rao,12th Grade,A,18000.0,6652.27,11347.73,0.0,PENDING_DUE
ADM-2026-05189,Aadhya Malhotra,10th Grade,B,12000.0,12000.0,0.0,0.0,COMPLETED
ADM-2026-05190,Sanya Verma,10th Grade,C,22000.0,9111.14,12888.86,0.0,PENDING_DUE
ADM-2026-05191,Priya Kumar,10th Grade,B,15000.0,3099.21,11900.79,0.0,PENDING_DUE
ADM-2026-05192,Rahul Iyer,11th Grade,A,15000.0,6034.25,8965.75,0.0,PENDING_DUE
ADM-2026-05193,Aadhya Iyer,12th Grade,A,18000.0,6871.41,11128.59,0.0,PENDING_DUE
ADM-2026-05194,Diya Choudhury,9th Grade,C,18000.0,18000.0,0.0,0.0,COMPLETED
ADM-2026-05195,Sneha Rao,11th Grade,A,12000.0,12000.0,0.0,0.0,COMPLETED
ADM-2026-05196,Krishna Singh,10th Grade,B,18000.0,18000.0,0.0,0.0,COMPLETED
ADM-2026-05197,Amit Pillai,11th Grade,D,12000.0,2566.57,9433.43,500.0,DEFAULT_AGED
ADM-2026-05198,Meera Choudhury,10th Grade,B,18000.0,8027.79,9972.21,0.0,PENDING_DUE
ADM-2026-05199,Pari Sen,9th Grade,C,18000.0,18000.0,0.0,0.0,COMPLETED
ADM-2026-05200,Pari Menon,12th Grade,D,22000.0,22000.0,0.0,0.0,COMPLETED
ADM-2026-05201,Reyansh Pillai,12th Grade,A,22000.0,12121.53,9878.47,0.0,PENDING_DUE
ADM-2026-05202,Priya Malhotra,12th Grade,D,18000.0,5460.92,12539.08,0.0,PENDING_DUE
ADM-2026-05203,Vihaan Gupta,12th Grade,A,15000.0,15000.0,0.0,0.0,COMPLETED
ADM-2026-05204,Sai Bose,11th Grade,A,12000.0,12000.0,0.0,0.0,COMPLETED
ADM-2026-05205,Arjun Reddy,12th Grade,B,15000.0,7644.49,7355.51,0.0,PENDING_DUE
ADM-2026-05206,Priya Bose,9th Grade,B,18000.0,9132.65,8867.35,0.0,PENDING_DUE
ADM-2026-05207,Aadhya Mehta,10th Grade,B,12000.0,12000.0,0.0,0.0,COMPLETED
ADM-2026-05208,Kavita Reddy,11th Grade,D,15000.0,15000.0,0.0,0.0,COMPLETED
ADM-2026-05209,Karan Iyer,10th Grade,A,22000.0,22000.0,0.0,0.0,COMPLETED
ADM-2026-05210,Ananya Sharma,11th Grade,B,15000.0,3658.78,11341.22,1000.0,DEFAULT_AGED
ADM-2026-05211,Diya Verma,10th Grade,A,12000.0,12000.0,0.0,0.0,COMPLETED
ADM-2026-05212,Pankaj Kumar,11th Grade,D,22000.0,22000.0,0.0,0.0,COMPLETED
ADM-2026-05213,Aditya Reddy,9th Grade,D,15000.0,3916.55,11083.45,0.0,PENDING_DUE
ADM-2026-05214,Pooja Joshi,11th Grade,D,15000.0,15000.0,0.0,0.0,COMPLETED
ADM-2026-05215,Reyansh Malhotra,11th Grade,A,15000.0,15000.0,0.0,0.0,COMPLETED
ADM-2026-05216,Rohan Pillai,10th Grade,A,15000.0,7908.92,7091.08,0.0,PENDING_DUE
ADM-2026-05217,Pankaj Das,9th Grade,B,18000.0,18000.0,0.0,0.0,COMPLETED
ADM-2026-05218,Riya Bose,9th Grade,B,12000.0,5271.43,6728.57,0.0,PENDING_DUE
ADM-2026-05219,Karan Pillai,9th Grade,A,15000.0,15000.0,0.0,0.0,COMPLETED
ADM-2026-05220,Neha Gupta,10th Grade,A,15000.0,3570.96,11429.04,0.0,PENDING_DUE
ADM-2026-05221,Ananya Patel,11th Grade,D,22000.0,3857.35,18142.65,1000.0,DEFAULT_AGED
ADM-2026-05222,Krishna Iyer,10th Grade,D,22000.0,12397.36,9602.64,0.0,PENDING_DUE
ADM-2026-05223,Priya Kumar,10th Grade,D,15000.0,4683.13,10316.87,0.0,PENDING_DUE
ADM-2026-05224,Pankaj Bose,9th Grade,C,22000.0,6052.17,15947.83,0.0,PENDING_DUE
ADM-2026-05225,Ishaan Nair,11th Grade,C,12000.0,12000.0,0.0,0.0,COMPLETED
ADM-2026-05226,Neha Mehta,12th Grade,A,22000.0,22000.0,0.0,0.0,COMPLETED
ADM-2026-05227,Reyansh Singh,12th Grade,A,12000.0,12000.0,0.0,0.0,COMPLETED
ADM-2026-05228,Vivaan Malhotra,12th Grade,C,18000.0,12247.18,5752.82,0.0,PENDING_DUE
ADM-2026-05229,Aditya Menon,10th Grade,C,12000.0,12000.0,0.0,0.0,COMPLETED
ADM-2026-05230,Neha Kumar,9th Grade,A,18000.0,2160.34,15839.66,250.0,DEFAULT_AGED
ADM-2026-05231,Vivaan Choudhury,10th Grade,B,18000.0,18000.0,0.0,0.0,COMPLETED
ADM-2026-05232,Karan Malhotra,10th Grade,C,18000.0,18000.0,0.0,0.0,COMPLETED
ADM-2026-05233,Anjali Rao,9th Grade,C,15000.0,15000.0,0.0,0.0,COMPLETED
ADM-2026-05234,Rohan Sen,12th Grade,A,18000.0,8505.07,9494.93,0.0,PENDING_DUE
ADM-2026-05235,Ayaan Sharma,10th Grade,C,15000.0,6982.07,8017.93,0.0,PENDING_DUE
ADM-2026-05236,Sanya Mehta,12th Grade,A,12000.0,6061.0,5939.0,0.0,PENDING_DUE
ADM-2026-05237,Pari Iyer,11th Grade,D,15000.0,5550.99,9449.01,0.0,PENDING_DUE
ADM-2026-05238,Reyansh Das,9th Grade,B,15000.0,15000.0,0.0,0.0,COMPLETED
ADM-2026-05239,Aadhya Choudhury,12th Grade,B,22000.0,22000.0,0.0,0.0,COMPLETED
ADM-2026-05240,Diya Choudhury,11th Grade,D,15000.0,8088.8,6911.2,0.0,PENDING_DUE
ADM-2026-05241,Pari Malhotra,10th Grade,D,15000.0,5041.33,9958.67,0.0,PENDING_DUE
ADM-2026-05242,Riya Nair,9th Grade,B,18000.0,18000.0,0.0,0.0,COMPLETED
ADM-2026-05243,Meera Deshmukh,11th Grade,A,12000.0,12000.0,0.0,0.0,COMPLETED
ADM-2026-05244,Krishna Singh,11th Grade,B,12000.0,1683.36,10316.64,500.0,DEFAULT_AGED
ADM-2026-05245,Arjun Kumar,11th Grade,B,15000.0,15000.0,0.0,0.0,COMPLETED
ADM-2026-05246,Sanya Deshmukh,12th Grade,D,12000.0,12000.0,0.0,0.0,COMPLETED
ADM-2026-05247,Karan Patel,9th Grade,B,15000.0,15000.0,0.0,0.0,COMPLETED
ADM-2026-05248,Karan Menon,9th Grade,C,12000.0,8022.24,3977.76,0.0,PENDING_DUE
ADM-2026-05249,Aarav Pillai,9th Grade,C,18000.0,18000.0,0.0,0.0,COMPLETED
ADM-2026-05250,Aditya Pillai,11th Grade,A,18000.0,18000.0,0.0,0.0,COMPLETED
ADM-2026-05251,Neha Verma,11th Grade,B,12000.0,5928.83,6071.17,0.0,PENDING_DUE
ADM-2026-05252,Ishaan Sharma,12th Grade,D,12000.0,3694.74,8305.26,0.0,PENDING_DUE
ADM-2026-05253,Kavita Kumar,10th Grade,C,18000.0,4366.16,13633.84,0.0,PENDING_DUE
ADM-2026-05254,Ayaan Sharma,10th Grade,C,15000.0,15000.0,0.0,0.0,COMPLETED
ADM-2026-05255,Vivaan Mehta,9th Grade,B,15000.0,6833.99,8166.01,0.0,PENDING_DUE
ADM-2026-05256,Aarav Sharma,11th Grade,B,12000.0,7547.88,4452.12,0.0,PENDING_DUE
ADM-2026-05257,Aadhya Nair,10th Grade,C,18000.0,7275.66,10724.34,0.0,PENDING_DUE
ADM-2026-05258,Vivaan Choudhury,11th Grade,B,22000.0,5152.86,16847.14,250.0,DEFAULT_AGED
ADM-2026-05259,Rahul Gupta,10th Grade,A,15000.0,8699.42,6300.58,0.0,PENDING_DUE
ADM-2026-05260,Vivaan Menon,12th Grade,D,18000.0,61.22,17938.78,1000.0,DEFAULT_AGED
ADM-2026-05261,Ayaan Das,11th Grade,A,22000.0,22000.0,0.0,0.0,COMPLETED
ADM-2026-05262,Meera Menon,11th Grade,C,22000.0,4914.52,17085.48,0.0,PENDING_DUE
ADM-2026-05263,Rahul Menon,9th Grade,D,15000.0,10382.85,4617.15,0.0,PENDING_DUE
ADM-2026-05264,Rohan Gupta,10th Grade,D,15000.0,7576.1,7423.9,0.0,PENDING_DUE
ADM-2026-05265,Rohan Mehta,10th Grade,D,22000.0,15073.15,6926.85,0.0,PENDING_DUE
ADM-2026-05266,Aadhya Mehta,12th Grade,C,12000.0,6782.44,5217.56,0.0,PENDING_DUE
ADM-2026-05267,Meera Bose,11th Grade,A,15000.0,233.44,14766.56,1000.0,DEFAULT_AGED
ADM-2026-05268,Krishna Sharma,12th Grade,A,22000.0,1389.91,20610.09,1000.0,DEFAULT_AGED
ADM-2026-05269,Kavita Choudhury,10th Grade,C,22000.0,11790.39,10209.61,0.0,PENDING_DUE
ADM-2026-05270,Ananya Sharma,11th Grade,A,15000.0,3978.38,11021.62,1000.0,DEFAULT_AGED
ADM-2026-05271,Sanya Deshmukh,10th Grade,B,12000.0,12000.0,0.0,0.0,COMPLETED
ADM-2026-05272,Pari Reddy,10th Grade,C,18000.0,18000.0,0.0,0.0,COMPLETED
ADM-2026-05273,Reyansh Joshi,9th Grade,C,18000.0,18000.0,0.0,0.0,COMPLETED
ADM-2026-05274,Ishaan Singh,9th Grade,D,15000.0,10426.25,4573.75,0.0,PENDING_DUE
ADM-2026-05275,Kavita Iyer,11th Grade,C,12000.0,182.75,11817.25,500.0,DEFAULT_AGED
ADM-2026-05276,Amit Patel,11th Grade,C,18000.0,18000.0,0.0,0.0,COMPLETED
ADM-2026-05277,Vikas Mehta,11th Grade,A,15000.0,15000.0,0.0,0.0,COMPLETED
ADM-2026-05278,Ishaan Sharma,9th Grade,D,18000.0,18000.0,0.0,0.0,COMPLETED
ADM-2026-05279,Karan Menon,12th Grade,B,18000.0,18000.0,0.0,0.0,COMPLETED
ADM-2026-05280,Rahul Malhotra,10th Grade,A,15000.0,3019.47,11980.53,0.0,PENDING_DUE
ADM-2026-05281,Vihaan Nair,12th Grade,C,12000.0,12000.0,0.0,0.0,COMPLETED
ADM-2026-05282,Vivaan Verma,10th Grade,A,15000.0,15000.0,0.0,0.0,COMPLETED
ADM-2026-05283,Krishna Pillai,10th Grade,B,15000.0,1799.95,13200.05,500.0,DEFAULT_AGED
ADM-2026-05284,Sai Gupta,9th Grade,B,18000.0,18000.0,0.0,0.0,COMPLETED
ADM-2026-05285,Pankaj Bose,12th Grade,A,22000.0,13069.95,8930.05,0.0,PENDING_DUE
ADM-2026-05286,Aadhya Verma,11th Grade,A,15000.0,4912.05,10087.95,0.0,PENDING_DUE
ADM-2026-05287,Ayaan Patel,12th Grade,C,18000.0,18000.0,0.0,0.0,COMPLETED
ADM-2026-05288,Karan Das,12th Grade,A,22000.0,10955.86,11044.14,0.0,PENDING_DUE
ADM-2026-05289,Sanya Sharma,9th Grade,A,18000.0,5070.11,12929.89,0.0,PENDING_DUE
ADM-2026-05290,Aadhya Menon,12th Grade,C,18000.0,7123.57,10876.43,0.0,PENDING_DUE
ADM-2026-05291,Diya Verma,10th Grade,A,18000.0,18000.0,0.0,0.0,COMPLETED
ADM-2026-05292,Krishna Kumar,12th Grade,A,18000.0,18000.0,0.0,0.0,COMPLETED
ADM-2026-05293,Ayaan Patel,9th Grade,D,15000.0,10456.0,4544.0,0.0,PENDING_DUE
ADM-2026-05294,Ananya Sharma,10th Grade,C,22000.0,22000.0,0.0,0.0,COMPLETED
ADM-2026-05295,Vihaan Reddy,9th Grade,A,15000.0,3426.82,11573.18,500.0,DEFAULT_AGED
ADM-2026-05296,Riya Patel,9th Grade,C,15000.0,15000.0,0.0,0.0,COMPLETED
ADM-2026-05297,Ananya Deshmukh,11th Grade,A,18000.0,18000.0,0.0,0.0,COMPLETED
ADM-2026-05298,Pooja Deshmukh,12th Grade,A,18000.0,18000.0,0.0,0.0,COMPLETED
ADM-2026-05299,Priya Rao,12th Grade,A,18000.0,5375.56,12624.44,0.0,PENDING_DUE
ADM-2026-05300,Ishaan Kumar,12th Grade,A,12000.0,2519.9,9480.1,500.0,DEFAULT_AGED
ADM-2026-05301,Vikas Sen,12th Grade,D,15000.0,15000.0,0.0,0.0,COMPLETED
ADM-2026-05302,Arjun Deshmukh,10th Grade,D,15000.0,9512.45,5487.55,0.0,PENDING_DUE
ADM-2026-05303,Sanya Rao,12th Grade,C,22000.0,22000.0,0.0,0.0,COMPLETED
ADM-2026-05304,Vikas Pillai,11th Grade,B,22000.0,22000.0,0.0,0.0,COMPLETED
ADM-2026-05305,Meera Joshi,12th Grade,C,18000.0,18000.0,0.0,0.0,COMPLETED
ADM-2026-05306,Diya Malhotra,12th Grade,D,15000.0,15000.0,0.0,0.0,COMPLETED
ADM-2026-05307,Pari Choudhury,10th Grade,D,12000.0,12000.0,0.0,0.0,COMPLETED
ADM-2026-05308,Pooja Joshi,10th Grade,B,15000.0,15000.0,0.0,0.0,COMPLETED
ADM-2026-05309,Ayaan Deshmukh,11th Grade,D,22000.0,7160.8,14839.2,0.0,PENDING_DUE
ADM-2026-05310,Aadhya Bose,10th Grade,B,18000.0,18000.0,0.0,0.0,COMPLETED
ADM-2026-05311,Diya Pillai,9th Grade,A,12000.0,5748.17,6251.83,0.0,PENDING_DUE
ADM-2026-05312,Vikas Mehta,10th Grade,B,15000.0,15000.0,0.0,0.0,COMPLETED
ADM-2026-05313,Ayaan Menon,12th Grade,B,12000.0,5220.95,6779.05,0.0,PENDING_DUE
ADM-2026-05314,Vivaan Sen,11th Grade,C,15000.0,5141.65,9858.35,0.0,PENDING_DUE
ADM-2026-05315,Rohan Menon,12th Grade,B,15000.0,37.91,14962.09,250.0,DEFAULT_AGED
ADM-2026-05316,Riya Verma,10th Grade,C,18000.0,8702.69,9297.31,0.0,PENDING_DUE
ADM-2026-05317,Ishaan Gupta,10th Grade,C,12000.0,12000.0,0.0,0.0,COMPLETED
ADM-2026-05318,Vivaan Choudhury,9th Grade,C,22000.0,22000.0,0.0,0.0,COMPLETED
ADM-2026-05319,Diya Das,9th Grade,D,12000.0,12000.0,0.0,0.0,COMPLETED
ADM-2026-05320,Vikas Reddy,9th Grade,D,18000.0,18000.0,0.0,0.0,COMPLETED
ADM-2026-05321,Ananya Joshi,9th Grade,C,12000.0,3455.01,8544.99,250.0,DEFAULT_AGED
ADM-2026-05322,Vivaan Sharma,12th Grade,B,12000.0,3484.93,8515.07,0.0,PENDING_DUE
ADM-2026-05323,Sai Sen,9th Grade,A,18000.0,7809.5,10190.5,0.0,PENDING_DUE
ADM-2026-05324,Diya Sen,12th Grade,A,12000.0,12000.0,0.0,0.0,COMPLETED
ADM-2026-05325,Meera Bose,11th Grade,B,12000.0,7914.9,4085.1,0.0,PENDING_DUE
ADM-2026-05326,Reyansh Singh,11th Grade,C,12000.0,5437.41,6562.59,0.0,PENDING_DUE
ADM-2026-05327,Neha Verma,12th Grade,C,22000.0,22000.0,0.0,0.0,COMPLETED
ADM-2026-05328,Pari Mehta,9th Grade,C,12000.0,12000.0,0.0,0.0,COMPLETED
ADM-2026-05329,Ayaan Deshmukh,10th Grade,D,15000.0,2718.48,12281.52,1000.0,DEFAULT_AGED
ADM-2026-05330,Kavita Bose,9th Grade,A,15000.0,9020.45,5979.55,0.0,PENDING_DUE
ADM-2026-05331,Riya Joshi,12th Grade,C,22000.0,22000.0,0.0,0.0,COMPLETED
ADM-2026-05332,Ananya Bose,12th Grade,B,15000.0,9750.56,5249.44,0.0,PENDING_DUE
ADM-2026-05333,Pooja Iyer,9th Grade,B,15000.0,5643.21,9356.79,0.0,PENDING_DUE
ADM-2026-05334,Aditya Rao,11th Grade,C,12000.0,727.18,11272.82,500.0,DEFAULT_AGED
ADM-2026-05335,Diya Verma,11th Grade,C,15000.0,15000.0,0.0,0.0,COMPLETED
ADM-2026-05336,Sneha Menon,9th Grade,A,22000.0,10845.49,11154.51,0.0,PENDING_DUE
ADM-2026-05337,Anjali Kumar,10th Grade,A,18000.0,18000.0,0.0,0.0,COMPLETED
ADM-2026-05338,Sneha Gupta,10th Grade,C,18000.0,18000.0,0.0,0.0,COMPLETED
ADM-2026-05339,Karan Choudhury,9th Grade,A,22000.0,22000.0,0.0,0.0,COMPLETED
ADM-2026-05340,Ishaan Malhotra,11th Grade,B,12000.0,12000.0,0.0,0.0,COMPLETED
ADM-2026-05341,Vihaan Kumar,10th Grade,B,18000.0,2491.26,15508.74,500.0,DEFAULT_AGED
ADM-2026-05342,Priya Das,11th Grade,C,18000.0,5439.87,12560.13,0.0,PENDING_DUE
ADM-2026-05343,Neha Nair,11th Grade,A,15000.0,7270.13,7729.87,0.0,PENDING_DUE
ADM-2026-05344,Sai Das,12th Grade,D,15000.0,5013.45,9986.55,0.0,PENDING_DUE
ADM-2026-05345,Priya Sharma,12th Grade,A,12000.0,12000.0,0.0,0.0,COMPLETED
ADM-2026-05346,Pankaj Nair,10th Grade,D,15000.0,15000.0,0.0,0.0,COMPLETED
ADM-2026-05347,Vivaan Pillai,11th Grade,C,12000.0,12000.0,0.0,0.0,COMPLETED
ADM-2026-05348,Rohan Das,9th Grade,A,18000.0,18000.0,0.0,0.0,COMPLETED
ADM-2026-05349,Vikas Rao,11th Grade,D,18000.0,11674.9,6325.1,0.0,PENDING_DUE
ADM-2026-05350,Aditya Joshi,12th Grade,B,15000.0,2517.09,12482.91,1000.0,DEFAULT_AGED
ADM-2026-05351,Pankaj Choudhury,11th Grade,A,18000.0,1359.49,16640.51,1000.0,DEFAULT_AGED
ADM-2026-05352,Ishaan Pillai,9th Grade,C,15000.0,15000.0,0.0,0.0,COMPLETED
ADM-2026-05353,Pooja Kumar,12th Grade,C,15000.0,15000.0,0.0,0.0,COMPLETED
ADM-2026-05354,Ananya Nair,10th Grade,B,18000.0,8623.11,9376.89,0.0,PENDING_DUE
ADM-2026-05355,Amit Pillai,10th Grade,D,22000.0,22000.0,0.0,0.0,COMPLETED
ADM-2026-05356,Vikas Deshmukh,11th Grade,A,18000.0,2859.52,15140.48,250.0,DEFAULT_AGED
ADM-2026-05357,Aarav Reddy,12th Grade,B,15000.0,15000.0,0.0,0.0,COMPLETED
ADM-2026-05358,Ishaan Pillai,9th Grade,B,18000.0,18000.0,0.0,0.0,COMPLETED
ADM-2026-05359,Arjun Nair,9th Grade,A,15000.0,15000.0,0.0,0.0,COMPLETED
ADM-2026-05360,Aditya Pillai,11th Grade,A,22000.0,9062.8,12937.2,0.0,PENDING_DUE
ADM-2026-05361,Sneha Joshi,12th Grade,A,12000.0,12000.0,0.0,0.0,COMPLETED
ADM-2026-05362,Arjun Deshmukh,11th Grade,A,15000.0,15000.0,0.0,0.0,COMPLETED
ADM-2026-05363,Aarav Rao,10th Grade,B,18000.0,18000.0,0.0,0.0,COMPLETED
ADM-2026-05364,Kavita Deshmukh,9th Grade,B,15000.0,10296.57,4703.43,0.0,PENDING_DUE
ADM-2026-05365,Anjali Pillai,9th Grade,A,12000.0,1158.65,10841.35,500.0,DEFAULT_AGED
ADM-2026-05366,Rohan Nair,9th Grade,B,22000.0,22000.0,0.0,0.0,COMPLETED
ADM-2026-05367,Aarav Malhotra,10th Grade,C,18000.0,18000.0,0.0,0.0,COMPLETED
ADM-2026-05368,Aditya Patel,12th Grade,C,22000.0,22000.0,0.0,0.0,COMPLETED
ADM-2026-05369,Kavita Patel,9th Grade,D,15000.0,3583.44,11416.56,0.0,PENDING_DUE
ADM-2026-05370,Pankaj Deshmukh,10th Grade,A,15000.0,15000.0,0.0,0.0,COMPLETED
ADM-2026-05371,Karan Mehta,10th Grade,A,22000.0,9711.84,12288.16,0.0,PENDING_DUE
ADM-2026-05372,Priya Iyer,9th Grade,D,22000.0,11618.35,10381.65,0.0,PENDING_DUE
ADM-2026-05373,Ishaan Iyer,9th Grade,A,12000.0,12000.0,0.0,0.0,COMPLETED
ADM-2026-05374,Vivaan Menon,10th Grade,D,22000.0,6046.81,15953.19,0.0,PENDING_DUE
ADM-2026-05375,Pari Reddy,11th Grade,A,12000.0,12000.0,0.0,0.0,COMPLETED
ADM-2026-05376,Sneha Deshmukh,9th Grade,D,12000.0,12000.0,0.0,0.0,COMPLETED
ADM-2026-05377,Diya Iyer,10th Grade,C,15000.0,15000.0,0.0,0.0,COMPLETED
ADM-2026-05378,Karan Malhotra,12th Grade,D,12000.0,12000.0,0.0,0.0,COMPLETED
ADM-2026-05379,Pankaj Iyer,11th Grade,A,15000.0,15000.0,0.0,0.0,COMPLETED
ADM-2026-05380,Arjun Nair,12th Grade,B,22000.0,1350.7,20649.3,250.0,DEFAULT_AGED
ADM-2026-05381,Diya Verma,12th Grade,D,15000.0,67.55,14932.45,250.0,DEFAULT_AGED
ADM-2026-05382,Sneha Pillai,12th Grade,C,12000.0,7086.55,4913.45,0.0,PENDING_DUE
ADM-2026-05383,Priya Choudhury,11th Grade,B,15000.0,7664.66,7335.34,0.0,PENDING_DUE
ADM-2026-05384,Aarav Iyer,10th Grade,B,15000.0,3197.01,11802.99,0.0,PENDING_DUE
ADM-2026-05385,Karan Sharma,10th Grade,D,22000.0,4344.58,17655.42,500.0,DEFAULT_AGED
ADM-2026-05386,Diya Sharma,10th Grade,B,15000.0,4337.53,10662.47,0.0,PENDING_DUE
ADM-2026-05387,Reyansh Bose,11th Grade,C,22000.0,11492.78,10507.22,0.0,PENDING_DUE
ADM-2026-05388,Rahul Bose,11th Grade,D,18000.0,18000.0,0.0,0.0,COMPLETED
ADM-2026-05389,Riya Das,10th Grade,D,12000.0,12000.0,0.0,0.0,COMPLETED
ADM-2026-05390,Diya Rao,12th Grade,D,18000.0,18000.0,0.0,0.0,COMPLETED
ADM-2026-05391,Ananya Menon,10th Grade,D,22000.0,22000.0,0.0,0.0,COMPLETED
ADM-2026-05392,Anjali Patel,11th Grade,B,18000.0,3805.33,14194.67,250.0,DEFAULT_AGED
ADM-2026-05393,Reyansh Nair,11th Grade,D,22000.0,22000.0,0.0,0.0,COMPLETED
ADM-2026-05394,Kavita Pillai,11th Grade,A,15000.0,15000.0,0.0,0.0,COMPLETED
ADM-2026-05395,Aditya Rao,9th Grade,B,15000.0,5234.26,9765.74,0.0,PENDING_DUE
ADM-2026-05396,Diya Patel,11th Grade,D,22000.0,8401.95,13598.05,0.0,PENDING_DUE
ADM-2026-05397,Vivaan Joshi,10th Grade,D,15000.0,203.18,14796.82,1000.0,DEFAULT_AGED
ADM-2026-05398,Reyansh Patel,11th Grade,A,18000.0,4232.44,13767.56,500.0,DEFAULT_AGED
ADM-2026-05399,Ananya Menon,9th Grade,C,15000.0,15000.0,0.0,0.0,COMPLETED
ADM-2026-05400,Diya Pillai,12th Grade,C,12000.0,4869.3,7130.7,0.0,PENDING_DUE
ADM-2026-05401,Karan Choudhury,9th Grade,C,18000.0,2610.35,15389.65,250.0,DEFAULT_AGED
ADM-2026-05402,Reyansh Patel,11th Grade,D,12000.0,12000.0,0.0,0.0,COMPLETED
ADM-2026-05403,Vihaan Rao,9th Grade,C,12000.0,12000.0,0.0,0.0,COMPLETED
ADM-2026-05404,Vihaan Pillai,11th Grade,B,15000.0,15000.0,0.0,0.0,COMPLETED
ADM-2026-05405,Pankaj Kumar,9th Grade,A,15000.0,5749.3,9250.7,0.0,PENDING_DUE
ADM-2026-05406,Ayaan Singh,11th Grade,A,22000.0,22000.0,0.0,0.0,COMPLETED
ADM-2026-05407,Diya Kumar,11th Grade,A,22000.0,22000.0,0.0,0.0,COMPLETED
ADM-2026-05408,Aarav Deshmukh,9th Grade,B,12000.0,3982.45,8017.55,0.0,PENDING_DUE
ADM-2026-05409,Aarav Das,9th Grade,A,12000.0,1926.68,10073.32,500.0,DEFAULT_AGED
ADM-2026-05410,Krishna Rao,9th Grade,C,18000.0,11855.15,6144.85,0.0,PENDING_DUE
ADM-2026-05411,Sai Mehta,12th Grade,C,12000.0,12000.0,0.0,0.0,COMPLETED
ADM-2026-05412,Aadhya Bose,9th Grade,B,15000.0,5675.39,9324.61,0.0,PENDING_DUE
ADM-2026-05413,Diya Sen,12th Grade,D,22000.0,22000.0,0.0,0.0,COMPLETED
ADM-2026-05414,Pari Menon,12th Grade,D,12000.0,12000.0,0.0,0.0,COMPLETED
ADM-2026-05415,Amit Pillai,10th Grade,C,18000.0,18000.0,0.0,0.0,COMPLETED
ADM-2026-05416,Sneha Bose,12th Grade,D,18000.0,18000.0,0.0,0.0,COMPLETED
ADM-2026-05417,Meera Malhotra,10th Grade,A,18000.0,8897.32,9102.68,0.0,PENDING_DUE
ADM-2026-05418,Sanya Malhotra,10th Grade,C,22000.0,6343.62,15656.38,250.0,DEFAULT_AGED
ADM-2026-05419,Anjali Pillai,12th Grade,B,15000.0,15000.0,0.0,0.0,COMPLETED
ADM-2026-05420,Aadhya Gupta,12th Grade,A,22000.0,22000.0,0.0,0.0,COMPLETED
ADM-2026-05421,Vihaan Choudhury,9th Grade,A,12000.0,2297.14,9702.86,250.0,DEFAULT_AGED
ADM-2026-05422,Pooja Singh,10th Grade,C,12000.0,2550.68,9449.32,0.0,PENDING_DUE
ADM-2026-05423,Aditya Das,11th Grade,B,12000.0,1717.9,10282.1,500.0,DEFAULT_AGED
ADM-2026-05424,Kavita Pillai,12th Grade,C,18000.0,18000.0,0.0,0.0,COMPLETED
ADM-2026-05425,Rahul Sen,10th Grade,A,18000.0,18000.0,0.0,0.0,COMPLETED
ADM-2026-05426,Krishna Deshmukh,10th Grade,C,22000.0,22000.0,0.0,0.0,COMPLETED
ADM-2026-05427,Pooja Choudhury,12th Grade,D,22000.0,2098.64,19901.36,500.0,DEFAULT_AGED
ADM-2026-05428,Sneha Das,11th Grade,D,15000.0,15000.0,0.0,0.0,COMPLETED
ADM-2026-05429,Riya Iyer,10th Grade,D,22000.0,22000.0,0.0,0.0,COMPLETED
ADM-2026-05430,Anjali Verma,9th Grade,B,18000.0,18000.0,0.0,0.0,COMPLETED
ADM-2026-05431,Pari Bose,11th Grade,A,22000.0,22000.0,0.0,0.0,COMPLETED
ADM-2026-05432,Vihaan Verma,10th Grade,A,18000.0,18000.0,0.0,0.0,COMPLETED
ADM-2026-05433,Rohan Kumar,12th Grade,A,18000.0,18000.0,0.0,0.0,COMPLETED
ADM-2026-05434,Vikas Mehta,10th Grade,C,15000.0,4315.57,10684.43,0.0,PENDING_DUE
ADM-2026-05435,Rahul Bose,10th Grade,A,12000.0,7804.55,4195.45,0.0,PENDING_DUE
ADM-2026-05436,Diya Mehta,9th Grade,A,15000.0,15000.0,0.0,0.0,COMPLETED
ADM-2026-05437,Ayaan Kumar,12th Grade,A,12000.0,1169.09,10830.91,250.0,DEFAULT_AGED
ADM-2026-05438,Karan Menon,10th Grade,A,12000.0,12000.0,0.0,0.0,COMPLETED
ADM-2026-05439,Sneha Mehta,12th Grade,B,18000.0,10576.07,7423.93,0.0,PENDING_DUE
ADM-2026-05440,Sanya Kumar,11th Grade,A,18000.0,12547.85,5452.15,0.0,PENDING_DUE
ADM-2026-05441,Karan Singh,11th Grade,D,12000.0,1391.76,10608.24,500.0,DEFAULT_AGED
ADM-2026-05442,Amit Verma,9th Grade,A,15000.0,3893.1,11106.9,500.0,DEFAULT_AGED
ADM-2026-05443,Sneha Choudhury,11th Grade,A,18000.0,18000.0,0.0,0.0,COMPLETED
ADM-2026-05444,Pari Malhotra,9th Grade,A,18000.0,5350.65,12649.35,0.0,PENDING_DUE
ADM-2026-05445,Priya Rao,11th Grade,A,22000.0,9157.47,12842.53,0.0,PENDING_DUE
ADM-2026-05446,Aarav Rao,9th Grade,C,22000.0,7299.73,14700.27,0.0,PENDING_DUE
ADM-2026-05447,Ananya Pillai,11th Grade,B,15000.0,15000.0,0.0,0.0,COMPLETED
ADM-2026-05448,Aarav Patel,11th Grade,C,22000.0,22000.0,0.0,0.0,COMPLETED
ADM-2026-05449,Sneha Pillai,10th Grade,C,18000.0,18000.0,0.0,0.0,COMPLETED
ADM-2026-05450,Rohan Rao,9th Grade,B,15000.0,9967.73,5032.27,0.0,PENDING_DUE
ADM-2026-05451,Aarav Kumar,10th Grade,A,15000.0,15000.0,0.0,0.0,COMPLETED
ADM-2026-05452,Pari Rao,12th Grade,B,15000.0,15000.0,0.0,0.0,COMPLETED
ADM-2026-05453,Sai Reddy,9th Grade,B,22000.0,22000.0,0.0,0.0,COMPLETED
ADM-2026-05454,Vikas Gupta,11th Grade,B,15000.0,8340.14,6659.86,0.0,PENDING_DUE
ADM-2026-05455,Ishaan Pillai,11th Grade,D,18000.0,9596.21,8403.79,0.0,PENDING_DUE
ADM-2026-05456,Neha Malhotra,12th Grade,B,22000.0,6467.61,15532.39,0.0,PENDING_DUE
ADM-2026-05457,Sai Deshmukh,11th Grade,B,15000.0,6746.73,8253.27,0.0,PENDING_DUE
ADM-2026-05458,Aadhya Deshmukh,9th Grade,D,15000.0,15000.0,0.0,0.0,COMPLETED
ADM-2026-05459,Vikas Verma,12th Grade,D,22000.0,22000.0,0.0,0.0,COMPLETED
ADM-2026-05460,Karan Nair,11th Grade,B,18000.0,9932.99,8067.01,0.0,PENDING_DUE
ADM-2026-05461,Aditya Das,11th Grade,C,15000.0,5813.15,9186.85,0.0,PENDING_DUE
ADM-2026-05462,Karan Iyer,11th Grade,C,15000.0,15000.0,0.0,0.0,COMPLETED
ADM-2026-05463,Diya Choudhury,10th Grade,C,15000.0,8183.9,6816.1,0.0,PENDING_DUE
ADM-2026-05464,Vivaan Sen,11th Grade,D,22000.0,7102.11,14897.89,0.0,PENDING_DUE
ADM-2026-05465,Sanya Sen,11th Grade,C,15000.0,5244.92,9755.08,0.0,PENDING_DUE
ADM-2026-05466,Diya Singh,9th Grade,A,15000.0,15000.0,0.0,0.0,COMPLETED
ADM-2026-05467,Riya Choudhury,12th Grade,C,18000.0,4741.85,13258.15,0.0,PENDING_DUE
ADM-2026-05468,Neha Mehta,9th Grade,B,22000.0,22000.0,0.0,0.0,COMPLETED
ADM-2026-05469,Kavita Das,9th Grade,D,15000.0,15000.0,0.0,0.0,COMPLETED
ADM-2026-05470,Arjun Bose,12th Grade,C,22000.0,22000.0,0.0,0.0,COMPLETED
ADM-2026-05471,Sneha Malhotra,11th Grade,B,22000.0,4420.83,17579.17,250.0,DEFAULT_AGED
ADM-2026-05472,Pankaj Singh,10th Grade,A,15000.0,15000.0,0.0,0.0,COMPLETED
ADM-2026-05473,Anjali Menon,12th Grade,A,15000.0,15000.0,0.0,0.0,COMPLETED
ADM-2026-05474,Meera Deshmukh,12th Grade,A,22000.0,22000.0,0.0,0.0,COMPLETED
ADM-2026-05475,Vivaan Reddy,9th Grade,B,15000.0,15000.0,0.0,0.0,COMPLETED
ADM-2026-05476,Diya Kumar,12th Grade,D,18000.0,12421.92,5578.08,0.0,PENDING_DUE
ADM-2026-05477,Vivaan Sharma,10th Grade,C,12000.0,12000.0,0.0,0.0,COMPLETED
ADM-2026-05478,Vivaan Iyer,12th Grade,C,12000.0,1223.21,10776.79,1000.0,DEFAULT_AGED
ADM-2026-05479,Krishna Mehta,9th Grade,A,22000.0,22000.0,0.0,0.0,COMPLETED
ADM-2026-05480,Sneha Menon,10th Grade,B,15000.0,8821.69,6178.31,0.0,PENDING_DUE
ADM-2026-05481,Neha Patel,11th Grade,A,22000.0,15237.81,6762.19,0.0,PENDING_DUE
ADM-2026-05482,Kavita Kumar,12th Grade,B,15000.0,2842.24,12157.76,500.0,DEFAULT_AGED
ADM-2026-05483,Arjun Choudhury,10th Grade,D,12000.0,12000.0,0.0,0.0,COMPLETED
ADM-2026-05484,Sneha Das,12th Grade,D,22000.0,5515.52,16484.48,0.0,PENDING_DUE
ADM-2026-05485,Karan Joshi,12th Grade,B,18000.0,18000.0,0.0,0.0,COMPLETED
ADM-2026-05486,Krishna Kumar,12th Grade,A,22000.0,22000.0,0.0,0.0,COMPLETED
ADM-2026-05487,Ananya Nair,11th Grade,B,12000.0,8369.94,3630.06,0.0,PENDING_DUE
ADM-2026-05488,Reyansh Bose,12th Grade,B,15000.0,3486.14,11513.86,1000.0,DEFAULT_AGED
ADM-2026-05489,Arjun Pillai,9th Grade,C,15000.0,15000.0,0.0,0.0,COMPLETED
ADM-2026-05490,Sanya Deshmukh,12th Grade,C,15000.0,9144.34,5855.66,0.0,PENDING_DUE
ADM-2026-05491,Karan Joshi,12th Grade,D,15000.0,4539.97,10460.03,0.0,PENDING_DUE
ADM-2026-05492,Sneha Nair,9th Grade,D,18000.0,18000.0,0.0,0.0,COMPLETED
ADM-2026-05493,Kavita Choudhury,10th Grade,C,18000.0,18000.0,0.0,0.0,COMPLETED
ADM-2026-05494,Pooja Nair,11th Grade,D,15000.0,15000.0,0.0,0.0,COMPLETED
ADM-2026-05495,Pari Pillai,12th Grade,D,12000.0,12000.0,0.0,0.0,COMPLETED
ADM-2026-05496,Pari Das,11th Grade,A,15000.0,15000.0,0.0,0.0,COMPLETED
ADM-2026-05497,Ishaan Rao,11th Grade,B,15000.0,4776.96,10223.04,0.0,PENDING_DUE
ADM-2026-05498,Priya Singh,9th Grade,C,12000.0,12000.0,0.0,0.0,COMPLETED
ADM-2026-05499,Reyansh Sharma,9th Grade,B,15000.0,15000.0,0.0,0.0,COMPLETED
ADM-2026-05500,Vikas Malhotra,12th Grade,C,22000.0,22000.0,0.0,0.0,COMPLETED
ADM-2026-05501,Anjali Kumar,9th Grade,D,22000.0,22000.0,0.0,0.0,COMPLETED
ADM-2026-05502,Diya Reddy,12th Grade,A,12000.0,12000.0,0.0,0.0,COMPLETED
ADM-2026-05503,Riya Sen,9th Grade,C,12000.0,12000.0,0.0,0.0,COMPLETED
ADM-2026-05504,Diya Sharma,9th Grade,C,15000.0,15000.0,0.0,0.0,COMPLETED
ADM-2026-05505,Aadhya Pillai,10th Grade,C,12000.0,12000.0,0.0,0.0,COMPLETED
ADM-2026-05506,Ishaan Iyer,12th Grade,B,18000.0,3682.23,14317.77,0.0,PENDING_DUE
ADM-2026-05507,Sai Das,10th Grade,C,18000.0,18000.0,0.0,0.0,COMPLETED
ADM-2026-05508,Sanya Iyer,10th Grade,C,12000.0,12000.0,0.0,0.0,COMPLETED
ADM-2026-05509,Karan Rao,10th Grade,C,18000.0,8804.66,9195.34,0.0,PENDING_DUE
ADM-2026-05510,Pooja Bose,12th Grade,A,12000.0,6457.43,5542.57,0.0,PENDING_DUE
ADM-2026-05511,Sneha Sen,10th Grade,D,18000.0,18000.0,0.0,0.0,COMPLETED
ADM-2026-05512,Krishna Gupta,11th Grade,B,18000.0,3232.62,14767.38,250.0,DEFAULT_AGED
ADM-2026-05513,Ayaan Gupta,9th Grade,A,18000.0,18000.0,0.0,0.0,COMPLETED
ADM-2026-05514,Ananya Verma,10th Grade,D,18000.0,12504.05,5495.95,0.0,PENDING_DUE
ADM-2026-05515,Rahul Malhotra,9th Grade,A,12000.0,12000.0,0.0,0.0,COMPLETED
ADM-2026-05516,Aarav Mehta,9th Grade,D,12000.0,931.44,11068.56,1000.0,DEFAULT_AGED
ADM-2026-05517,Sneha Reddy,11th Grade,D,12000.0,12000.0,0.0,0.0,COMPLETED
ADM-2026-05518,Sneha Gupta,12th Grade,B,15000.0,15000.0,0.0,0.0,COMPLETED
ADM-2026-05519,Vihaan Malhotra,10th Grade,B,12000.0,3212.78,8787.22,500.0,DEFAULT_AGED
ADM-2026-05520,Krishna Patel,12th Grade,A,12000.0,3134.61,8865.39,0.0,PENDING_DUE
ADM-2026-05521,Priya Das,12th Grade,C,15000.0,15000.0,0.0,0.0,COMPLETED
ADM-2026-05522,Amit Malhotra,9th Grade,C,22000.0,22000.0,0.0,0.0,COMPLETED
ADM-2026-05523,Arjun Bose,11th Grade,B,22000.0,22000.0,0.0,0.0,COMPLETED
ADM-2026-05524,Ananya Menon,10th Grade,C,15000.0,6809.43,8190.57,0.0,PENDING_DUE
ADM-2026-05525,Vikas Sharma,12th Grade,B,18000.0,7763.76,10236.24,0.0,PENDING_DUE
ADM-2026-05526,Meera Patel,9th Grade,D,22000.0,14275.46,7724.54,0.0,PENDING_DUE
ADM-2026-05527,Rahul Rao,12th Grade,B,22000.0,22000.0,0.0,0.0,COMPLETED
ADM-2026-05528,Ayaan Malhotra,12th Grade,B,18000.0,7321.6,10678.4,0.0,PENDING_DUE
ADM-2026-05529,Meera Sen,10th Grade,D,22000.0,22000.0,0.0,0.0,COMPLETED
ADM-2026-05530,Sai Reddy,11th Grade,D,18000.0,18000.0,0.0,0.0,COMPLETED
ADM-2026-05531,Vihaan Choudhury,10th Grade,C,12000.0,12000.0,0.0,0.0,COMPLETED
ADM-2026-05532,Sneha Iyer,12th Grade,C,15000.0,8083.33,6916.67,0.0,PENDING_DUE
ADM-2026-05533,Rahul Choudhury,9th Grade,B,22000.0,11461.65,10538.35,0.0,PENDING_DUE
ADM-2026-05534,Vivaan Sharma,11th Grade,D,18000.0,10823.65,7176.35,0.0,PENDING_DUE
ADM-2026-05535,Riya Menon,12th Grade,A,12000.0,537.56,11462.44,500.0,DEFAULT_AGED
ADM-2026-05536,Rahul Iyer,11th Grade,D,22000.0,22000.0,0.0,0.0,COMPLETED
ADM-2026-05537,Sai Choudhury,12th Grade,B,22000.0,22000.0,0.0,0.0,COMPLETED
ADM-2026-05538,Pooja Gupta,12th Grade,D,18000.0,3925.45,14074.55,0.0,PENDING_DUE
ADM-2026-05539,Anjali Mehta,11th Grade,B,22000.0,22000.0,0.0,0.0,COMPLETED
ADM-2026-05540,Ananya Das,10th Grade,D,15000.0,10250.77,4749.23,0.0,PENDING_DUE
ADM-2026-05541,Priya Rao,11th Grade,A,12000.0,8168.15,3831.85,0.0,PENDING_DUE
ADM-2026-05542,Reyansh Singh,10th Grade,D,12000.0,12000.0,0.0,0.0,COMPLETED
ADM-2026-05543,Vikas Choudhury,9th Grade,C,15000.0,2714.36,12285.64,250.0,DEFAULT_AGED
ADM-2026-05544,Ishaan Das,10th Grade,C,18000.0,1035.24,16964.76,250.0,DEFAULT_AGED
ADM-2026-05545,Karan Das,9th Grade,A,12000.0,2712.86,9287.14,0.0,PENDING_DUE
ADM-2026-05546,Diya Gupta,10th Grade,B,22000.0,22000.0,0.0,0.0,COMPLETED
ADM-2026-05547,Pooja Nair,12th Grade,C,22000.0,22000.0,0.0,0.0,COMPLETED
ADM-2026-05548,Pari Gupta,12th Grade,B,22000.0,6136.97,15863.03,500.0,DEFAULT_AGED
ADM-2026-05549,Krishna Deshmukh,11th Grade,C,15000.0,8708.1,6291.9,0.0,PENDING_DUE
ADM-2026-05550,Vivaan Bose,9th Grade,B,18000.0,1181.45,16818.55,500.0,DEFAULT_AGED
ADM-2026-05551,Aarav Mehta,10th Grade,A,12000.0,12000.0,0.0,0.0,COMPLETED
ADM-2026-05552,Rahul Joshi,12th Grade,C,18000.0,1899.7,16100.3,250.0,DEFAULT_AGED
ADM-2026-05553,Aarav Rao,11th Grade,D,15000.0,3064.51,11935.49,500.0,DEFAULT_AGED
ADM-2026-05554,Priya Das,10th Grade,A,18000.0,18000.0,0.0,0.0,COMPLETED
ADM-2026-05555,Rahul Verma,10th Grade,A,15000.0,15000.0,0.0,0.0,COMPLETED
ADM-2026-05556,Neha Menon,10th Grade,B,15000.0,15000.0,0.0,0.0,COMPLETED
ADM-2026-05557,Reyansh Joshi,12th Grade,D,22000.0,6440.42,15559.58,0.0,PENDING_DUE
ADM-2026-05558,Sneha Deshmukh,11th Grade,A,15000.0,15000.0,0.0,0.0,COMPLETED
ADM-2026-05559,Meera Patel,9th Grade,C,18000.0,12260.53,5739.47,0.0,PENDING_DUE
ADM-2026-05560,Diya Nair,9th Grade,C,18000.0,18000.0,0.0,0.0,COMPLETED
ADM-2026-05561,Anjali Verma,9th Grade,C,18000.0,3393.24,14606.76,1000.0,DEFAULT_AGED
ADM-2026-05562,Sanya Sharma,12th Grade,A,22000.0,22000.0,0.0,0.0,COMPLETED
ADM-2026-05563,Kavita Nair,9th Grade,A,22000.0,14698.8,7301.2,0.0,PENDING_DUE
ADM-2026-05564,Diya Sen,9th Grade,C,12000.0,851.25,11148.75,250.0,DEFAULT_AGED
ADM-2026-05565,Aditya Reddy,12th Grade,A,12000.0,4994.23,7005.77,0.0,PENDING_DUE
ADM-2026-05566,Rohan Kumar,12th Grade,C,18000.0,6761.96,11238.04,0.0,PENDING_DUE
ADM-2026-05567,Arjun Pillai,10th Grade,D,22000.0,11701.72,10298.28,0.0,PENDING_DUE
ADM-2026-05568,Kavita Gupta,11th Grade,B,12000.0,12000.0,0.0,0.0,COMPLETED
ADM-2026-05569,Ayaan Mehta,12th Grade,C,18000.0,11848.3,6151.7,0.0,PENDING_DUE
ADM-2026-05570,Aadhya Singh,10th Grade,C,22000.0,5811.07,16188.93,0.0,PENDING_DUE
ADM-2026-05571,Diya Mehta,12th Grade,B,18000.0,4138.05,13861.95,250.0,DEFAULT_AGED
ADM-2026-05572,Priya Sharma,12th Grade,B,12000.0,12000.0,0.0,0.0,COMPLETED
ADM-2026-05573,Amit Iyer,9th Grade,B,15000.0,15000.0,0.0,0.0,COMPLETED
ADM-2026-05574,Pankaj Patel,11th Grade,A,12000.0,12000.0,0.0,0.0,COMPLETED
ADM-2026-05575,Diya Pillai,12th Grade,C,22000.0,22000.0,0.0,0.0,COMPLETED
ADM-2026-05576,Riya Kumar,10th Grade,C,18000.0,1234.63,16765.37,500.0,DEFAULT_AGED
ADM-2026-05577,Diya Iyer,11th Grade,A,22000.0,9563.06,12436.94,0.0,PENDING_DUE
ADM-2026-05578,Diya Deshmukh,9th Grade,C,15000.0,9791.6,5208.4,0.0,PENDING_DUE
ADM-2026-05579,Ayaan Malhotra,11th Grade,A,18000.0,18000.0,0.0,0.0,COMPLETED
ADM-2026-05580,Ayaan Das,9th Grade,A,15000.0,15000.0,0.0,0.0,COMPLETED
ADM-2026-05581,Vivaan Sen,9th Grade,A,18000.0,18000.0,0.0,0.0,COMPLETED
ADM-2026-05582,Neha Das,12th Grade,A,22000.0,11755.06,10244.94,0.0,PENDING_DUE
ADM-2026-05583,Diya Das,12th Grade,D,12000.0,7389.16,4610.84,0.0,PENDING_DUE
ADM-2026-05584,Vihaan Reddy,10th Grade,B,15000.0,15000.0,0.0,0.0,COMPLETED
ADM-2026-05585,Neha Joshi,9th Grade,A,18000.0,18000.0,0.0,0.0,COMPLETED
ADM-2026-05586,Diya Iyer,9th Grade,B,18000.0,5741.81,12258.19,0.0,PENDING_DUE
ADM-2026-05587,Pari Bose,9th Grade,A,15000.0,2613.52,12386.48,1000.0,DEFAULT_AGED
ADM-2026-05588,Kavita Nair,12th Grade,D,12000.0,3556.86,8443.14,0.0,PENDING_DUE
ADM-2026-05589,Sanya Joshi,12th Grade,B,12000.0,4746.28,7253.72,0.0,PENDING_DUE
ADM-2026-05590,Diya Sen,12th Grade,C,22000.0,22000.0,0.0,0.0,COMPLETED
ADM-2026-05591,Ananya Bose,12th Grade,D,15000.0,15000.0,0.0,0.0,COMPLETED
ADM-2026-05592,Vivaan Nair,12th Grade,A,15000.0,15000.0,0.0,0.0,COMPLETED
ADM-2026-05593,Ananya Menon,9th Grade,A,15000.0,15000.0,0.0,0.0,COMPLETED
ADM-2026-05594,Ayaan Sharma,11th Grade,D,12000.0,6768.91,5231.09,0.0,PENDING_DUE
ADM-2026-05595,Aditya Deshmukh,12th Grade,C,22000.0,8473.94,13526.06,0.0,PENDING_DUE
ADM-2026-05596,Amit Bose,12th Grade,D,22000.0,22000.0,0.0,0.0,COMPLETED
ADM-2026-05597,Amit Patel,12th Grade,B,15000.0,15000.0,0.0,0.0,COMPLETED
ADM-2026-05598,Amit Das,10th Grade,C,12000.0,1748.49,10251.51,500.0,DEFAULT_AGED
ADM-2026-05599,Pooja Singh,9th Grade,D,22000.0,22000.0,0.0,0.0,COMPLETED
ADM-2026-05600,Kavita Choudhury,12th Grade,A,15000.0,15000.0,0.0,0.0,COMPLETED
ADM-2026-05601,Aadhya Verma,10th Grade,B,12000.0,4040.28,7959.72,0.0,PENDING_DUE
ADM-2026-05602,Kavita Sharma,11th Grade,B,12000.0,12000.0,0.0,0.0,COMPLETED
ADM-2026-05603,Priya Choudhury,11th Grade,C,12000.0,2907.9,9092.1,0.0,PENDING_DUE
ADM-2026-05604,Vihaan Reddy,12th Grade,A,15000.0,9837.8,5162.2,0.0,PENDING_DUE
ADM-2026-05605,Vihaan Singh,10th Grade,A,12000.0,3020.1,8979.9,0.0,PENDING_DUE
ADM-2026-05606,Vivaan Iyer,12th Grade,B,12000.0,12000.0,0.0,0.0,COMPLETED
ADM-2026-05607,Vikas Reddy,10th Grade,A,22000.0,3166.85,18833.15,1000.0,DEFAULT_AGED
ADM-2026-05608,Neha Nair,11th Grade,D,15000.0,15000.0,0.0,0.0,COMPLETED
ADM-2026-05609,Ishaan Rao,9th Grade,A,12000.0,3049.94,8950.06,500.0,DEFAULT_AGED
ADM-2026-05610,Aadhya Sen,12th Grade,C,22000.0,22000.0,0.0,0.0,COMPLETED
ADM-2026-05611,Diya Das,12th Grade,A,12000.0,3953.25,8046.75,0.0,PENDING_DUE
ADM-2026-05612,Aadhya Iyer,11th Grade,A,22000.0,22000.0,0.0,0.0,COMPLETED
ADM-2026-05613,Sneha Patel,10th Grade,B,12000.0,6919.15,5080.85,0.0,PENDING_DUE
ADM-2026-05614,Vivaan Iyer,9th Grade,B,15000.0,5283.66,9716.34,0.0,PENDING_DUE
ADM-2026-05615,Aadhya Rao,11th Grade,A,22000.0,22000.0,0.0,0.0,COMPLETED
ADM-2026-05616,Pooja Iyer,9th Grade,D,15000.0,15000.0,0.0,0.0,COMPLETED
ADM-2026-05617,Sai Deshmukh,11th Grade,B,22000.0,22000.0,0.0,0.0,COMPLETED
ADM-2026-05618,Sneha Choudhury,10th Grade,B,22000.0,22000.0,0.0,0.0,COMPLETED
ADM-2026-05619,Aditya Malhotra,12th Grade,B,15000.0,15000.0,0.0,0.0,COMPLETED
ADM-2026-05620,Ananya Kumar,10th Grade,D,15000.0,15000.0,0.0,0.0,COMPLETED
ADM-2026-05621,Karan Verma,9th Grade,A,22000.0,22000.0,0.0,0.0,COMPLETED
ADM-2026-05622,Pankaj Singh,10th Grade,A,15000.0,15000.0,0.0,0.0,COMPLETED
ADM-2026-05623,Karan Sen,10th Grade,B,18000.0,18000.0,0.0,0.0,COMPLETED
ADM-2026-05624,Kavita Patel,11th Grade,D,15000.0,15000.0,0.0,0.0,COMPLETED
ADM-2026-05625,Reyansh Sen,11th Grade,C,18000.0,18000.0,0.0,0.0,COMPLETED
ADM-2026-05626,Ayaan Joshi,9th Grade,B,12000.0,12000.0,0.0,0.0,COMPLETED
ADM-2026-05627,Pooja Mehta,9th Grade,D,22000.0,22000.0,0.0,0.0,COMPLETED
ADM-2026-05628,Sai Singh,10th Grade,D,22000.0,8408.51,13591.49,0.0,PENDING_DUE
ADM-2026-05629,Ishaan Menon,12th Grade,D,15000.0,15000.0,0.0,0.0,COMPLETED
ADM-2026-05630,Vikas Bose,11th Grade,B,15000.0,6926.51,8073.49,0.0,PENDING_DUE
ADM-2026-05631,Meera Gupta,10th Grade,B,18000.0,18000.0,0.0,0.0,COMPLETED
ADM-2026-05632,Ananya Sen,11th Grade,A,15000.0,15000.0,0.0,0.0,COMPLETED
ADM-2026-05633,Neha Kumar,9th Grade,A,15000.0,7614.88,7385.12,0.0,PENDING_DUE
ADM-2026-05634,Ishaan Singh,9th Grade,B,12000.0,12000.0,0.0,0.0,COMPLETED
ADM-2026-05635,Amit Malhotra,10th Grade,A,12000.0,12000.0,0.0,0.0,COMPLETED
ADM-2026-05636,Amit Choudhury,9th Grade,B,18000.0,18000.0,0.0,0.0,COMPLETED
ADM-2026-05637,Diya Deshmukh,9th Grade,A,15000.0,10361.62,4638.38,0.0,PENDING_DUE
ADM-2026-05638,Rohan Nair,9th Grade,B,18000.0,6865.66,11134.34,0.0,PENDING_DUE
ADM-2026-05639,Krishna Sharma,9th Grade,B,15000.0,15000.0,0.0,0.0,COMPLETED
ADM-2026-05640,Neha Menon,11th Grade,D,22000.0,5361.76,16638.24,0.0,PENDING_DUE
ADM-2026-05641,Riya Gupta,10th Grade,C,22000.0,22000.0,0.0,0.0,COMPLETED
ADM-2026-05642,Aarav Singh,10th Grade,D,18000.0,18000.0,0.0,0.0,COMPLETED
ADM-2026-05643,Pooja Nair,10th Grade,B,22000.0,9585.17,12414.83,0.0,PENDING_DUE
ADM-2026-05644,Vihaan Verma,10th Grade,C,12000.0,638.68,11361.32,1000.0,DEFAULT_AGED
ADM-2026-05645,Ayaan Pillai,11th Grade,C,18000.0,7947.11,10052.89,0.0,PENDING_DUE
ADM-2026-05646,Karan Bose,11th Grade,C,15000.0,15000.0,0.0,0.0,COMPLETED
ADM-2026-05647,Aarav Reddy,12th Grade,A,22000.0,22000.0,0.0,0.0,COMPLETED
ADM-2026-05648,Sneha Patel,10th Grade,D,15000.0,6372.42,8627.58,0.0,PENDING_DUE
ADM-2026-05649,Kavita Nair,11th Grade,D,12000.0,12000.0,0.0,0.0,COMPLETED
ADM-2026-05650,Riya Malhotra,9th Grade,C,15000.0,15000.0,0.0,0.0,COMPLETED
ADM-2026-05651,Neha Pillai,11th Grade,C,12000.0,12000.0,0.0,0.0,COMPLETED
ADM-2026-05652,Sanya Mehta,11th Grade,B,22000.0,14204.65,7795.35,0.0,PENDING_DUE
ADM-2026-05653,Arjun Mehta,11th Grade,C,18000.0,18000.0,0.0,0.0,COMPLETED
ADM-2026-05654,Aadhya Nair,10th Grade,C,15000.0,15000.0,0.0,0.0,COMPLETED
ADM-2026-05655,Pankaj Menon,12th Grade,B,15000.0,15000.0,0.0,0.0,COMPLETED
ADM-2026-05656,Sneha Singh,11th Grade,A,22000.0,22000.0,0.0,0.0,COMPLETED
ADM-2026-05657,Anjali Bose,11th Grade,B,22000.0,22000.0,0.0,0.0,COMPLETED
ADM-2026-05658,Vivaan Mehta,12th Grade,A,15000.0,5998.76,9001.24,0.0,PENDING_DUE
ADM-2026-05659,Aadhya Sen,10th Grade,C,12000.0,424.98,11575.02,500.0,DEFAULT_AGED
ADM-2026-05660,Sai Malhotra,9th Grade,A,12000.0,2928.83,9071.17,0.0,PENDING_DUE
ADM-2026-05661,Aarav Das,12th Grade,A,18000.0,7842.68,10157.32,0.0,PENDING_DUE
ADM-2026-05662,Rahul Sen,11th Grade,A,22000.0,22000.0,0.0,0.0,COMPLETED
ADM-2026-05663,Anjali Kumar,9th Grade,D,12000.0,2638.84,9361.16,250.0,DEFAULT_AGED
ADM-2026-05664,Anjali Patel,10th Grade,B,18000.0,3617.84,14382.16,0.0,PENDING_DUE
ADM-2026-05665,Pooja Mehta,11th Grade,C,15000.0,7247.73,7752.27,0.0,PENDING_DUE
ADM-2026-05666,Karan Verma,9th Grade,D,18000.0,18000.0,0.0,0.0,COMPLETED
ADM-2026-05667,Ananya Bose,10th Grade,B,22000.0,22000.0,0.0,0.0,COMPLETED
ADM-2026-05668,Pari Patel,11th Grade,A,12000.0,12000.0,0.0,0.0,COMPLETED
ADM-2026-05669,Krishna Malhotra,12th Grade,D,22000.0,5858.83,16141.17,250.0,DEFAULT_AGED
ADM-2026-05670,Ishaan Sen,9th Grade,A,22000.0,12016.78,9983.22,0.0,PENDING_DUE
ADM-2026-05671,Riya Joshi,9th Grade,B,15000.0,15000.0,0.0,0.0,COMPLETED
ADM-2026-05672,Arjun Sharma,11th Grade,C,12000.0,5397.72,6602.28,0.0,PENDING_DUE
ADM-2026-05673,Pari Sen,9th Grade,A,22000.0,6599.53,15400.47,1000.0,DEFAULT_AGED
ADM-2026-05674,Priya Choudhury,9th Grade,C,12000.0,2718.3,9281.7,500.0,DEFAULT_AGED
ADM-2026-05675,Pankaj Joshi,10th Grade,C,22000.0,979.94,21020.06,250.0,DEFAULT_AGED
ADM-2026-05676,Karan Bose,10th Grade,D,18000.0,5626.49,12373.51,0.0,PENDING_DUE
ADM-2026-05677,Rohan Menon,11th Grade,A,22000.0,22000.0,0.0,0.0,COMPLETED
ADM-2026-05678,Anjali Bose,10th Grade,A,22000.0,7961.36,14038.64,0.0,PENDING_DUE
ADM-2026-05679,Sanya Das,9th Grade,B,12000.0,12000.0,0.0,0.0,COMPLETED
ADM-2026-05680,Vikas Reddy,9th Grade,A,22000.0,22000.0,0.0,0.0,COMPLETED
ADM-2026-05681,Pari Bose,11th Grade,A,15000.0,3409.43,11590.57,0.0,PENDING_DUE
ADM-2026-05682,Pooja Rao,10th Grade,D,15000.0,8063.71,6936.29,0.0,PENDING_DUE
ADM-2026-05683,Reyansh Kumar,10th Grade,A,15000.0,15000.0,0.0,0.0,COMPLETED
ADM-2026-05684,Ananya Reddy,9th Grade,D,12000.0,12000.0,0.0,0.0,COMPLETED
ADM-2026-05685,Riya Malhotra,9th Grade,D,12000.0,147.12,11852.88,250.0,DEFAULT_AGED
ADM-2026-05686,Diya Sen,9th Grade,C,15000.0,2839.28,12160.72,1000.0,DEFAULT_AGED
ADM-2026-05687,Pari Choudhury,10th Grade,B,15000.0,1226.55,13773.45,500.0,DEFAULT_AGED
ADM-2026-05688,Aarav Rao,11th Grade,A,12000.0,12000.0,0.0,0.0,COMPLETED
ADM-2026-05689,Meera Mehta,12th Grade,D,15000.0,15000.0,0.0,0.0,COMPLETED
ADM-2026-05690,Vikas Iyer,9th Grade,B,18000.0,6191.61,11808.39,0.0,PENDING_DUE
ADM-2026-05691,Sanya Joshi,11th Grade,D,12000.0,12000.0,0.0,0.0,COMPLETED
ADM-2026-05692,Ananya Patel,9th Grade,A,12000.0,12000.0,0.0,0.0,COMPLETED
ADM-2026-05693,Ishaan Bose,9th Grade,A,22000.0,22000.0,0.0,0.0,COMPLETED
ADM-2026-05694,Pooja Iyer,10th Grade,C,22000.0,22000.0,0.0,0.0,COMPLETED
ADM-2026-05695,Arjun Rao,10th Grade,A,12000.0,3414.3,8585.7,500.0,DEFAULT_AGED
ADM-2026-05696,Aadhya Bose,12th Grade,C,18000.0,1388.81,16611.19,1000.0,DEFAULT_AGED
ADM-2026-05697,Priya Gupta,11th Grade,A,18000.0,9246.56,8753.44,0.0,PENDING_DUE
ADM-2026-05698,Aarav Rao,11th Grade,C,18000.0,7.17,17992.83,1000.0,DEFAULT_AGED
ADM-2026-05699,Pari Joshi,9th Grade,D,15000.0,15000.0,0.0,0.0,COMPLETED
ADM-2026-05700,Kavita Verma,11th Grade,D,22000.0,12387.26,9612.74,0.0,PENDING_DUE
ADM-2026-05701,Aadhya Kumar,10th Grade,C,22000.0,22000.0,0.0,0.0,COMPLETED
ADM-2026-05702,Ayaan Nair,11th Grade,A,22000.0,12036.2,9963.8,0.0,PENDING_DUE
ADM-2026-05703,Aarav Choudhury,11th Grade,A,15000.0,15000.0,0.0,0.0,COMPLETED
ADM-2026-05704,Ishaan Malhotra,12th Grade,A,15000.0,3759.83,11240.17,500.0,DEFAULT_AGED
ADM-2026-05705,Aditya Iyer,10th Grade,C,12000.0,2837.31,9162.69,0.0,PENDING_DUE
ADM-2026-05706,Rahul Mehta,11th Grade,A,12000.0,7003.68,4996.32,0.0,PENDING_DUE
ADM-2026-05707,Sneha Singh,11th Grade,A,18000.0,18000.0,0.0,0.0,COMPLETED
ADM-2026-05708,Sanya Nair,11th Grade,C,18000.0,7111.08,10888.92,0.0,PENDING_DUE
ADM-2026-05709,Ayaan Nair,11th Grade,D,18000.0,2721.64,15278.36,1000.0,DEFAULT_AGED
ADM-2026-05710,Priya Rao,12th Grade,C,15000.0,1279.47,13720.53,500.0,DEFAULT_AGED
ADM-2026-05711,Karan Reddy,11th Grade,C,18000.0,18000.0,0.0,0.0,COMPLETED
ADM-2026-05712,Priya Sen,11th Grade,C,15000.0,15000.0,0.0,0.0,COMPLETED
ADM-2026-05713,Karan Nair,12th Grade,B,12000.0,7727.53,4272.47,0.0,PENDING_DUE
ADM-2026-05714,Diya Menon,11th Grade,B,15000.0,6090.53,8909.47,0.0,PENDING_DUE
ADM-2026-05715,Aditya Pillai,11th Grade,C,22000.0,10054.89,11945.11,0.0,PENDING_DUE
ADM-2026-05716,Karan Verma,11th Grade,C,15000.0,6177.85,8822.15,0.0,PENDING_DUE
ADM-2026-05717,Vihaan Sen,9th Grade,A,18000.0,18000.0,0.0,0.0,COMPLETED
ADM-2026-05718,Diya Rao,9th Grade,C,12000.0,7705.43,4294.57,0.0,PENDING_DUE
ADM-2026-05719,Vivaan Patel,12th Grade,C,22000.0,8046.87,13953.13,0.0,PENDING_DUE
ADM-2026-05720,Ishaan Deshmukh,10th Grade,C,22000.0,22000.0,0.0,0.0,COMPLETED
ADM-2026-05721,Rahul Gupta,11th Grade,C,18000.0,18000.0,0.0,0.0,COMPLETED
ADM-2026-05722,Krishna Choudhury,9th Grade,C,15000.0,15000.0,0.0,0.0,COMPLETED
ADM-2026-05723,Krishna Menon,11th Grade,B,18000.0,18000.0,0.0,0.0,COMPLETED
ADM-2026-05724,Ishaan Menon,10th Grade,A,15000.0,15000.0,0.0,0.0,COMPLETED
ADM-2026-05725,Rohan Iyer,11th Grade,B,22000.0,6137.15,15862.85,0.0,PENDING_DUE
ADM-2026-05726,Ayaan Choudhury,11th Grade,B,22000.0,10817.64,11182.36,0.0,PENDING_DUE
ADM-2026-05727,Rahul Deshmukh,11th Grade,C,12000.0,12000.0,0.0,0.0,COMPLETED
ADM-2026-05728,Priya Iyer,9th Grade,B,18000.0,6768.38,11231.62,0.0,PENDING_DUE
ADM-2026-05729,Kavita Gupta,9th Grade,A,15000.0,3467.99,11532.01,0.0,PENDING_DUE
ADM-2026-05730,Amit Verma,11th Grade,D,22000.0,4306.08,17693.92,250.0,DEFAULT_AGED
ADM-2026-05731,Ananya Nair,9th Grade,A,12000.0,7925.74,4074.26,0.0,PENDING_DUE
ADM-2026-05732,Meera Sharma,11th Grade,D,22000.0,22000.0,0.0,0.0,COMPLETED
ADM-2026-05733,Pankaj Joshi,12th Grade,A,12000.0,12000.0,0.0,0.0,COMPLETED
ADM-2026-05734,Neha Mehta,9th Grade,A,18000.0,18000.0,0.0,0.0,COMPLETED
ADM-2026-05735,Kavita Singh,12th Grade,D,12000.0,7411.24,4588.76,0.0,PENDING_DUE
ADM-2026-05736,Diya Rao,10th Grade,B,22000.0,22000.0,0.0,0.0,COMPLETED
ADM-2026-05737,Anjali Choudhury,11th Grade,D,15000.0,15000.0,0.0,0.0,COMPLETED
ADM-2026-05738,Ishaan Das,9th Grade,D,18000.0,18000.0,0.0,0.0,COMPLETED
ADM-2026-05739,Aditya Reddy,10th Grade,B,15000.0,15000.0,0.0,0.0,COMPLETED
ADM-2026-05740,Sanya Rao,12th Grade,C,12000.0,12000.0,0.0,0.0,COMPLETED
ADM-2026-05741,Vihaan Singh,9th Grade,A,18000.0,2937.41,15062.59,250.0,DEFAULT_AGED
ADM-2026-05742,Meera Choudhury,10th Grade,A,15000.0,2994.17,12005.83,250.0,DEFAULT_AGED
ADM-2026-05743,Rohan Sharma,10th Grade,D,18000.0,18000.0,0.0,0.0,COMPLETED
ADM-2026-05744,Priya Menon,12th Grade,A,12000.0,2404.19,9595.81,0.0,PENDING_DUE
ADM-2026-05745,Sneha Pillai,12th Grade,D,18000.0,4079.1,13920.9,250.0,DEFAULT_AGED
ADM-2026-05746,Vihaan Verma,9th Grade,B,12000.0,12000.0,0.0,0.0,COMPLETED
ADM-2026-05747,Diya Pillai,12th Grade,D,22000.0,2851.06,19148.94,1000.0,DEFAULT_AGED
ADM-2026-05748,Aadhya Joshi,12th Grade,B,15000.0,15000.0,0.0,0.0,COMPLETED
ADM-2026-05749,Rahul Sen,11th Grade,A,18000.0,18000.0,0.0,0.0,COMPLETED
ADM-2026-05750,Riya Deshmukh,10th Grade,A,15000.0,10286.93,4713.07,0.0,PENDING_DUE
ADM-2026-05751,Krishna Joshi,11th Grade,C,15000.0,8574.2,6425.8,0.0,PENDING_DUE
ADM-2026-05752,Amit Bose,10th Grade,A,18000.0,18000.0,0.0,0.0,COMPLETED
ADM-2026-05753,Kavita Bose,11th Grade,D,15000.0,8244.98,6755.02,0.0,PENDING_DUE
ADM-2026-05754,Aarav Iyer,9th Grade,B,22000.0,22000.0,0.0,0.0,COMPLETED
ADM-2026-05755,Vivaan Sharma,9th Grade,A,12000.0,12000.0,0.0,0.0,COMPLETED
ADM-2026-05756,Diya Pillai,11th Grade,B,22000.0,8562.8,13437.2,0.0,PENDING_DUE
ADM-2026-05757,Karan Nair,11th Grade,A,22000.0,7340.63,14659.37,0.0,PENDING_DUE
ADM-2026-05758,Vivaan Verma,10th Grade,A,15000.0,15000.0,0.0,0.0,COMPLETED
ADM-2026-05759,Pankaj Sharma,10th Grade,D,12000.0,12000.0,0.0,0.0,COMPLETED
ADM-2026-05760,Sanya Patel,9th Grade,D,12000.0,6585.33,5414.67,0.0,PENDING_DUE
ADM-2026-05761,Meera Reddy,10th Grade,B,12000.0,12000.0,0.0,0.0,COMPLETED
ADM-2026-05762,Sneha Bose,12th Grade,C,15000.0,24.07,14975.93,1000.0,DEFAULT_AGED
ADM-2026-05763,Aarav Sen,10th Grade,D,18000.0,18000.0,0.0,0.0,COMPLETED
ADM-2026-05764,Ananya Deshmukh,11th Grade,A,18000.0,18000.0,0.0,0.0,COMPLETED
ADM-2026-05765,Pooja Das,12th Grade,C,12000.0,12000.0,0.0,0.0,COMPLETED
ADM-2026-05766,Anjali Gupta,11th Grade,C,15000.0,15000.0,0.0,0.0,COMPLETED
ADM-2026-05767,Pari Pillai,10th Grade,C,12000.0,2562.81,9437.19,0.0,PENDING_DUE
ADM-2026-05768,Ishaan Malhotra,11th Grade,B,15000.0,15000.0,0.0,0.0,COMPLETED
ADM-2026-05769,Arjun Das,10th Grade,A,12000.0,7084.58,4915.42,0.0,PENDING_DUE
ADM-2026-05770,Aditya Mehta,12th Grade,A,15000.0,15000.0,0.0,0.0,COMPLETED
ADM-2026-05771,Ishaan Gupta,9th Grade,D,18000.0,18000.0,0.0,0.0,COMPLETED
ADM-2026-05772,Priya Pillai,10th Grade,D,12000.0,7553.93,4446.07,0.0,PENDING_DUE
ADM-2026-05773,Amit Malhotra,12th Grade,D,22000.0,10675.5,11324.5,0.0,PENDING_DUE
ADM-2026-05774,Priya Pillai,12th Grade,C,12000.0,733.19,11266.81,250.0,DEFAULT_AGED
ADM-2026-05775,Anjali Bose,11th Grade,B,22000.0,22000.0,0.0,0.0,COMPLETED
ADM-2026-05776,Riya Joshi,10th Grade,A,22000.0,12759.02,9240.98,0.0,PENDING_DUE
ADM-2026-05777,Arjun Kumar,11th Grade,B,22000.0,22000.0,0.0,0.0,COMPLETED
ADM-2026-05778,Anjali Reddy,11th Grade,C,15000.0,1754.36,13245.64,250.0,DEFAULT_AGED
ADM-2026-05779,Vihaan Malhotra,11th Grade,D,15000.0,15000.0,0.0,0.0,COMPLETED
ADM-2026-05780,Vikas Iyer,11th Grade,A,12000.0,12000.0,0.0,0.0,COMPLETED
ADM-2026-05781,Reyansh Deshmukh,11th Grade,D,15000.0,8607.17,6392.83,0.0,PENDING_DUE
ADM-2026-05782,Kavita Bose,11th Grade,B,12000.0,7311.36,4688.64,0.0,PENDING_DUE
ADM-2026-05783,Rohan Sen,12th Grade,C,18000.0,6610.45,11389.55,0.0,PENDING_DUE
ADM-2026-05784,Diya Patel,11th Grade,D,12000.0,7091.3,4908.7,0.0,PENDING_DUE
ADM-2026-05785,Sanya Verma,11th Grade,D,22000.0,13315.64,8684.36,0.0,PENDING_DUE
ADM-2026-05786,Arjun Verma,12th Grade,C,15000.0,6749.93,8250.07,0.0,PENDING_DUE
ADM-2026-05787,Rohan Das,11th Grade,A,12000.0,12000.0,0.0,0.0,COMPLETED
ADM-2026-05788,Neha Choudhury,12th Grade,C,18000.0,6931.13,11068.87,0.0,PENDING_DUE
ADM-2026-05789,Anjali Singh,11th Grade,A,12000.0,245.3,11754.7,250.0,DEFAULT_AGED
ADM-2026-05790,Priya Deshmukh,10th Grade,A,15000.0,7656.75,7343.25,0.0,PENDING_DUE
ADM-2026-05791,Aditya Bose,11th Grade,B,15000.0,15000.0,0.0,0.0,COMPLETED
ADM-2026-05792,Ayaan Choudhury,10th Grade,B,15000.0,1563.29,13436.71,1000.0,DEFAULT_AGED
ADM-2026-05793,Vikas Pillai,12th Grade,A,18000.0,1605.09,16394.91,1000.0,DEFAULT_AGED
ADM-2026-05794,Pooja Nair,12th Grade,D,15000.0,2800.71,12199.29,250.0,DEFAULT_AGED
ADM-2026-05795,Riya Singh,10th Grade,A,12000.0,12000.0,0.0,0.0,COMPLETED
ADM-2026-05796,Rahul Bose,10th Grade,A,15000.0,15000.0,0.0,0.0,COMPLETED
ADM-2026-05797,Neha Singh,9th Grade,A,12000.0,7762.53,4237.47,0.0,PENDING_DUE
ADM-2026-05798,Rahul Mehta,11th Grade,A,18000.0,18000.0,0.0,0.0,COMPLETED
ADM-2026-05799,Krishna Menon,10th Grade,D,18000.0,7486.92,10513.08,0.0,PENDING_DUE
ADM-2026-05800,Diya Singh,12th Grade,B,18000.0,18000.0,0.0,0.0,COMPLETED
ADM-2026-05801,Anjali Mehta,10th Grade,C,12000.0,3366.16,8633.84,500.0,DEFAULT_AGED
ADM-2026-05802,Aarav Iyer,11th Grade,A,12000.0,12000.0,0.0,0.0,COMPLETED
ADM-2026-05803,Reyansh Joshi,9th Grade,D,18000.0,11504.38,6495.62,0.0,PENDING_DUE
ADM-2026-05804,Pankaj Deshmukh,11th Grade,B,18000.0,18000.0,0.0,0.0,COMPLETED
ADM-2026-05805,Reyansh Sharma,10th Grade,C,12000.0,5505.97,6494.03,0.0,PENDING_DUE
ADM-2026-05806,Rahul Rao,11th Grade,D,22000.0,10908.24,11091.76,0.0,PENDING_DUE
ADM-2026-05807,Vihaan Das,11th Grade,A,22000.0,8574.03,13425.97,0.0,PENDING_DUE
ADM-2026-05808,Pooja Menon,11th Grade,D,22000.0,22000.0,0.0,0.0,COMPLETED
ADM-2026-05809,Reyansh Nair,11th Grade,D,12000.0,3060.36,8939.64,0.0,PENDING_DUE
ADM-2026-05810,Aadhya Kumar,11th Grade,D,12000.0,4452.67,7547.33,0.0,PENDING_DUE
ADM-2026-05811,Sai Kumar,12th Grade,A,15000.0,15000.0,0.0,0.0,COMPLETED
ADM-2026-05812,Ananya Choudhury,9th Grade,B,18000.0,18000.0,0.0,0.0,COMPLETED
ADM-2026-05813,Sanya Nair,10th Grade,D,15000.0,10490.72,4509.28,0.0,PENDING_DUE
ADM-2026-05814,Anjali Das,11th Grade,C,22000.0,2024.6,19975.4,1000.0,DEFAULT_AGED
ADM-2026-05815,Sneha Malhotra,10th Grade,C,12000.0,7273.89,4726.11,0.0,PENDING_DUE
ADM-2026-05816,Krishna Deshmukh,12th Grade,C,22000.0,22000.0,0.0,0.0,COMPLETED
ADM-2026-05817,Rahul Sharma,12th Grade,A,12000.0,12000.0,0.0,0.0,COMPLETED
ADM-2026-05818,Meera Rao,11th Grade,B,18000.0,9010.67,8989.33,0.0,PENDING_DUE
ADM-2026-05819,Sneha Singh,10th Grade,D,22000.0,7322.06,14677.94,0.0,PENDING_DUE
ADM-2026-05820,Vihaan Sharma,12th Grade,A,15000.0,8420.4,6579.6,0.0,PENDING_DUE
ADM-2026-05821,Riya Patel,12th Grade,D,12000.0,12000.0,0.0,0.0,COMPLETED
ADM-2026-05822,Karan Nair,11th Grade,B,15000.0,8310.14,6689.86,0.0,PENDING_DUE
ADM-2026-05823,Ananya Das,10th Grade,A,18000.0,10660.53,7339.47,0.0,PENDING_DUE
ADM-2026-05824,Priya Patel,12th Grade,D,22000.0,6082.67,15917.33,1000.0,DEFAULT_AGED
ADM-2026-05825,Aarav Rao,11th Grade,B,18000.0,9718.01,8281.99,0.0,PENDING_DUE
ADM-2026-05826,Vihaan Reddy,10th Grade,C,15000.0,5216.63,9783.37,0.0,PENDING_DUE
ADM-2026-05827,Arjun Patel,11th Grade,B,18000.0,4439.26,13560.74,500.0,DEFAULT_AGED
ADM-2026-05828,Kavita Bose,12th Grade,D,22000.0,11134.44,10865.56,0.0,PENDING_DUE
ADM-2026-05829,Sai Joshi,12th Grade,A,15000.0,9700.1,5299.9,0.0,PENDING_DUE
ADM-2026-05830,Ananya Sharma,9th Grade,D,22000.0,22000.0,0.0,0.0,COMPLETED
ADM-2026-05831,Vivaan Bose,12th Grade,C,12000.0,84.88,11915.12,500.0,DEFAULT_AGED
ADM-2026-05832,Vivaan Nair,9th Grade,D,15000.0,15000.0,0.0,0.0,COMPLETED
ADM-2026-05833,Vihaan Mehta,12th Grade,D,15000.0,4753.82,10246.18,0.0,PENDING_DUE
ADM-2026-05834,Pooja Gupta,10th Grade,D,18000.0,1405.84,16594.16,500.0,DEFAULT_AGED
ADM-2026-05835,Ayaan Rao,10th Grade,B,22000.0,22000.0,0.0,0.0,COMPLETED
ADM-2026-05836,Vikas Menon,11th Grade,A,12000.0,12000.0,0.0,0.0,COMPLETED
ADM-2026-05837,Pari Rao,10th Grade,C,18000.0,3870.3,14129.7,0.0,PENDING_DUE
ADM-2026-05838,Anjali Kumar,10th Grade,D,12000.0,4456.57,7543.43,0.0,PENDING_DUE
ADM-2026-05839,Pari Sharma,12th Grade,A,12000.0,3003.02,8996.98,250.0,DEFAULT_AGED
ADM-2026-05840,Vikas Choudhury,12th Grade,D,15000.0,15000.0,0.0,0.0,COMPLETED
ADM-2026-05841,Kavita Bose,12th Grade,A,12000.0,12000.0,0.0,0.0,COMPLETED
ADM-2026-05842,Ishaan Menon,11th Grade,B,12000.0,12000.0,0.0,0.0,COMPLETED
ADM-2026-05843,Sneha Iyer,12th Grade,C,12000.0,2607.67,9392.33,0.0,PENDING_DUE
ADM-2026-05844,Vikas Mehta,10th Grade,C,22000.0,11999.04,10000.96,0.0,PENDING_DUE
ADM-2026-05845,Diya Singh,9th Grade,C,12000.0,12000.0,0.0,0.0,COMPLETED
ADM-2026-05846,Riya Patel,11th Grade,A,18000.0,18000.0,0.0,0.0,COMPLETED
ADM-2026-05847,Aditya Rao,12th Grade,C,22000.0,22000.0,0.0,0.0,COMPLETED
ADM-2026-05848,Diya Nair,10th Grade,B,18000.0,7395.28,10604.72,0.0,PENDING_DUE
ADM-2026-05849,Sai Bose,12th Grade,A,12000.0,12000.0,0.0,0.0,COMPLETED
ADM-2026-05850,Vikas Patel,9th Grade,B,15000.0,2430.8,12569.2,500.0,DEFAULT_AGED
ADM-2026-05851,Meera Singh,12th Grade,C,15000.0,2444.1,12555.9,500.0,DEFAULT_AGED
ADM-2026-05852,Sai Menon,11th Grade,C,15000.0,15000.0,0.0,0.0,COMPLETED
ADM-2026-05853,Vihaan Choudhury,9th Grade,A,18000.0,582.79,17417.21,500.0,DEFAULT_AGED
ADM-2026-05854,Diya Rao,10th Grade,D,22000.0,22000.0,0.0,0.0,COMPLETED
ADM-2026-05855,Sai Rao,10th Grade,C,15000.0,15000.0,0.0,0.0,COMPLETED
ADM-2026-05856,Sneha Rao,12th Grade,D,22000.0,13056.97,8943.03,0.0,PENDING_DUE
ADM-2026-05857,Sneha Iyer,10th Grade,A,18000.0,18000.0,0.0,0.0,COMPLETED
ADM-2026-05858,Ananya Kumar,11th Grade,A,15000.0,15000.0,0.0,0.0,COMPLETED
ADM-2026-05859,Aarav Malhotra,12th Grade,B,12000.0,12000.0,0.0,0.0,COMPLETED
ADM-2026-05860,Ishaan Pillai,12th Grade,B,15000.0,15000.0,0.0,0.0,COMPLETED
ADM-2026-05861,Sai Pillai,12th Grade,C,22000.0,8868.71,13131.29,0.0,PENDING_DUE
ADM-2026-05862,Aadhya Rao,12th Grade,C,22000.0,22000.0,0.0,0.0,COMPLETED
ADM-2026-05863,Rohan Gupta,11th Grade,A,15000.0,15000.0,0.0,0.0,COMPLETED
ADM-2026-05864,Vihaan Deshmukh,10th Grade,B,12000.0,4861.81,7138.19,0.0,PENDING_DUE
ADM-2026-05865,Pari Deshmukh,11th Grade,C,12000.0,12000.0,0.0,0.0,COMPLETED
ADM-2026-05866,Vivaan Malhotra,10th Grade,D,12000.0,12000.0,0.0,0.0,COMPLETED
ADM-2026-05867,Ananya Bose,11th Grade,D,22000.0,22000.0,0.0,0.0,COMPLETED
ADM-2026-05868,Meera Sen,9th Grade,A,15000.0,15000.0,0.0,0.0,COMPLETED
ADM-2026-05869,Sai Pillai,10th Grade,B,15000.0,15000.0,0.0,0.0,COMPLETED
ADM-2026-05870,Rahul Iyer,11th Grade,B,22000.0,22000.0,0.0,0.0,COMPLETED
ADM-2026-05871,Vihaan Patel,11th Grade,C,18000.0,18000.0,0.0,0.0,COMPLETED
ADM-2026-05872,Sai Sen,10th Grade,A,15000.0,678.38,14321.62,250.0,DEFAULT_AGED
ADM-2026-05873,Kavita Reddy,10th Grade,D,12000.0,12000.0,0.0,0.0,COMPLETED
ADM-2026-05874,Diya Joshi,12th Grade,C,15000.0,6724.62,8275.38,0.0,PENDING_DUE
ADM-2026-05875,Reyansh Mehta,11th Grade,B,15000.0,15000.0,0.0,0.0,COMPLETED
ADM-2026-05876,Anjali Reddy,11th Grade,A,18000.0,18000.0,0.0,0.0,COMPLETED
ADM-2026-05877,Riya Sen,11th Grade,D,18000.0,18000.0,0.0,0.0,COMPLETED
ADM-2026-05878,Aadhya Joshi,11th Grade,A,22000.0,22000.0,0.0,0.0,COMPLETED
ADM-2026-05879,Vivaan Bose,10th Grade,A,12000.0,12000.0,0.0,0.0,COMPLETED
ADM-2026-05880,Sneha Das,11th Grade,D,15000.0,15000.0,0.0,0.0,COMPLETED
ADM-2026-05881,Vikas Sen,10th Grade,A,22000.0,22000.0,0.0,0.0,COMPLETED
ADM-2026-05882,Meera Sen,11th Grade,B,22000.0,7037.96,14962.04,0.0,PENDING_DUE
ADM-2026-05883,Sai Rao,12th Grade,B,18000.0,18000.0,0.0,0.0,COMPLETED
ADM-2026-05884,Rohan Pillai,11th Grade,A,18000.0,273.35,17726.65,250.0,DEFAULT_AGED
ADM-2026-05885,Arjun Sen,9th Grade,A,18000.0,18000.0,0.0,0.0,COMPLETED
ADM-2026-05886,Neha Deshmukh,10th Grade,D,22000.0,5006.53,16993.47,0.0,PENDING_DUE
ADM-2026-05887,Ishaan Sharma,11th Grade,D,12000.0,12000.0,0.0,0.0,COMPLETED
ADM-2026-05888,Pankaj Deshmukh,10th Grade,C,22000.0,22000.0,0.0,0.0,COMPLETED
ADM-2026-05889,Riya Reddy,11th Grade,B,12000.0,12000.0,0.0,0.0,COMPLETED
ADM-2026-05890,Sai Joshi,10th Grade,D,15000.0,8608.27,6391.73,0.0,PENDING_DUE
ADM-2026-05891,Vivaan Kumar,12th Grade,B,22000.0,22000.0,0.0,0.0,COMPLETED
ADM-2026-05892,Aditya Mehta,9th Grade,C,15000.0,10047.15,4952.85,0.0,PENDING_DUE
ADM-2026-05893,Meera Iyer,9th Grade,B,12000.0,12000.0,0.0,0.0,COMPLETED
ADM-2026-05894,Sai Das,9th Grade,A,15000.0,15000.0,0.0,0.0,COMPLETED
ADM-2026-05895,Neha Sen,12th Grade,B,15000.0,15000.0,0.0,0.0,COMPLETED
ADM-2026-05896,Vihaan Malhotra,11th Grade,A,18000.0,18000.0,0.0,0.0,COMPLETED
ADM-2026-05897,Neha Patel,12th Grade,C,18000.0,18000.0,0.0,0.0,COMPLETED
ADM-2026-05898,Meera Sharma,12th Grade,B,18000.0,18000.0,0.0,0.0,COMPLETED
ADM-2026-05899,Neha Sen,9th Grade,D,22000.0,13038.5,8961.5,0.0,PENDING_DUE
ADM-2026-05900,Aditya Sen,11th Grade,A,15000.0,10023.03,4976.97,0.0,PENDING_DUE
ADM-2026-05901,Aditya Gupta,12th Grade,B,18000.0,4888.23,13111.77,0.0,PENDING_DUE
ADM-2026-05902,Anjali Pillai,12th Grade,B,15000.0,15000.0,0.0,0.0,COMPLETED
ADM-2026-05903,Vihaan Deshmukh,10th Grade,A,12000.0,12000.0,0.0,0.0,COMPLETED
ADM-2026-05904,Sneha Sen,11th Grade,A,15000.0,5355.73,9644.27,0.0,PENDING_DUE
ADM-2026-05905,Pooja Kumar,11th Grade,D,15000.0,3304.27,11695.73,500.0,DEFAULT_AGED
ADM-2026-05906,Sneha Rao,9th Grade,B,15000.0,15000.0,0.0,0.0,COMPLETED
ADM-2026-05907,Sanya Iyer,12th Grade,D,15000.0,15000.0,0.0,0.0,COMPLETED
ADM-2026-05908,Sneha Nair,9th Grade,A,15000.0,5765.97,9234.03,0.0,PENDING_DUE
ADM-2026-05909,Aditya Joshi,9th Grade,B,22000.0,22000.0,0.0,0.0,COMPLETED
ADM-2026-05910,Krishna Singh,11th Grade,A,18000.0,18000.0,0.0,0.0,COMPLETED
ADM-2026-05911,Pankaj Bose,10th Grade,D,22000.0,22000.0,0.0,0.0,COMPLETED
ADM-2026-05912,Aarav Pillai,9th Grade,A,22000.0,22000.0,0.0,0.0,COMPLETED
ADM-2026-05913,Ananya Malhotra,10th Grade,B,22000.0,22000.0,0.0,0.0,COMPLETED
ADM-2026-05914,Diya Sen,10th Grade,C,15000.0,15000.0,0.0,0.0,COMPLETED
ADM-2026-05915,Ayaan Gupta,12th Grade,D,12000.0,12000.0,0.0,0.0,COMPLETED
ADM-2026-05916,Anjali Deshmukh,9th Grade,D,12000.0,12000.0,0.0,0.0,COMPLETED
ADM-2026-05917,Aadhya Deshmukh,11th Grade,A,18000.0,18000.0,0.0,0.0,COMPLETED
ADM-2026-05918,Sanya Choudhury,9th Grade,D,15000.0,15000.0,0.0,0.0,COMPLETED
ADM-2026-05919,Vikas Reddy,11th Grade,A,12000.0,12000.0,0.0,0.0,COMPLETED
ADM-2026-05920,Aadhya Joshi,10th Grade,D,15000.0,15000.0,0.0,0.0,COMPLETED
ADM-2026-05921,Sai Gupta,10th Grade,C,12000.0,2429.5,9570.5,500.0,DEFAULT_AGED
ADM-2026-05922,Anjali Menon,12th Grade,B,12000.0,12000.0,0.0,0.0,COMPLETED
ADM-2026-05923,Ayaan Nair,10th Grade,C,15000.0,7261.49,7738.51,0.0,PENDING_DUE
ADM-2026-05924,Sai Malhotra,10th Grade,B,15000.0,3598.36,11401.64,250.0,DEFAULT_AGED
ADM-2026-05925,Neha Iyer,10th Grade,B,12000.0,12000.0,0.0,0.0,COMPLETED
ADM-2026-05926,Aarav Choudhury,12th Grade,A,15000.0,7447.58,7552.42,0.0,PENDING_DUE
ADM-2026-05927,Aarav Deshmukh,12th Grade,A,18000.0,18000.0,0.0,0.0,COMPLETED
ADM-2026-05928,Rahul Deshmukh,12th Grade,C,18000.0,18000.0,0.0,0.0,COMPLETED
ADM-2026-05929,Riya Choudhury,9th Grade,A,12000.0,705.91,11294.09,1000.0,DEFAULT_AGED
ADM-2026-05930,Neha Sen,11th Grade,A,18000.0,9277.77,8722.23,0.0,PENDING_DUE
ADM-2026-05931,Aarav Mehta,12th Grade,B,18000.0,18000.0,0.0,0.0,COMPLETED
ADM-2026-05932,Meera Mehta,12th Grade,B,18000.0,2354.38,15645.62,500.0,DEFAULT_AGED
ADM-2026-05933,Priya Joshi,11th Grade,B,15000.0,15000.0,0.0,0.0,COMPLETED
ADM-2026-05934,Amit Pillai,12th Grade,B,12000.0,12000.0,0.0,0.0,COMPLETED
ADM-2026-05935,Aadhya Deshmukh,12th Grade,A,18000.0,18000.0,0.0,0.0,COMPLETED
ADM-2026-05936,Ananya Menon,12th Grade,A,15000.0,15000.0,0.0,0.0,COMPLETED
ADM-2026-05937,Meera Sen,10th Grade,C,12000.0,2606.05,9393.95,500.0,DEFAULT_AGED
ADM-2026-05938,Ishaan Das,10th Grade,A,22000.0,2281.9,19718.1,1000.0,DEFAULT_AGED
ADM-2026-05939,Meera Reddy,9th Grade,B,22000.0,22000.0,0.0,0.0,COMPLETED
ADM-2026-05940,Kavita Choudhury,11th Grade,B,22000.0,22000.0,0.0,0.0,COMPLETED
ADM-2026-05941,Karan Patel,11th Grade,C,22000.0,22000.0,0.0,0.0,COMPLETED
ADM-2026-05942,Kavita Deshmukh,9th Grade,D,22000.0,22000.0,0.0,0.0,COMPLETED
ADM-2026-05943,Aadhya Kumar,11th Grade,D,12000.0,6747.61,5252.39,0.0,PENDING_DUE
ADM-2026-05944,Diya Verma,11th Grade,D,18000.0,18000.0,0.0,0.0,COMPLETED
ADM-2026-05945,Sanya Pillai,12th Grade,D,12000.0,12000.0,0.0,0.0,COMPLETED
ADM-2026-05946,Ananya Kumar,9th Grade,D,18000.0,18000.0,0.0,0.0,COMPLETED
ADM-2026-05947,Ayaan Reddy,11th Grade,B,18000.0,18000.0,0.0,0.0,COMPLETED
ADM-2026-05948,Aadhya Singh,9th Grade,B,22000.0,4475.68,17524.32,0.0,PENDING_DUE
ADM-2026-05949,Pari Das,10th Grade,A,12000.0,12000.0,0.0,0.0,COMPLETED
ADM-2026-05950,Sneha Sen,12th Grade,C,18000.0,18000.0,0.0,0.0,COMPLETED
ADM-2026-05951,Priya Malhotra,12th Grade,C,12000.0,353.34,11646.66,250.0,DEFAULT_AGED
ADM-2026-05952,Kavita Deshmukh,11th Grade,B,15000.0,15000.0,0.0,0.0,COMPLETED
ADM-2026-05953,Meera Choudhury,11th Grade,B,15000.0,15000.0,0.0,0.0,COMPLETED
ADM-2026-05954,Amit Deshmukh,10th Grade,C,22000.0,8299.37,13700.63,0.0,PENDING_DUE
ADM-2026-05955,Aarav Iyer,10th Grade,D,12000.0,7719.68,4280.32,0.0,PENDING_DUE
ADM-2026-05956,Ananya Sharma,11th Grade,A,12000.0,2239.5,9760.5,250.0,DEFAULT_AGED
ADM-2026-05957,Sneha Sen,10th Grade,D,18000.0,9238.36,8761.64,0.0,PENDING_DUE
ADM-2026-05958,Vikas Patel,9th Grade,B,22000.0,1707.87,20292.13,1000.0,DEFAULT_AGED
ADM-2026-05959,Sai Nair,12th Grade,A,12000.0,3202.79,8797.21,500.0,DEFAULT_AGED
ADM-2026-05960,Vikas Gupta,10th Grade,B,12000.0,12000.0,0.0,0.0,COMPLETED
ADM-2026-05961,Priya Singh,10th Grade,C,12000.0,12000.0,0.0,0.0,COMPLETED
ADM-2026-05962,Pankaj Choudhury,11th Grade,A,18000.0,18000.0,0.0,0.0,COMPLETED
ADM-2026-05963,Aditya Sharma,12th Grade,A,12000.0,12000.0,0.0,0.0,COMPLETED
ADM-2026-05964,Arjun Rao,9th Grade,B,22000.0,11092.42,10907.58,0.0,PENDING_DUE
ADM-2026-05965,Diya Bose,10th Grade,C,12000.0,5124.99,6875.01,0.0,PENDING_DUE
ADM-2026-05966,Neha Kumar,10th Grade,C,22000.0,11862.45,10137.55,0.0,PENDING_DUE
ADM-2026-05967,Sneha Bose,10th Grade,B,15000.0,15000.0,0.0,0.0,COMPLETED
ADM-2026-05968,Riya Sen,12th Grade,A,12000.0,12000.0,0.0,0.0,COMPLETED
ADM-2026-05969,Ayaan Rao,11th Grade,B,12000.0,12000.0,0.0,0.0,COMPLETED
ADM-2026-05970,Karan Gupta,11th Grade,D,18000.0,18000.0,0.0,0.0,COMPLETED
ADM-2026-05971,Ishaan Menon,12th Grade,B,18000.0,18000.0,0.0,0.0,COMPLETED
ADM-2026-05972,Aarav Menon,9th Grade,D,15000.0,7830.68,7169.32,0.0,PENDING_DUE
ADM-2026-05973,Pooja Pillai,12th Grade,D,18000.0,6072.73,11927.27,0.0,PENDING_DUE
ADM-2026-05974,Amit Sharma,12th Grade,C,18000.0,18000.0,0.0,0.0,COMPLETED
ADM-2026-05975,Neha Deshmukh,12th Grade,D,18000.0,297.85,17702.15,500.0,DEFAULT_AGED
ADM-2026-05976,Reyansh Nair,10th Grade,D,18000.0,18000.0,0.0,0.0,COMPLETED
ADM-2026-05977,Vivaan Rao,9th Grade,B,18000.0,18000.0,0.0,0.0,COMPLETED
ADM-2026-05978,Pankaj Mehta,9th Grade,B,15000.0,15000.0,0.0,0.0,COMPLETED
ADM-2026-05979,Reyansh Reddy,12th Grade,D,15000.0,15000.0,0.0,0.0,COMPLETED
ADM-2026-05980,Ayaan Menon,12th Grade,A,18000.0,18000.0,0.0,0.0,COMPLETED
ADM-2026-05981,Rahul Rao,10th Grade,B,15000.0,15000.0,0.0,0.0,COMPLETED
ADM-2026-05982,Meera Kumar,11th Grade,A,22000.0,4700.87,17299.13,0.0,PENDING_DUE
ADM-2026-05983,Aditya Menon,12th Grade,D,22000.0,13499.82,8500.18,0.0,PENDING_DUE
ADM-2026-05984,Rohan Das,9th Grade,D,18000.0,9716.43,8283.57,0.0,PENDING_DUE
ADM-2026-05985,Rohan Bose,11th Grade,C,15000.0,15000.0,0.0,0.0,COMPLETED
ADM-2026-05986,Ananya Reddy,9th Grade,A,22000.0,22000.0,0.0,0.0,COMPLETED
ADM-2026-05987,Rohan Bose,9th Grade,B,18000.0,6423.29,11576.71,0.0,PENDING_DUE
ADM-2026-05988,Aarav Sen,12th Grade,D,22000.0,11191.55,10808.45,0.0,PENDING_DUE
ADM-2026-05989,Priya Bose,10th Grade,D,18000.0,18000.0,0.0,0.0,COMPLETED
ADM-2026-05990,Neha Mehta,12th Grade,B,18000.0,8796.9,9203.1,0.0,PENDING_DUE
ADM-2026-05991,Amit Kumar,12th Grade,D,15000.0,15000.0,0.0,0.0,COMPLETED
ADM-2026-05992,Amit Gupta,10th Grade,C,22000.0,22000.0,0.0,0.0,COMPLETED
ADM-2026-05993,Karan Kumar,10th Grade,A,22000.0,22000.0,0.0,0.0,COMPLETED
ADM-2026-05994,Aarav Das,11th Grade,C,15000.0,15000.0,0.0,0.0,COMPLETED
ADM-2026-05995,Pari Menon,11th Grade,C,18000.0,11256.3,6743.7,0.0,PENDING_DUE
ADM-2026-05996,Vihaan Rao,10th Grade,D,12000.0,2233.4,9766.6,250.0,DEFAULT_AGED
ADM-2026-05997,Aadhya Patel,11th Grade,A,12000.0,6423.06,5576.94,0.0,PENDING_DUE
ADM-2026-05998,Neha Rao,11th Grade,A,22000.0,22000.0,0.0,0.0,COMPLETED
ADM-2026-05999,Amit Pillai,11th Grade,C,22000.0,12097.82,9902.18,0.0,PENDING_DUE
ADM-2026-06000,Ishaan Bose,9th Grade,C,18000.0,1241.54,16758.46,1000.0,DEFAULT_AGED
ADM-2026-06001,Krishna Verma,11th Grade,D,15000.0,15000.0,0.0,0.0,COMPLETED
ADM-2026-06002,Diya Singh,9th Grade,A,15000.0,4253.89,10746.11,250.0,DEFAULT_AGED
ADM-2026-06003,Riya Sen,12th Grade,B,12000.0,7196.75,4803.25,0.0,PENDING_DUE
ADM-2026-06004,Sanya Nair,11th Grade,B,15000.0,5098.0,9902.0,0.0,PENDING_DUE
ADM-2026-06005,Vivaan Malhotra,9th Grade,D,15000.0,15000.0,0.0,0.0,COMPLETED
ADM-2026-06006,Vivaan Pillai,9th Grade,A,18000.0,18000.0,0.0,0.0,COMPLETED
ADM-2026-06007,Ayaan Sen,9th Grade,B,12000.0,12000.0,0.0,0.0,COMPLETED
ADM-2026-06008,Vikas Sharma,12th Grade,D,22000.0,22000.0,0.0,0.0,COMPLETED
ADM-2026-06009,Karan Kumar,9th Grade,C,18000.0,18000.0,0.0,0.0,COMPLETED
ADM-2026-06010,Pankaj Sen,10th Grade,C,12000.0,1530.35,10469.65,500.0,DEFAULT_AGED
ADM-2026-06011,Rohan Kumar,11th Grade,B,12000.0,6933.6,5066.4,0.0,PENDING_DUE
ADM-2026-06012,Pooja Reddy,11th Grade,D,22000.0,22000.0,0.0,0.0,COMPLETED
ADM-2026-06013,Ishaan Das,12th Grade,C,12000.0,12000.0,0.0,0.0,COMPLETED
ADM-2026-06014,Kavita Verma,10th Grade,A,12000.0,3784.19,8215.81,0.0,PENDING_DUE
ADM-2026-06015,Pari Das,9th Grade,A,18000.0,11117.97,6882.03,0.0,PENDING_DUE
ADM-2026-06016,Meera Deshmukh,11th Grade,C,15000.0,15000.0,0.0,0.0,COMPLETED
ADM-2026-06017,Sneha Pillai,9th Grade,B,22000.0,7061.35,14938.65,0.0,PENDING_DUE
ADM-2026-06018,Aadhya Mehta,12th Grade,C,12000.0,12000.0,0.0,0.0,COMPLETED
ADM-2026-06019,Vikas Kumar,12th Grade,C,18000.0,18000.0,0.0,0.0,COMPLETED
ADM-2026-06020,Arjun Verma,11th Grade,B,22000.0,22000.0,0.0,0.0,COMPLETED
ADM-2026-06021,Ishaan Rao,10th Grade,D,22000.0,5246.82,16753.18,250.0,DEFAULT_AGED
ADM-2026-06022,Karan Das,12th Grade,C,18000.0,18000.0,0.0,0.0,COMPLETED
ADM-2026-06023,Neha Das,11th Grade,A,12000.0,792.14,11207.86,1000.0,DEFAULT_AGED
ADM-2026-06024,Riya Sen,9th Grade,D,22000.0,6392.67,15607.33,0.0,PENDING_DUE
ADM-2026-06025,Diya Sen,9th Grade,B,22000.0,6473.73,15526.27,0.0,PENDING_DUE
ADM-2026-06026,Meera Bose,9th Grade,B,12000.0,12000.0,0.0,0.0,COMPLETED
ADM-2026-06027,Diya Iyer,9th Grade,B,15000.0,15000.0,0.0,0.0,COMPLETED
ADM-2026-06028,Aditya Malhotra,9th Grade,B,18000.0,5191.03,12808.97,0.0,PENDING_DUE
ADM-2026-06029,Diya Reddy,10th Grade,D,22000.0,22000.0,0.0,0.0,COMPLETED
ADM-2026-06030,Diya Bose,12th Grade,B,22000.0,10644.63,11355.37,0.0,PENDING_DUE
ADM-2026-06031,Amit Choudhury,12th Grade,D,12000.0,7115.84,4884.16,0.0,PENDING_DUE
ADM-2026-06032,Karan Mehta,9th Grade,B,12000.0,12000.0,0.0,0.0,COMPLETED
ADM-2026-06033,Pooja Rao,10th Grade,A,12000.0,12000.0,0.0,0.0,COMPLETED
ADM-2026-06034,Aadhya Reddy,10th Grade,C,22000.0,6627.06,15372.94,0.0,PENDING_DUE
ADM-2026-06035,Sanya Patel,10th Grade,D,18000.0,8832.7,9167.3,0.0,PENDING_DUE
ADM-2026-06036,Diya Singh,12th Grade,B,12000.0,1663.14,10336.86,1000.0,DEFAULT_AGED
ADM-2026-06037,Ayaan Bose,11th Grade,A,22000.0,22000.0,0.0,0.0,COMPLETED
ADM-2026-06038,Pari Patel,9th Grade,D,12000.0,3154.09,8845.91,0.0,PENDING_DUE
ADM-2026-06039,Vivaan Iyer,10th Grade,C,18000.0,18000.0,0.0,0.0,COMPLETED
ADM-2026-06040,Meera Reddy,12th Grade,B,22000.0,22000.0,0.0,0.0,COMPLETED
ADM-2026-06041,Sneha Choudhury,9th Grade,C,12000.0,1615.84,10384.16,1000.0,DEFAULT_AGED
ADM-2026-06042,Rahul Gupta,11th Grade,D,22000.0,10061.54,11938.46,0.0,PENDING_DUE
ADM-2026-06043,Diya Mehta,12th Grade,B,15000.0,15000.0,0.0,0.0,COMPLETED
ADM-2026-06044,Ananya Singh,10th Grade,A,12000.0,4299.77,7700.23,0.0,PENDING_DUE
ADM-2026-06045,Neha Menon,10th Grade,C,22000.0,22000.0,0.0,0.0,COMPLETED
ADM-2026-06046,Vivaan Verma,11th Grade,A,22000.0,11929.55,10070.45,0.0,PENDING_DUE
ADM-2026-06047,Rahul Nair,12th Grade,D,15000.0,3664.24,11335.76,0.0,PENDING_DUE
ADM-2026-06048,Amit Kumar,11th Grade,C,15000.0,8285.22,6714.78,0.0,PENDING_DUE
ADM-2026-06049,Sai Sharma,9th Grade,C,15000.0,2628.02,12371.98,1000.0,DEFAULT_AGED
ADM-2026-06050,Ishaan Reddy,10th Grade,A,15000.0,15000.0,0.0,0.0,COMPLETED
ADM-2026-06051,Rahul Pillai,9th Grade,A,22000.0,8089.68,13910.32,0.0,PENDING_DUE
ADM-2026-06052,Priya Sharma,9th Grade,B,22000.0,3173.32,18826.68,250.0,DEFAULT_AGED
ADM-2026-06053,Diya Choudhury,9th Grade,B,18000.0,18000.0,0.0,0.0,COMPLETED
ADM-2026-06054,Aarav Nair,12th Grade,A,15000.0,15000.0,0.0,0.0,COMPLETED
ADM-2026-06055,Arjun Das,12th Grade,B,15000.0,1531.28,13468.72,500.0,DEFAULT_AGED
ADM-2026-06056,Karan Menon,10th Grade,C,22000.0,14958.59,7041.41,0.0,PENDING_DUE
ADM-2026-06057,Aadhya Joshi,12th Grade,C,18000.0,7144.55,10855.45,0.0,PENDING_DUE
ADM-2026-06058,Diya Verma,12th Grade,A,12000.0,2219.94,9780.06,500.0,DEFAULT_AGED
ADM-2026-06059,Sanya Kumar,11th Grade,D,15000.0,15000.0,0.0,0.0,COMPLETED
ADM-2026-06060,Ayaan Pillai,9th Grade,B,12000.0,12000.0,0.0,0.0,COMPLETED
ADM-2026-06061,Reyansh Iyer,10th Grade,C,22000.0,22000.0,0.0,0.0,COMPLETED
ADM-2026-06062,Rohan Menon,9th Grade,B,18000.0,18000.0,0.0,0.0,COMPLETED
ADM-2026-06063,Ananya Bose,11th Grade,D,12000.0,4285.57,7714.43,0.0,PENDING_DUE
ADM-2026-06064,Rahul Singh,12th Grade,B,15000.0,15000.0,0.0,0.0,COMPLETED
ADM-2026-06065,Ishaan Singh,12th Grade,B,18000.0,4936.36,13063.64,1000.0,DEFAULT_AGED
ADM-2026-06066,Krishna Das,10th Grade,C,15000.0,15000.0,0.0,0.0,COMPLETED
ADM-2026-06067,Vivaan Sen,10th Grade,D,15000.0,5681.48,9318.52,0.0,PENDING_DUE
ADM-2026-06068,Pooja Patel,12th Grade,D,15000.0,3821.7,11178.3,1000.0,DEFAULT_AGED
ADM-2026-06069,Vivaan Verma,10th Grade,B,18000.0,8214.64,9785.36,0.0,PENDING_DUE
ADM-2026-06070,Amit Iyer,12th Grade,C,18000.0,7541.52,10458.48,0.0,PENDING_DUE
ADM-2026-06071,Anjali Rao,11th Grade,B,12000.0,4145.01,7854.99,0.0,PENDING_DUE
ADM-2026-06072,Anjali Iyer,9th Grade,B,22000.0,6118.2,15881.8,0.0,PENDING_DUE
ADM-2026-06073,Riya Sen,11th Grade,A,18000.0,18000.0,0.0,0.0,COMPLETED
ADM-2026-06074,Vivaan Nair,9th Grade,B,12000.0,5428.94,6571.06,0.0,PENDING_DUE
ADM-2026-06075,Aarav Patel,9th Grade,A,22000.0,11239.7,10760.3,0.0,PENDING_DUE
ADM-2026-06076,Vikas Singh,9th Grade,A,18000.0,18000.0,0.0,0.0,COMPLETED
ADM-2026-06077,Amit Kumar,9th Grade,B,15000.0,15000.0,0.0,0.0,COMPLETED
ADM-2026-06078,Priya Bose,12th Grade,D,18000.0,18000.0,0.0,0.0,COMPLETED
ADM-2026-06079,Aadhya Singh,10th Grade,A,15000.0,15000.0,0.0,0.0,COMPLETED
ADM-2026-06080,Amit Das,9th Grade,D,18000.0,9172.34,8827.66,0.0,PENDING_DUE
ADM-2026-06081,Sneha Kumar,11th Grade,C,18000.0,4938.57,13061.43,0.0,PENDING_DUE
ADM-2026-06082,Pooja Reddy,10th Grade,D,22000.0,10660.75,11339.25,0.0,PENDING_DUE
ADM-2026-06083,Aadhya Singh,9th Grade,D,18000.0,18000.0,0.0,0.0,COMPLETED
ADM-2026-06084,Aarav Rao,10th Grade,C,18000.0,4622.29,13377.71,250.0,DEFAULT_AGED
ADM-2026-06085,Riya Singh,10th Grade,C,18000.0,18000.0,0.0,0.0,COMPLETED
ADM-2026-06086,Krishna Nair,12th Grade,C,12000.0,7894.96,4105.04,0.0,PENDING_DUE
ADM-2026-06087,Sneha Malhotra,9th Grade,C,15000.0,15000.0,0.0,0.0,COMPLETED
ADM-2026-06088,Aarav Nair,10th Grade,B,15000.0,6049.31,8950.69,0.0,PENDING_DUE
ADM-2026-06089,Karan Pillai,9th Grade,B,12000.0,4289.21,7710.79,0.0,PENDING_DUE
ADM-2026-06090,Aditya Mehta,12th Grade,C,12000.0,2407.61,9592.39,0.0,PENDING_DUE
ADM-2026-06091,Aarav Menon,11th Grade,B,22000.0,13027.71,8972.29,0.0,PENDING_DUE
ADM-2026-06092,Sneha Menon,9th Grade,D,15000.0,15000.0,0.0,0.0,COMPLETED
ADM-2026-06093,Pooja Sharma,12th Grade,D,12000.0,12000.0,0.0,0.0,COMPLETED
ADM-2026-06094,Priya Reddy,9th Grade,D,12000.0,1327.91,10672.09,250.0,DEFAULT_AGED
ADM-2026-06095,Arjun Deshmukh,12th Grade,A,18000.0,10360.87,7639.13,0.0,PENDING_DUE
ADM-2026-06096,Neha Rao,12th Grade,A,18000.0,12330.66,5669.34,0.0,PENDING_DUE
ADM-2026-06097,Sai Singh,12th Grade,B,15000.0,2883.43,12116.57,250.0,DEFAULT_AGED
ADM-2026-06098,Pari Deshmukh,9th Grade,D,22000.0,4668.76,17331.24,0.0,PENDING_DUE
ADM-2026-06099,Vivaan Joshi,9th Grade,B,12000.0,12000.0,0.0,0.0,COMPLETED
ADM-2026-06100,Diya Singh,12th Grade,B,15000.0,15000.0,0.0,0.0,COMPLETED
ADM-2026-06101,Priya Reddy,11th Grade,D,15000.0,15000.0,0.0,0.0,COMPLETED
ADM-2026-06102,Sai Malhotra,10th Grade,B,15000.0,8262.17,6737.83,0.0,PENDING_DUE
ADM-2026-06103,Aarav Iyer,10th Grade,D,22000.0,22000.0,0.0,0.0,COMPLETED
ADM-2026-06104,Aadhya Sharma,11th Grade,A,12000.0,7480.32,4519.68,0.0,PENDING_DUE
ADM-2026-06105,Rohan Das,11th Grade,A,18000.0,7683.3,10316.7,0.0,PENDING_DUE
ADM-2026-06106,Rahul Menon,9th Grade,B,18000.0,5450.82,12549.18,0.0,PENDING_DUE
ADM-2026-06107,Pari Deshmukh,9th Grade,B,12000.0,12000.0,0.0,0.0,COMPLETED
ADM-2026-06108,Pari Malhotra,9th Grade,A,15000.0,15000.0,0.0,0.0,COMPLETED
ADM-2026-06109,Pari Iyer,9th Grade,A,15000.0,4617.55,10382.45,0.0,PENDING_DUE
ADM-2026-06110,Meera Malhotra,11th Grade,C,12000.0,6460.87,5539.13,0.0,PENDING_DUE
ADM-2026-06111,Rohan Pillai,12th Grade,B,18000.0,3286.63,14713.37,1000.0,DEFAULT_AGED
ADM-2026-06112,Vihaan Singh,11th Grade,D,12000.0,2416.52,9583.48,0.0,PENDING_DUE
ADM-2026-06113,Anjali Nair,12th Grade,C,15000.0,2453.5,12546.5,500.0,DEFAULT_AGED
ADM-2026-06114,Anjali Sen,10th Grade,B,18000.0,18000.0,0.0,0.0,COMPLETED
ADM-2026-06115,Krishna Deshmukh,10th Grade,A,22000.0,2299.68,19700.32,500.0,DEFAULT_AGED
ADM-2026-06116,Ananya Reddy,10th Grade,D,12000.0,12000.0,0.0,0.0,COMPLETED
ADM-2026-06117,Kavita Bose,10th Grade,A,12000.0,5416.88,6583.12,0.0,PENDING_DUE
ADM-2026-06118,Krishna Das,11th Grade,B,18000.0,18000.0,0.0,0.0,COMPLETED
ADM-2026-06119,Ishaan Verma,12th Grade,C,12000.0,12000.0,0.0,0.0,COMPLETED
ADM-2026-06120,Rahul Rao,12th Grade,A,12000.0,12000.0,0.0,0.0,COMPLETED
ADM-2026-06121,Ishaan Patel,9th Grade,A,22000.0,10882.93,11117.07,0.0,PENDING_DUE
ADM-2026-06122,Kavita Joshi,11th Grade,D,22000.0,22000.0,0.0,0.0,COMPLETED
ADM-2026-06123,Reyansh Choudhury,11th Grade,D,22000.0,1672.47,20327.53,500.0,DEFAULT_AGED
ADM-2026-06124,Vivaan Malhotra,10th Grade,B,18000.0,3744.88,14255.12,0.0,PENDING_DUE
ADM-2026-06125,Meera Singh,11th Grade,D,22000.0,5658.59,16341.41,0.0,PENDING_DUE
ADM-2026-06126,Pankaj Choudhury,11th Grade,A,22000.0,22000.0,0.0,0.0,COMPLETED
ADM-2026-06127,Arjun Sen,11th Grade,A,12000.0,12000.0,0.0,0.0,COMPLETED
ADM-2026-06128,Ananya Pillai,12th Grade,C,12000.0,2724.59,9275.41,500.0,DEFAULT_AGED
ADM-2026-06129,Ananya Singh,11th Grade,B,18000.0,3852.17,14147.83,0.0,PENDING_DUE
ADM-2026-06130,Kavita Choudhury,11th Grade,D,18000.0,3781.48,14218.52,0.0,PENDING_DUE
ADM-2026-06131,Reyansh Deshmukh,11th Grade,D,15000.0,15000.0,0.0,0.0,COMPLETED
ADM-2026-06132,Rahul Iyer,12th Grade,D,22000.0,22000.0,0.0,0.0,COMPLETED
ADM-2026-06133,Reyansh Verma,9th Grade,A,22000.0,2367.36,19632.64,500.0,DEFAULT_AGED
ADM-2026-06134,Sanya Nair,9th Grade,A,12000.0,12000.0,0.0,0.0,COMPLETED
ADM-2026-06135,Sanya Verma,10th Grade,A,15000.0,3449.11,11550.89,0.0,PENDING_DUE
ADM-2026-06136,Krishna Sharma,9th Grade,D,15000.0,6009.09,8990.91,0.0,PENDING_DUE
ADM-2026-06137,Priya Pillai,10th Grade,C,12000.0,6927.82,5072.18,0.0,PENDING_DUE
ADM-2026-06138,Priya Patel,11th Grade,C,22000.0,14649.86,7350.14,0.0,PENDING_DUE
ADM-2026-06139,Sanya Nair,12th Grade,A,12000.0,12000.0,0.0,0.0,COMPLETED
ADM-2026-06140,Diya Pillai,12th Grade,A,18000.0,18000.0,0.0,0.0,COMPLETED
ADM-2026-06141,Vikas Bose,10th Grade,C,15000.0,5920.05,9079.95,0.0,PENDING_DUE
ADM-2026-06142,Aditya Bose,9th Grade,D,15000.0,15000.0,0.0,0.0,COMPLETED
ADM-2026-06143,Diya Singh,12th Grade,B,15000.0,15000.0,0.0,0.0,COMPLETED
ADM-2026-06144,Aarav Patel,12th Grade,B,12000.0,4647.43,7352.57,0.0,PENDING_DUE
ADM-2026-06145,Pankaj Pillai,9th Grade,A,22000.0,22000.0,0.0,0.0,COMPLETED
ADM-2026-06146,Ayaan Sen,11th Grade,B,22000.0,22000.0,0.0,0.0,COMPLETED
ADM-2026-06147,Neha Choudhury,9th Grade,B,15000.0,7448.56,7551.44,0.0,PENDING_DUE
ADM-2026-06148,Ananya Nair,10th Grade,C,18000.0,7730.33,10269.67,0.0,PENDING_DUE
ADM-2026-06149,Riya Bose,9th Grade,D,12000.0,12000.0,0.0,0.0,COMPLETED
ADM-2026-06150,Ananya Reddy,10th Grade,A,18000.0,5094.81,12905.19,1000.0,DEFAULT_AGED
ADM-2026-06151,Meera Sen,11th Grade,A,22000.0,22000.0,0.0,0.0,COMPLETED
ADM-2026-06152,Pari Sen,9th Grade,A,12000.0,12000.0,0.0,0.0,COMPLETED
ADM-2026-06153,Rohan Singh,10th Grade,B,22000.0,22000.0,0.0,0.0,COMPLETED
ADM-2026-06154,Krishna Deshmukh,9th Grade,D,12000.0,2729.64,9270.36,0.0,PENDING_DUE
ADM-2026-06155,Arjun Menon,9th Grade,C,15000.0,15000.0,0.0,0.0,COMPLETED
ADM-2026-06156,Rohan Iyer,11th Grade,A,18000.0,18000.0,0.0,0.0,COMPLETED
ADM-2026-06157,Arjun Mehta,12th Grade,B,22000.0,22000.0,0.0,0.0,COMPLETED
ADM-2026-06158,Neha Sen,12th Grade,B,12000.0,12000.0,0.0,0.0,COMPLETED
ADM-2026-06159,Diya Joshi,12th Grade,B,18000.0,9605.08,8394.92,0.0,PENDING_DUE
ADM-2026-06160,Priya Iyer,10th Grade,A,15000.0,9051.37,5948.63,0.0,PENDING_DUE
ADM-2026-06161,Aditya Reddy,10th Grade,A,18000.0,8269.71,9730.29,0.0,PENDING_DUE
ADM-2026-06162,Pooja Rao,12th Grade,B,22000.0,7079.74,14920.26,0.0,PENDING_DUE
ADM-2026-06163,Pankaj Kumar,12th Grade,C,18000.0,6684.04,11315.96,0.0,PENDING_DUE
ADM-2026-06164,Sneha Rao,12th Grade,A,22000.0,587.14,21412.86,500.0,DEFAULT_AGED
ADM-2026-06165,Arjun Verma,10th Grade,D,18000.0,18000.0,0.0,0.0,COMPLETED
ADM-2026-06166,Krishna Bose,10th Grade,A,18000.0,8424.89,9575.11,0.0,PENDING_DUE
ADM-2026-06167,Vikas Patel,9th Grade,B,15000.0,15000.0,0.0,0.0,COMPLETED
ADM-2026-06168,Anjali Rao,11th Grade,C,18000.0,18000.0,0.0,0.0,COMPLETED
ADM-2026-06169,Sanya Singh,12th Grade,C,15000.0,15000.0,0.0,0.0,COMPLETED
ADM-2026-06170,Ishaan Gupta,10th Grade,D,15000.0,15000.0,0.0,0.0,COMPLETED
ADM-2026-06171,Ishaan Rao,10th Grade,B,15000.0,15000.0,0.0,0.0,COMPLETED
ADM-2026-06172,Vikas Iyer,11th Grade,C,22000.0,22000.0,0.0,0.0,COMPLETED
ADM-2026-06173,Diya Rao,9th Grade,D,12000.0,12000.0,0.0,0.0,COMPLETED
ADM-2026-06174,Pari Kumar,11th Grade,A,12000.0,1071.61,10928.39,500.0,DEFAULT_AGED
ADM-2026-06175,Ishaan Sen,12th Grade,B,12000.0,1479.93,10520.07,250.0,DEFAULT_AGED
ADM-2026-06176,Priya Reddy,12th Grade,C,12000.0,12000.0,0.0,0.0,COMPLETED
ADM-2026-06177,Vivaan Singh,10th Grade,D,18000.0,18000.0,0.0,0.0,COMPLETED
ADM-2026-06178,Diya Bose,11th Grade,B,22000.0,5104.14,16895.86,1000.0,DEFAULT_AGED
ADM-2026-06179,Rohan Patel,9th Grade,D,22000.0,9077.37,12922.63,0.0,PENDING_DUE
ADM-2026-06180,Rahul Nair,10th Grade,D,22000.0,22000.0,0.0,0.0,COMPLETED
ADM-2026-06181,Ayaan Mehta,10th Grade,D,15000.0,15000.0,0.0,0.0,COMPLETED
ADM-2026-06182,Diya Bose,11th Grade,B,18000.0,1150.36,16849.64,500.0,DEFAULT_AGED
ADM-2026-06183,Aarav Choudhury,10th Grade,B,15000.0,15000.0,0.0,0.0,COMPLETED
ADM-2026-06184,Rahul Bose,12th Grade,D,22000.0,22000.0,0.0,0.0,COMPLETED
ADM-2026-06185,Karan Nair,11th Grade,C,12000.0,12000.0,0.0,0.0,COMPLETED
ADM-2026-06186,Pooja Menon,11th Grade,C,12000.0,919.02,11080.98,250.0,DEFAULT_AGED
ADM-2026-06187,Reyansh Iyer,12th Grade,A,22000.0,22000.0,0.0,0.0,COMPLETED
ADM-2026-06188,Karan Choudhury,9th Grade,D,15000.0,15000.0,0.0,0.0,COMPLETED
ADM-2026-06189,Rahul Iyer,12th Grade,D,12000.0,12000.0,0.0,0.0,COMPLETED
ADM-2026-06190,Rahul Choudhury,12th Grade,A,15000.0,4197.75,10802.25,250.0,DEFAULT_AGED
ADM-2026-06191,Pari Sen,9th Grade,B,12000.0,7038.94,4961.06,0.0,PENDING_DUE
ADM-2026-06192,Krishna Mehta,12th Grade,A,22000.0,6524.55,15475.45,500.0,DEFAULT_AGED
ADM-2026-06193,Diya Menon,9th Grade,C,12000.0,12000.0,0.0,0.0,COMPLETED
ADM-2026-06194,Rahul Nair,11th Grade,B,15000.0,15000.0,0.0,0.0,COMPLETED
ADM-2026-06195,Ayaan Singh,9th Grade,D,12000.0,12000.0,0.0,0.0,COMPLETED
ADM-2026-06196,Vivaan Gupta,9th Grade,B,12000.0,12000.0,0.0,0.0,COMPLETED
ADM-2026-06197,Meera Choudhury,11th Grade,D,18000.0,18000.0,0.0,0.0,COMPLETED
ADM-2026-06198,Kavita Das,9th Grade,A,15000.0,15000.0,0.0,0.0,COMPLETED
ADM-2026-06199,Arjun Sharma,12th Grade,A,22000.0,22000.0,0.0,0.0,COMPLETED
ADM-2026-06200,Arjun Patel,12th Grade,D,22000.0,11593.03,10406.97,0.0,PENDING_DUE
ADM-2026-06201,Sai Sharma,10th Grade,B,18000.0,3800.09,14199.91,250.0,DEFAULT_AGED
ADM-2026-06202,Aadhya Mehta,12th Grade,B,12000.0,501.99,11498.01,500.0,DEFAULT_AGED
ADM-2026-06203,Aadhya Mehta,10th Grade,B,22000.0,10433.78,11566.22,0.0,PENDING_DUE
ADM-2026-06204,Pankaj Sharma,12th Grade,C,18000.0,18000.0,0.0,0.0,COMPLETED
ADM-2026-06205,Arjun Malhotra,11th Grade,A,22000.0,22000.0,0.0,0.0,COMPLETED
ADM-2026-06206,Sai Patel,11th Grade,D,15000.0,15000.0,0.0,0.0,COMPLETED
ADM-2026-06207,Rahul Rao,10th Grade,A,22000.0,5273.97,16726.03,0.0,PENDING_DUE
ADM-2026-06208,Sneha Verma,12th Grade,D,22000.0,22000.0,0.0,0.0,COMPLETED
ADM-2026-06209,Pooja Verma,11th Grade,D,22000.0,22000.0,0.0,0.0,COMPLETED
ADM-2026-06210,Karan Das,10th Grade,A,12000.0,568.89,11431.11,500.0,DEFAULT_AGED
ADM-2026-06211,Karan Gupta,9th Grade,D,15000.0,5251.59,9748.41,0.0,PENDING_DUE
ADM-2026-06212,Riya Menon,10th Grade,C,15000.0,15000.0,0.0,0.0,COMPLETED
ADM-2026-06213,Kavita Rao,9th Grade,C,15000.0,15000.0,0.0,0.0,COMPLETED
ADM-2026-06214,Rahul Malhotra,10th Grade,C,22000.0,22000.0,0.0,0.0,COMPLETED
ADM-2026-06215,Riya Deshmukh,10th Grade,B,15000.0,1256.88,13743.12,1000.0,DEFAULT_AGED
ADM-2026-06216,Amit Pillai,12th Grade,D,22000.0,22000.0,0.0,0.0,COMPLETED
ADM-2026-06217,Reyansh Singh,10th Grade,D,22000.0,22000.0,0.0,0.0,COMPLETED
ADM-2026-06218,Vivaan Singh,12th Grade,B,22000.0,22000.0,0.0,0.0,COMPLETED
ADM-2026-06219,Vikas Joshi,12th Grade,C,22000.0,15032.33,6967.67,0.0,PENDING_DUE
ADM-2026-06220,Arjun Sen,12th Grade,D,12000.0,12000.0,0.0,0.0,COMPLETED
ADM-2026-06221,Arjun Rao,10th Grade,A,15000.0,15000.0,0.0,0.0,COMPLETED
ADM-2026-06222,Ishaan Pillai,12th Grade,A,15000.0,15000.0,0.0,0.0,COMPLETED
ADM-2026-06223,Ishaan Pillai,9th Grade,D,15000.0,15000.0,0.0,0.0,COMPLETED
ADM-2026-06224,Diya Bose,12th Grade,C,15000.0,15000.0,0.0,0.0,COMPLETED
ADM-2026-06225,Krishna Kumar,10th Grade,A,15000.0,15000.0,0.0,0.0,COMPLETED
ADM-2026-06226,Pari Rao,11th Grade,A,15000.0,15000.0,0.0,0.0,COMPLETED
ADM-2026-06227,Sanya Verma,11th Grade,D,15000.0,15000.0,0.0,0.0,COMPLETED
ADM-2026-06228,Rahul Bose,12th Grade,B,22000.0,22000.0,0.0,0.0,COMPLETED
ADM-2026-06229,Vivaan Choudhury,12th Grade,A,15000.0,15000.0,0.0,0.0,COMPLETED
ADM-2026-06230,Sai Malhotra,12th Grade,A,15000.0,426.35,14573.65,500.0,DEFAULT_AGED
ADM-2026-06231,Reyansh Deshmukh,9th Grade,C,12000.0,4750.35,7249.65,0.0,PENDING_DUE
ADM-2026-06232,Sneha Choudhury,9th Grade,D,22000.0,230.5,21769.5,500.0,DEFAULT_AGED
ADM-2026-06233,Vikas Choudhury,12th Grade,D,22000.0,22000.0,0.0,0.0,COMPLETED
ADM-2026-06234,Diya Singh,12th Grade,A,15000.0,15000.0,0.0,0.0,COMPLETED
ADM-2026-06235,Arjun Mehta,12th Grade,D,12000.0,135.91,11864.09,1000.0,DEFAULT_AGED
ADM-2026-06236,Rohan Deshmukh,10th Grade,C,22000.0,7759.74,14240.26,0.0,PENDING_DUE
ADM-2026-06237,Sai Verma,10th Grade,A,18000.0,18000.0,0.0,0.0,COMPLETED
ADM-2026-06238,Pari Nair,11th Grade,D,15000.0,15000.0,0.0,0.0,COMPLETED
ADM-2026-06239,Pankaj Singh,12th Grade,B,18000.0,2318.56,15681.44,250.0,DEFAULT_AGED
ADM-2026-06240,Krishna Bose,12th Grade,B,15000.0,4181.43,10818.57,1000.0,DEFAULT_AGED
ADM-2026-06241,Riya Joshi,11th Grade,A,15000.0,4791.45,10208.55,0.0,PENDING_DUE
ADM-2026-06242,Rohan Nair,10th Grade,D,15000.0,15000.0,0.0,0.0,COMPLETED
ADM-2026-06243,Diya Deshmukh,11th Grade,B,18000.0,683.06,17316.94,250.0,DEFAULT_AGED
ADM-2026-06244,Vivaan Bose,12th Grade,C,18000.0,18000.0,0.0,0.0,COMPLETED
ADM-2026-06245,Pankaj Patel,11th Grade,C,15000.0,15000.0,0.0,0.0,COMPLETED
ADM-2026-06246,Kavita Das,12th Grade,B,18000.0,18000.0,0.0,0.0,COMPLETED
ADM-2026-06247,Sanya Nair,9th Grade,C,18000.0,18000.0,0.0,0.0,COMPLETED
ADM-2026-06248,Vivaan Malhotra,9th Grade,C,18000.0,18000.0,0.0,0.0,COMPLETED
ADM-2026-06249,Ishaan Verma,9th Grade,C,22000.0,22000.0,0.0,0.0,COMPLETED
ADM-2026-06250,Ananya Joshi,12th Grade,D,22000.0,22000.0,0.0,0.0,COMPLETED
ADM-2026-06251,Aarav Joshi,11th Grade,A,15000.0,4380.84,10619.16,0.0,PENDING_DUE
ADM-2026-06252,Riya Bose,9th Grade,D,22000.0,22000.0,0.0,0.0,COMPLETED
ADM-2026-06253,Priya Kumar,10th Grade,B,22000.0,22000.0,0.0,0.0,COMPLETED
ADM-2026-06254,Pooja Choudhury,12th Grade,D,22000.0,5472.99,16527.01,0.0,PENDING_DUE
ADM-2026-06255,Karan Verma,10th Grade,B,12000.0,2614.12,9385.88,1000.0,DEFAULT_AGED
ADM-2026-06256,Vivaan Patel,9th Grade,B,12000.0,12000.0,0.0,0.0,COMPLETED
ADM-2026-06257,Aadhya Deshmukh,10th Grade,A,12000.0,2884.14,9115.86,500.0,DEFAULT_AGED
ADM-2026-06258,Riya Iyer,9th Grade,D,12000.0,12000.0,0.0,0.0,COMPLETED
ADM-2026-06259,Neha Nair,11th Grade,B,22000.0,528.81,21471.19,1000.0,DEFAULT_AGED
ADM-2026-06260,Pari Nair,9th Grade,B,22000.0,22000.0,0.0,0.0,COMPLETED
ADM-2026-06261,Aarav Rao,9th Grade,D,22000.0,22000.0,0.0,0.0,COMPLETED
ADM-2026-06262,Pari Deshmukh,9th Grade,C,12000.0,12000.0,0.0,0.0,COMPLETED
ADM-2026-06263,Krishna Sharma,9th Grade,B,12000.0,12000.0,0.0,0.0,COMPLETED
ADM-2026-06264,Krishna Deshmukh,10th Grade,D,15000.0,15000.0,0.0,0.0,COMPLETED
ADM-2026-06265,Neha Reddy,12th Grade,B,15000.0,3683.65,11316.35,0.0,PENDING_DUE
ADM-2026-06266,Amit Joshi,10th Grade,A,22000.0,22000.0,0.0,0.0,COMPLETED
ADM-2026-06267,Aditya Malhotra,10th Grade,D,18000.0,9790.86,8209.14,0.0,PENDING_DUE
ADM-2026-06268,Vivaan Verma,10th Grade,A,22000.0,5599.55,16400.45,0.0,PENDING_DUE
ADM-2026-06269,Amit Deshmukh,10th Grade,D,22000.0,5245.11,16754.89,500.0,DEFAULT_AGED
ADM-2026-06270,Priya Gupta,12th Grade,B,12000.0,2988.35,9011.65,0.0,PENDING_DUE
ADM-2026-06271,Anjali Iyer,12th Grade,A,12000.0,887.54,11112.46,250.0,DEFAULT_AGED
ADM-2026-06272,Ananya Das,9th Grade,C,15000.0,15000.0,0.0,0.0,COMPLETED
ADM-2026-06273,Arjun Sharma,10th Grade,D,18000.0,18000.0,0.0,0.0,COMPLETED
ADM-2026-06274,Ananya Mehta,9th Grade,A,22000.0,6799.87,15200.13,0.0,PENDING_DUE
ADM-2026-06275,Pari Sen,10th Grade,D,15000.0,7746.24,7253.76,0.0,PENDING_DUE
ADM-2026-06276,Aditya Rao,11th Grade,A,22000.0,1889.8,20110.2,1000.0,DEFAULT_AGED
ADM-2026-06277,Ishaan Gupta,12th Grade,C,18000.0,4860.05,13139.95,0.0,PENDING_DUE
ADM-2026-06278,Reyansh Kumar,12th Grade,A,12000.0,8297.14,3702.86,0.0,PENDING_DUE
ADM-2026-06279,Pari Kumar,10th Grade,C,22000.0,15160.01,6839.99,0.0,PENDING_DUE
ADM-2026-06280,Ishaan Kumar,10th Grade,C,15000.0,9599.79,5400.21,0.0,PENDING_DUE
ADM-2026-06281,Vihaan Gupta,11th Grade,D,18000.0,2552.07,15447.93,250.0,DEFAULT_AGED
ADM-2026-06282,Krishna Deshmukh,11th Grade,D,12000.0,5915.89,6084.11,0.0,PENDING_DUE
ADM-2026-06283,Pankaj Gupta,12th Grade,D,18000.0,5360.02,12639.98,0.0,PENDING_DUE
ADM-2026-06284,Pankaj Choudhury,9th Grade,D,18000.0,18000.0,0.0,0.0,COMPLETED
ADM-2026-06285,Pari Patel,9th Grade,A,18000.0,18000.0,0.0,0.0,COMPLETED
ADM-2026-06286,Pari Mehta,11th Grade,C,18000.0,18000.0,0.0,0.0,COMPLETED
ADM-2026-06287,Meera Patel,12th Grade,D,22000.0,5047.02,16952.98,0.0,PENDING_DUE
ADM-2026-06288,Diya Sen,11th Grade,D,22000.0,22000.0,0.0,0.0,COMPLETED
ADM-2026-06289,Neha Choudhury,10th Grade,B,22000.0,9219.07,12780.93,0.0,PENDING_DUE
ADM-2026-06290,Pooja Singh,12th Grade,A,15000.0,134.33,14865.67,250.0,DEFAULT_AGED
ADM-2026-06291,Neha Pillai,11th Grade,C,22000.0,22000.0,0.0,0.0,COMPLETED
ADM-2026-06292,Kavita Verma,12th Grade,D,18000.0,18000.0,0.0,0.0,COMPLETED
ADM-2026-06293,Karan Kumar,9th Grade,D,15000.0,15000.0,0.0,0.0,COMPLETED
ADM-2026-06294,Reyansh Patel,11th Grade,D,12000.0,12000.0,0.0,0.0,COMPLETED
ADM-2026-06295,Sanya Malhotra,9th Grade,C,22000.0,11025.07,10974.93,0.0,PENDING_DUE
ADM-2026-06296,Kavita Singh,10th Grade,A,15000.0,15000.0,0.0,0.0,COMPLETED
ADM-2026-06297,Vivaan Verma,10th Grade,B,22000.0,22000.0,0.0,0.0,COMPLETED
ADM-2026-06298,Ishaan Gupta,10th Grade,B,22000.0,3601.95,18398.05,250.0,DEFAULT_AGED
ADM-2026-06299,Meera Choudhury,9th Grade,C,22000.0,22000.0,0.0,0.0,COMPLETED
ADM-2026-06300,Anjali Menon,9th Grade,A,18000.0,18000.0,0.0,0.0,COMPLETED
ADM-2026-06301,Ananya Gupta,9th Grade,C,18000.0,18000.0,0.0,0.0,COMPLETED
ADM-2026-06302,Ayaan Gupta,9th Grade,D,22000.0,5543.84,16456.16,250.0,DEFAULT_AGED
ADM-2026-06303,Ananya Iyer,10th Grade,B,15000.0,15000.0,0.0,0.0,COMPLETED
ADM-2026-06304,Pankaj Gupta,10th Grade,C,18000.0,18000.0,0.0,0.0,COMPLETED
ADM-2026-06305,Aditya Sharma,11th Grade,D,12000.0,12000.0,0.0,0.0,COMPLETED
ADM-2026-06306,Pankaj Sharma,10th Grade,A,18000.0,5009.73,12990.27,0.0,PENDING_DUE
ADM-2026-06307,Krishna Verma,12th Grade,C,15000.0,15000.0,0.0,0.0,COMPLETED
ADM-2026-06308,Pankaj Kumar,10th Grade,C,12000.0,12000.0,0.0,0.0,COMPLETED
ADM-2026-06309,Kavita Das,11th Grade,D,18000.0,11371.72,6628.28,0.0,PENDING_DUE
ADM-2026-06310,Aadhya Choudhury,9th Grade,C,12000.0,3032.39,8967.61,250.0,DEFAULT_AGED
ADM-2026-06311,Neha Sen,10th Grade,C,18000.0,1977.5,16022.5,250.0,DEFAULT_AGED
ADM-2026-06312,Reyansh Gupta,10th Grade,C,12000.0,12000.0,0.0,0.0,COMPLETED
ADM-2026-06313,Sai Choudhury,10th Grade,D,12000.0,963.92,11036.08,500.0,DEFAULT_AGED
ADM-2026-06314,Ananya Choudhury,9th Grade,A,18000.0,18000.0,0.0,0.0,COMPLETED
ADM-2026-06315,Vivaan Sen,10th Grade,C,12000.0,12000.0,0.0,0.0,COMPLETED
ADM-2026-06316,Reyansh Mehta,12th Grade,A,18000.0,3695.5,14304.5,0.0,PENDING_DUE
ADM-2026-06317,Aditya Iyer,11th Grade,A,22000.0,22000.0,0.0,0.0,COMPLETED
ADM-2026-06318,Sneha Nair,12th Grade,C,15000.0,15000.0,0.0,0.0,COMPLETED
ADM-2026-06319,Sneha Reddy,9th Grade,D,12000.0,6949.87,5050.13,0.0,PENDING_DUE
ADM-2026-06320,Ishaan Pillai,11th Grade,A,15000.0,15000.0,0.0,0.0,COMPLETED
ADM-2026-06321,Krishna Joshi,9th Grade,C,18000.0,4986.52,13013.48,0.0,PENDING_DUE
ADM-2026-06322,Vikas Pillai,11th Grade,C,12000.0,2881.7,9118.3,500.0,DEFAULT_AGED
ADM-2026-06323,Diya Mehta,11th Grade,B,22000.0,12842.66,9157.34,0.0,PENDING_DUE
ADM-2026-06324,Vivaan Nair,9th Grade,B,12000.0,12000.0,0.0,0.0,COMPLETED
ADM-2026-06325,Karan Iyer,12th Grade,A,22000.0,2970.03,19029.97,1000.0,DEFAULT_AGED
ADM-2026-06326,Diya Gupta,12th Grade,A,18000.0,18000.0,0.0,0.0,COMPLETED
ADM-2026-06327,Vihaan Choudhury,11th Grade,B,12000.0,12000.0,0.0,0.0,COMPLETED
ADM-2026-06328,Pankaj Mehta,12th Grade,A,15000.0,15000.0,0.0,0.0,COMPLETED
ADM-2026-06329,Vikas Iyer,10th Grade,A,15000.0,7202.95,7797.05,0.0,PENDING_DUE
ADM-2026-06330,Aarav Joshi,9th Grade,C,18000.0,10209.12,7790.88,0.0,PENDING_DUE
ADM-2026-06331,Kavita Joshi,11th Grade,A,15000.0,15000.0,0.0,0.0,COMPLETED
ADM-2026-06332,Arjun Pillai,10th Grade,C,22000.0,5820.77,16179.23,0.0,PENDING_DUE
ADM-2026-06333,Sai Das,12th Grade,C,18000.0,7768.98,10231.02,0.0,PENDING_DUE
ADM-2026-06334,Diya Gupta,10th Grade,D,22000.0,22000.0,0.0,0.0,COMPLETED
ADM-2026-06335,Pari Reddy,9th Grade,B,18000.0,3239.19,14760.81,250.0,DEFAULT_AGED
ADM-2026-06336,Ananya Pillai,10th Grade,C,15000.0,1317.79,13682.21,500.0,DEFAULT_AGED
ADM-2026-06337,Aditya Deshmukh,9th Grade,C,18000.0,9859.07,8140.93,0.0,PENDING_DUE
ADM-2026-06338,Vivaan Nair,10th Grade,C,15000.0,15000.0,0.0,0.0,COMPLETED
ADM-2026-06339,Riya Choudhury,10th Grade,A,22000.0,12814.55,9185.45,0.0,PENDING_DUE
ADM-2026-06340,Ayaan Reddy,12th Grade,A,18000.0,18000.0,0.0,0.0,COMPLETED
ADM-2026-06341,Ishaan Joshi,11th Grade,C,18000.0,4466.96,13533.04,250.0,DEFAULT_AGED
ADM-2026-06342,Reyansh Das,11th Grade,A,18000.0,6671.41,11328.59,0.0,PENDING_DUE
ADM-2026-06343,Pari Reddy,9th Grade,A,22000.0,22000.0,0.0,0.0,COMPLETED
ADM-2026-06344,Pankaj Singh,9th Grade,B,18000.0,1143.85,16856.15,1000.0,DEFAULT_AGED
ADM-2026-06345,Diya Sharma,11th Grade,D,12000.0,12000.0,0.0,0.0,COMPLETED
ADM-2026-06346,Pankaj Malhotra,10th Grade,C,12000.0,12000.0,0.0,0.0,COMPLETED
ADM-2026-06347,Amit Das,9th Grade,A,15000.0,10284.14,4715.86,0.0,PENDING_DUE
ADM-2026-06348,Sneha Das,11th Grade,C,22000.0,5659.92,16340.08,1000.0,DEFAULT_AGED
ADM-2026-06349,Ayaan Sen,10th Grade,A,22000.0,22000.0,0.0,0.0,COMPLETED
ADM-2026-06350,Vihaan Joshi,11th Grade,B,15000.0,15000.0,0.0,0.0,COMPLETED
ADM-2026-06351,Meera Kumar,10th Grade,D,12000.0,6990.7,5009.3,0.0,PENDING_DUE
ADM-2026-06352,Pankaj Choudhury,12th Grade,C,12000.0,2597.56,9402.44,250.0,DEFAULT_AGED
ADM-2026-06353,Rohan Iyer,12th Grade,B,22000.0,4976.18,17023.82,0.0,PENDING_DUE
ADM-2026-06354,Ayaan Rao,10th Grade,D,18000.0,18000.0,0.0,0.0,COMPLETED
ADM-2026-06355,Pankaj Iyer,11th Grade,C,18000.0,7749.0,10251.0,0.0,PENDING_DUE
ADM-2026-06356,Reyansh Patel,12th Grade,B,18000.0,18000.0,0.0,0.0,COMPLETED
ADM-2026-06357,Sneha Kumar,10th Grade,B,12000.0,3963.11,8036.89,0.0,PENDING_DUE
ADM-2026-06358,Aarav Nair,9th Grade,D,15000.0,15000.0,0.0,0.0,COMPLETED
ADM-2026-06359,Kavita Choudhury,11th Grade,B,18000.0,4242.39,13757.61,0.0,PENDING_DUE
ADM-2026-06360,Vikas Sharma,10th Grade,C,15000.0,15000.0,0.0,0.0,COMPLETED
ADM-2026-06361,Priya Kumar,9th Grade,B,12000.0,12000.0,0.0,0.0,COMPLETED
ADM-2026-06362,Ananya Choudhury,9th Grade,B,18000.0,18000.0,0.0,0.0,COMPLETED
ADM-2026-06363,Aadhya Malhotra,10th Grade,D,18000.0,18000.0,0.0,0.0,COMPLETED
ADM-2026-06364,Riya Sen,11th Grade,B,22000.0,22000.0,0.0,0.0,COMPLETED
ADM-2026-06365,Rahul Deshmukh,9th Grade,D,12000.0,12000.0,0.0,0.0,COMPLETED
ADM-2026-06366,Riya Verma,9th Grade,D,15000.0,5076.33,9923.67,0.0,PENDING_DUE
ADM-2026-06367,Priya Reddy,11th Grade,C,15000.0,3365.33,11634.67,0.0,PENDING_DUE
ADM-2026-06368,Vikas Singh,9th Grade,B,22000.0,1743.19,20256.81,500.0,DEFAULT_AGED
ADM-2026-06369,Anjali Das,11th Grade,D,18000.0,10927.93,7072.07,0.0,PENDING_DUE
ADM-2026-06370,Neha Gupta,10th Grade,C,12000.0,12000.0,0.0,0.0,COMPLETED
ADM-2026-06371,Kavita Deshmukh,9th Grade,A,12000.0,12000.0,0.0,0.0,COMPLETED
ADM-2026-06372,Krishna Nair,10th Grade,C,18000.0,3198.76,14801.24,1000.0,DEFAULT_AGED
ADM-2026-06373,Aarav Menon,12th Grade,C,12000.0,12000.0,0.0,0.0,COMPLETED
ADM-2026-06374,Reyansh Verma,9th Grade,C,15000.0,3687.63,11312.37,0.0,PENDING_DUE
ADM-2026-06375,Amit Mehta,12th Grade,D,18000.0,9786.19,8213.81,0.0,PENDING_DUE
ADM-2026-06376,Sai Bose,9th Grade,C,22000.0,15243.83,6756.17,0.0,PENDING_DUE
ADM-2026-06377,Vivaan Rao,9th Grade,A,15000.0,15000.0,0.0,0.0,COMPLETED
ADM-2026-06378,Neha Iyer,11th Grade,A,22000.0,8255.74,13744.26,0.0,PENDING_DUE
ADM-2026-06379,Vivaan Gupta,12th Grade,B,12000.0,12000.0,0.0,0.0,COMPLETED
ADM-2026-06380,Vivaan Kumar,12th Grade,D,22000.0,22000.0,0.0,0.0,COMPLETED
ADM-2026-06381,Arjun Singh,11th Grade,C,22000.0,22000.0,0.0,0.0,COMPLETED
ADM-2026-06382,Ishaan Singh,10th Grade,D,12000.0,12000.0,0.0,0.0,COMPLETED
ADM-2026-06383,Aditya Rao,10th Grade,C,18000.0,18000.0,0.0,0.0,COMPLETED
ADM-2026-06384,Rahul Reddy,9th Grade,B,18000.0,11075.27,6924.73,0.0,PENDING_DUE
ADM-2026-06385,Pooja Choudhury,11th Grade,C,22000.0,8514.61,13485.39,0.0,PENDING_DUE
ADM-2026-06386,Vikas Verma,10th Grade,D,12000.0,12000.0,0.0,0.0,COMPLETED
ADM-2026-06387,Amit Verma,12th Grade,A,22000.0,22000.0,0.0,0.0,COMPLETED
ADM-2026-06388,Vikas Choudhury,9th Grade,B,18000.0,18000.0,0.0,0.0,COMPLETED
ADM-2026-06389,Ananya Iyer,12th Grade,A,12000.0,12000.0,0.0,0.0,COMPLETED
ADM-2026-06390,Riya Menon,11th Grade,B,22000.0,22000.0,0.0,0.0,COMPLETED
ADM-2026-06391,Sneha Rao,10th Grade,D,22000.0,8658.02,13341.98,0.0,PENDING_DUE
ADM-2026-06392,Krishna Gupta,10th Grade,A,18000.0,18000.0,0.0,0.0,COMPLETED
ADM-2026-06393,Priya Pillai,10th Grade,A,22000.0,22000.0,0.0,0.0,COMPLETED
ADM-2026-06394,Priya Sharma,12th Grade,B,22000.0,10315.86,11684.14,0.0,PENDING_DUE
ADM-2026-06395,Priya Bose,9th Grade,B,15000.0,15000.0,0.0,0.0,COMPLETED
ADM-2026-06396,Sai Reddy,10th Grade,D,18000.0,18000.0,0.0,0.0,COMPLETED
ADM-2026-06397,Aarav Deshmukh,12th Grade,A,22000.0,22000.0,0.0,0.0,COMPLETED
ADM-2026-06398,Ayaan Menon,11th Grade,A,15000.0,9043.18,5956.82,0.0,PENDING_DUE
ADM-2026-06399,Vihaan Sen,11th Grade,A,22000.0,22000.0,0.0,0.0,COMPLETED
ADM-2026-06400,Aditya Verma,9th Grade,B,22000.0,22000.0,0.0,0.0,COMPLETED
ADM-2026-06401,Diya Pillai,12th Grade,D,22000.0,22000.0,0.0,0.0,COMPLETED
ADM-2026-06402,Neha Gupta,12th Grade,B,18000.0,18000.0,0.0,0.0,COMPLETED
ADM-2026-06403,Riya Pillai,9th Grade,D,12000.0,12000.0,0.0,0.0,COMPLETED
ADM-2026-06404,Vivaan Singh,10th Grade,A,18000.0,3834.77,14165.23,0.0,PENDING_DUE
ADM-2026-06405,Ananya Menon,11th Grade,D,15000.0,625.67,14374.33,1000.0,DEFAULT_AGED
ADM-2026-06406,Karan Rao,11th Grade,D,12000.0,12000.0,0.0,0.0,COMPLETED
ADM-2026-06407,Aditya Kumar,11th Grade,A,15000.0,15000.0,0.0,0.0,COMPLETED
ADM-2026-06408,Vikas Reddy,10th Grade,A,15000.0,8005.13,6994.87,0.0,PENDING_DUE
ADM-2026-06409,Sanya Bose,11th Grade,A,15000.0,9589.21,5410.79,0.0,PENDING_DUE
ADM-2026-06410,Diya Patel,12th Grade,B,22000.0,22000.0,0.0,0.0,COMPLETED
ADM-2026-06411,Sanya Deshmukh,9th Grade,B,12000.0,6861.31,5138.69,0.0,PENDING_DUE
ADM-2026-06412,Sai Gupta,12th Grade,A,18000.0,2242.39,15757.61,500.0,DEFAULT_AGED
ADM-2026-06413,Vikas Rao,11th Grade,D,22000.0,22000.0,0.0,0.0,COMPLETED
ADM-2026-06414,Sneha Verma,10th Grade,C,18000.0,18000.0,0.0,0.0,COMPLETED
ADM-2026-06415,Ishaan Joshi,12th Grade,B,18000.0,11864.63,6135.37,0.0,PENDING_DUE
ADM-2026-06416,Diya Menon,9th Grade,C,18000.0,11711.26,6288.74,0.0,PENDING_DUE
ADM-2026-06417,Rahul Sharma,10th Grade,D,12000.0,12000.0,0.0,0.0,COMPLETED
ADM-2026-06418,Sanya Gupta,9th Grade,D,15000.0,15000.0,0.0,0.0,COMPLETED
ADM-2026-06419,Vihaan Deshmukh,12th Grade,D,15000.0,2363.32,12636.68,250.0,DEFAULT_AGED
ADM-2026-06420,Vikas Pillai,9th Grade,D,12000.0,1525.94,10474.06,500.0,DEFAULT_AGED
ADM-2026-06421,Pooja Rao,10th Grade,C,18000.0,18000.0,0.0,0.0,COMPLETED
ADM-2026-06422,Meera Das,11th Grade,D,18000.0,8013.44,9986.56,0.0,PENDING_DUE
ADM-2026-06423,Neha Iyer,11th Grade,D,15000.0,2213.48,12786.52,1000.0,DEFAULT_AGED
ADM-2026-06424,Priya Deshmukh,12th Grade,D,18000.0,9318.22,8681.78,0.0,PENDING_DUE
ADM-2026-06425,Aditya Iyer,10th Grade,C,15000.0,7321.8,7678.2,0.0,PENDING_DUE
ADM-2026-06426,Diya Joshi,12th Grade,D,12000.0,12000.0,0.0,0.0,COMPLETED
ADM-2026-06427,Neha Pillai,10th Grade,A,18000.0,1280.87,16719.13,500.0,DEFAULT_AGED
ADM-2026-06428,Diya Das,12th Grade,B,12000.0,12000.0,0.0,0.0,COMPLETED
ADM-2026-06429,Krishna Mehta,12th Grade,B,18000.0,8204.16,9795.84,0.0,PENDING_DUE
ADM-2026-06430,Riya Reddy,10th Grade,C,15000.0,4180.54,10819.46,0.0,PENDING_DUE
ADM-2026-06431,Rohan Verma,12th Grade,C,12000.0,12000.0,0.0,0.0,COMPLETED
ADM-2026-06432,Krishna Das,9th Grade,A,15000.0,2497.47,12502.53,500.0,DEFAULT_AGED
ADM-2026-06433,Arjun Iyer,10th Grade,B,15000.0,15000.0,0.0,0.0,COMPLETED
ADM-2026-06434,Ananya Pillai,11th Grade,B,18000.0,18000.0,0.0,0.0,COMPLETED
ADM-2026-06435,Karan Nair,12th Grade,A,18000.0,18000.0,0.0,0.0,COMPLETED
ADM-2026-06436,Vikas Verma,10th Grade,B,15000.0,15000.0,0.0,0.0,COMPLETED
ADM-2026-06437,Rohan Choudhury,11th Grade,C,12000.0,5025.65,6974.35,0.0,PENDING_DUE
ADM-2026-06438,Meera Gupta,12th Grade,D,18000.0,4562.76,13437.24,0.0,PENDING_DUE
ADM-2026-06439,Rahul Das,11th Grade,D,15000.0,15000.0,0.0,0.0,COMPLETED
ADM-2026-06440,Priya Deshmukh,12th Grade,C,12000.0,6619.39,5380.61,0.0,PENDING_DUE
ADM-2026-06441,Karan Choudhury,11th Grade,D,15000.0,15000.0,0.0,0.0,COMPLETED
ADM-2026-06442,Diya Rao,11th Grade,C,22000.0,12893.23,9106.77,0.0,PENDING_DUE
ADM-2026-06443,Arjun Sen,11th Grade,C,22000.0,22000.0,0.0,0.0,COMPLETED
ADM-2026-06444,Kavita Menon,12th Grade,B,15000.0,15000.0,0.0,0.0,COMPLETED
ADM-2026-06445,Krishna Das,11th Grade,C,18000.0,18000.0,0.0,0.0,COMPLETED
ADM-2026-06446,Krishna Nair,9th Grade,A,12000.0,12000.0,0.0,0.0,COMPLETED
ADM-2026-06447,Rahul Joshi,9th Grade,A,15000.0,6827.59,8172.41,0.0,PENDING_DUE
ADM-2026-06448,Diya Patel,10th Grade,A,18000.0,9101.37,8898.63,0.0,PENDING_DUE
ADM-2026-06449,Riya Joshi,10th Grade,A,12000.0,12000.0,0.0,0.0,COMPLETED
ADM-2026-06450,Ayaan Joshi,10th Grade,C,18000.0,12362.59,5637.41,0.0,PENDING_DUE
ADM-2026-06451,Reyansh Joshi,10th Grade,A,18000.0,18000.0,0.0,0.0,COMPLETED
ADM-2026-06452,Pari Verma,9th Grade,D,18000.0,9436.21,8563.79,0.0,PENDING_DUE
ADM-2026-06453,Sneha Sharma,10th Grade,D,18000.0,9611.09,8388.91,0.0,PENDING_DUE
ADM-2026-06454,Ananya Nair,12th Grade,A,12000.0,12000.0,0.0,0.0,COMPLETED
ADM-2026-06455,Ishaan Reddy,12th Grade,A,22000.0,10257.17,11742.83,0.0,PENDING_DUE
ADM-2026-06456,Ayaan Singh,12th Grade,A,18000.0,18000.0,0.0,0.0,COMPLETED
ADM-2026-06457,Karan Bose,9th Grade,A,15000.0,15000.0,0.0,0.0,COMPLETED
ADM-2026-06458,Vihaan Kumar,10th Grade,A,18000.0,10315.09,7684.91,0.0,PENDING_DUE
ADM-2026-06459,Riya Pillai,12th Grade,B,12000.0,3429.29,8570.71,1000.0,DEFAULT_AGED
ADM-2026-06460,Sai Bose,10th Grade,D,12000.0,6095.63,5904.37,0.0,PENDING_DUE
ADM-2026-06461,Pankaj Menon,10th Grade,C,12000.0,12000.0,0.0,0.0,COMPLETED
ADM-2026-06462,Karan Choudhury,9th Grade,A,12000.0,3022.77,8977.23,250.0,DEFAULT_AGED
ADM-2026-06463,Vivaan Mehta,12th Grade,A,18000.0,18000.0,0.0,0.0,COMPLETED
ADM-2026-06464,Ayaan Reddy,10th Grade,A,15000.0,1271.48,13728.52,250.0,DEFAULT_AGED
ADM-2026-06465,Sanya Sen,9th Grade,D,15000.0,15000.0,0.0,0.0,COMPLETED
ADM-2026-06466,Rohan Rao,11th Grade,A,18000.0,5332.24,12667.76,1000.0,DEFAULT_AGED
ADM-2026-06467,Rahul Das,11th Grade,D,18000.0,7455.81,10544.19,0.0,PENDING_DUE
ADM-2026-06468,Sneha Kumar,11th Grade,B,18000.0,18000.0,0.0,0.0,COMPLETED
ADM-2026-06469,Neha Malhotra,9th Grade,A,22000.0,22000.0,0.0,0.0,COMPLETED
ADM-2026-06470,Diya Menon,9th Grade,A,18000.0,18000.0,0.0,0.0,COMPLETED
ADM-2026-06471,Vivaan Verma,9th Grade,D,18000.0,3627.42,14372.58,0.0,PENDING_DUE
ADM-2026-06472,Rahul Patel,10th Grade,B,12000.0,7498.92,4501.08,0.0,PENDING_DUE
ADM-2026-06473,Vihaan Malhotra,10th Grade,A,22000.0,22000.0,0.0,0.0,COMPLETED
ADM-2026-06474,Ishaan Malhotra,11th Grade,D,15000.0,2244.84,12755.16,250.0,DEFAULT_AGED
ADM-2026-06475,Vihaan Menon,11th Grade,D,15000.0,6973.28,8026.72,0.0,PENDING_DUE
ADM-2026-06476,Diya Reddy,9th Grade,C,22000.0,22000.0,0.0,0.0,COMPLETED
ADM-2026-06477,Reyansh Patel,12th Grade,C,22000.0,22000.0,0.0,0.0,COMPLETED
ADM-2026-06478,Kavita Kumar,11th Grade,D,15000.0,9354.56,5645.44,0.0,PENDING_DUE
ADM-2026-06479,Kavita Nair,11th Grade,A,15000.0,15000.0,0.0,0.0,COMPLETED
ADM-2026-06480,Priya Verma,11th Grade,A,22000.0,6131.01,15868.99,0.0,PENDING_DUE
ADM-2026-06481,Krishna Menon,12th Grade,A,12000.0,1847.32,10152.68,500.0,DEFAULT_AGED
ADM-2026-06482,Aditya Mehta,9th Grade,B,15000.0,15000.0,0.0,0.0,COMPLETED
ADM-2026-06483,Sai Reddy,12th Grade,B,12000.0,12000.0,0.0,0.0,COMPLETED
ADM-2026-06484,Amit Mehta,10th Grade,B,12000.0,8104.99,3895.01,0.0,PENDING_DUE
ADM-2026-06485,Meera Choudhury,9th Grade,D,22000.0,4879.81,17120.19,0.0,PENDING_DUE
ADM-2026-06486,Diya Deshmukh,10th Grade,C,22000.0,14950.51,7049.49,0.0,PENDING_DUE
ADM-2026-06487,Rohan Sen,11th Grade,D,12000.0,2354.96,9645.04,1000.0,DEFAULT_AGED
ADM-2026-06488,Vikas Singh,12th Grade,A,18000.0,2292.56,15707.44,250.0,DEFAULT_AGED
ADM-2026-06489,Rahul Rao,9th Grade,B,15000.0,9089.18,5910.82,0.0,PENDING_DUE
ADM-2026-06490,Riya Kumar,9th Grade,A,22000.0,22000.0,0.0,0.0,COMPLETED
ADM-2026-06491,Aarav Pillai,9th Grade,A,15000.0,8583.91,6416.09,0.0,PENDING_DUE
ADM-2026-06492,Sneha Malhotra,10th Grade,C,18000.0,18000.0,0.0,0.0,COMPLETED
ADM-2026-06493,Vivaan Verma,9th Grade,A,18000.0,18000.0,0.0,0.0,COMPLETED
ADM-2026-06494,Ananya Singh,9th Grade,D,18000.0,10235.92,7764.08,0.0,PENDING_DUE
ADM-2026-06495,Aarav Pillai,11th Grade,D,15000.0,9858.54,5141.46,0.0,PENDING_DUE
ADM-2026-06496,Rohan Reddy,11th Grade,C,12000.0,4820.09,7179.91,0.0,PENDING_DUE
ADM-2026-06497,Aarav Bose,12th Grade,C,22000.0,10247.67,11752.33,0.0,PENDING_DUE
ADM-2026-06498,Rohan Malhotra,9th Grade,B,15000.0,15000.0,0.0,0.0,COMPLETED
ADM-2026-06499,Reyansh Bose,10th Grade,B,22000.0,22000.0,0.0,0.0,COMPLETED
ADM-2026-06500,Arjun Reddy,9th Grade,A,15000.0,15000.0,0.0,0.0,COMPLETED
ADM-2026-06501,Neha Sen,12th Grade,C,18000.0,18000.0,0.0,0.0,COMPLETED
ADM-2026-06502,Sneha Verma,9th Grade,D,15000.0,3218.48,11781.52,0.0,PENDING_DUE
ADM-2026-06503,Pari Gupta,9th Grade,D,12000.0,12000.0,0.0,0.0,COMPLETED
ADM-2026-06504,Amit Pillai,10th Grade,A,12000.0,12000.0,0.0,0.0,COMPLETED
ADM-2026-06505,Pankaj Das,12th Grade,B,15000.0,15000.0,0.0,0.0,COMPLETED
ADM-2026-06506,Vikas Patel,12th Grade,C,12000.0,12000.0,0.0,0.0,COMPLETED
ADM-2026-06507,Rohan Joshi,10th Grade,A,12000.0,12000.0,0.0,0.0,COMPLETED
ADM-2026-06508,Vivaan Das,10th Grade,B,12000.0,3732.92,8267.08,0.0,PENDING_DUE
ADM-2026-06509,Reyansh Joshi,11th Grade,D,15000.0,15000.0,0.0,0.0,COMPLETED
ADM-2026-06510,Diya Choudhury,12th Grade,D,12000.0,12000.0,0.0,0.0,COMPLETED
ADM-2026-06511,Sai Nair,11th Grade,D,15000.0,15000.0,0.0,0.0,COMPLETED
ADM-2026-06512,Anjali Patel,10th Grade,C,22000.0,14797.8,7202.2,0.0,PENDING_DUE
ADM-2026-06513,Meera Patel,12th Grade,B,22000.0,22000.0,0.0,0.0,COMPLETED
ADM-2026-06514,Riya Gupta,11th Grade,C,15000.0,7864.19,7135.81,0.0,PENDING_DUE
ADM-2026-06515,Amit Nair,11th Grade,A,12000.0,12000.0,0.0,0.0,COMPLETED
ADM-2026-06516,Amit Das,12th Grade,C,22000.0,10336.2,11663.8,0.0,PENDING_DUE
ADM-2026-06517,Sai Kumar,9th Grade,C,22000.0,22000.0,0.0,0.0,COMPLETED
ADM-2026-06518,Aditya Gupta,9th Grade,A,18000.0,18000.0,0.0,0.0,COMPLETED
ADM-2026-06519,Rohan Nair,11th Grade,A,18000.0,3836.94,14163.06,0.0,PENDING_DUE
ADM-2026-06520,Priya Patel,9th Grade,D,15000.0,4814.17,10185.83,0.0,PENDING_DUE
ADM-2026-06521,Amit Kumar,9th Grade,C,15000.0,15000.0,0.0,0.0,COMPLETED
ADM-2026-06522,Aarav Das,9th Grade,C,18000.0,18000.0,0.0,0.0,COMPLETED
ADM-2026-06523,Vivaan Kumar,12th Grade,D,12000.0,4781.19,7218.81,0.0,PENDING_DUE
ADM-2026-06524,Vivaan Choudhury,12th Grade,A,12000.0,12000.0,0.0,0.0,COMPLETED
ADM-2026-06525,Sanya Reddy,11th Grade,B,12000.0,12000.0,0.0,0.0,COMPLETED
ADM-2026-06526,Diya Gupta,11th Grade,A,18000.0,6740.37,11259.63,0.0,PENDING_DUE
ADM-2026-06527,Vivaan Rao,9th Grade,D,15000.0,15000.0,0.0,0.0,COMPLETED
ADM-2026-06528,Vihaan Reddy,9th Grade,A,22000.0,7623.54,14376.46,0.0,PENDING_DUE
ADM-2026-06529,Pari Singh,9th Grade,B,15000.0,3473.73,11526.27,0.0,PENDING_DUE
ADM-2026-06530,Sai Malhotra,10th Grade,B,18000.0,6219.49,11780.51,0.0,PENDING_DUE
ADM-2026-06531,Kavita Pillai,12th Grade,C,15000.0,322.79,14677.21,250.0,DEFAULT_AGED
ADM-2026-06532,Pankaj Deshmukh,9th Grade,C,22000.0,5482.4,16517.6,500.0,DEFAULT_AGED
ADM-2026-06533,Ananya Kumar,10th Grade,D,18000.0,7049.15,10950.85,0.0,PENDING_DUE
ADM-2026-06534,Amit Verma,12th Grade,B,15000.0,15000.0,0.0,0.0,COMPLETED
ADM-2026-06535,Riya Nair,9th Grade,B,12000.0,12000.0,0.0,0.0,COMPLETED
ADM-2026-06536,Vivaan Iyer,11th Grade,B,12000.0,3592.75,8407.25,0.0,PENDING_DUE
ADM-2026-06537,Aadhya Singh,10th Grade,B,22000.0,22000.0,0.0,0.0,COMPLETED
ADM-2026-06538,Ayaan Pillai,11th Grade,A,22000.0,22000.0,0.0,0.0,COMPLETED
ADM-2026-06539,Pankaj Sharma,12th Grade,C,18000.0,18000.0,0.0,0.0,COMPLETED
ADM-2026-06540,Pooja Rao,12th Grade,B,22000.0,13557.86,8442.14,0.0,PENDING_DUE
ADM-2026-06541,Vihaan Malhotra,11th Grade,D,18000.0,7175.61,10824.39,0.0,PENDING_DUE
ADM-2026-06542,Sneha Pillai,12th Grade,C,12000.0,2535.99,9464.01,0.0,PENDING_DUE
ADM-2026-06543,Rohan Choudhury,10th Grade,B,18000.0,18000.0,0.0,0.0,COMPLETED
ADM-2026-06544,Reyansh Das,10th Grade,D,18000.0,8824.25,9175.75,0.0,PENDING_DUE
ADM-2026-06545,Sai Malhotra,9th Grade,B,15000.0,9280.51,5719.49,0.0,PENDING_DUE
ADM-2026-06546,Karan Deshmukh,9th Grade,A,12000.0,12000.0,0.0,0.0,COMPLETED
ADM-2026-06547,Pankaj Das,9th Grade,C,12000.0,3199.86,8800.14,250.0,DEFAULT_AGED
ADM-2026-06548,Diya Reddy,10th Grade,C,22000.0,22000.0,0.0,0.0,COMPLETED
ADM-2026-06549,Ananya Patel,10th Grade,C,15000.0,6311.62,8688.38,0.0,PENDING_DUE
ADM-2026-06550,Diya Sharma,11th Grade,A,15000.0,8482.99,6517.01,0.0,PENDING_DUE
ADM-2026-06551,Neha Sen,11th Grade,C,15000.0,9660.0,5340.0,0.0,PENDING_DUE
ADM-2026-06552,Priya Sen,11th Grade,C,18000.0,9922.67,8077.33,0.0,PENDING_DUE
ADM-2026-06553,Pari Kumar,9th Grade,D,22000.0,22000.0,0.0,0.0,COMPLETED
ADM-2026-06554,Kavita Choudhury,12th Grade,D,18000.0,18000.0,0.0,0.0,COMPLETED
ADM-2026-06555,Sanya Pillai,9th Grade,B,12000.0,4635.34,7364.66,0.0,PENDING_DUE
ADM-2026-06556,Vihaan Das,9th Grade,D,15000.0,5427.36,9572.64,0.0,PENDING_DUE
ADM-2026-06557,Vivaan Sen,12th Grade,B,18000.0,7098.11,10901.89,0.0,PENDING_DUE
ADM-2026-06558,Reyansh Reddy,12th Grade,D,12000.0,5895.6,6104.4,0.0,PENDING_DUE
ADM-2026-06559,Sneha Verma,12th Grade,B,15000.0,15000.0,0.0,0.0,COMPLETED
ADM-2026-06560,Sanya Bose,12th Grade,C,12000.0,12000.0,0.0,0.0,COMPLETED
ADM-2026-06561,Sneha Sharma,9th Grade,B,12000.0,12000.0,0.0,0.0,COMPLETED
ADM-2026-06562,Diya Kumar,10th Grade,B,18000.0,18000.0,0.0,0.0,COMPLETED
ADM-2026-06563,Krishna Mehta,9th Grade,D,18000.0,4487.27,13512.73,250.0,DEFAULT_AGED
ADM-2026-06564,Vikas Bose,12th Grade,B,18000.0,97.38,17902.62,250.0,DEFAULT_AGED
ADM-2026-06565,Anjali Iyer,9th Grade,D,12000.0,12000.0,0.0,0.0,COMPLETED
ADM-2026-06566,Sneha Menon,9th Grade,D,22000.0,22000.0,0.0,0.0,COMPLETED
ADM-2026-06567,Anjali Nair,9th Grade,D,15000.0,7816.3,7183.7,0.0,PENDING_DUE
ADM-2026-06568,Riya Gupta,9th Grade,B,18000.0,2708.63,15291.37,500.0,DEFAULT_AGED
ADM-2026-06569,Anjali Verma,12th Grade,D,15000.0,15000.0,0.0,0.0,COMPLETED
ADM-2026-06570,Amit Deshmukh,11th Grade,C,22000.0,1175.47,20824.53,500.0,DEFAULT_AGED
ADM-2026-06571,Sneha Rao,12th Grade,B,22000.0,22000.0,0.0,0.0,COMPLETED
ADM-2026-06572,Ishaan Verma,11th Grade,A,12000.0,1293.42,10706.58,250.0,DEFAULT_AGED
ADM-2026-06573,Ayaan Das,10th Grade,B,18000.0,8466.43,9533.57,0.0,PENDING_DUE
ADM-2026-06574,Aadhya Pillai,12th Grade,B,18000.0,7550.51,10449.49,0.0,PENDING_DUE
ADM-2026-06575,Arjun Gupta,11th Grade,D,15000.0,10131.88,4868.12,0.0,PENDING_DUE
ADM-2026-06576,Neha Kumar,10th Grade,D,18000.0,7346.18,10653.82,0.0,PENDING_DUE
ADM-2026-06577,Karan Deshmukh,10th Grade,B,12000.0,3526.91,8473.09,0.0,PENDING_DUE
ADM-2026-06578,Krishna Choudhury,10th Grade,D,22000.0,22000.0,0.0,0.0,COMPLETED
ADM-2026-06579,Pooja Malhotra,12th Grade,D,18000.0,18000.0,0.0,0.0,COMPLETED
ADM-2026-06580,Aditya Sen,10th Grade,C,15000.0,15000.0,0.0,0.0,COMPLETED
ADM-2026-06581,Pooja Joshi,11th Grade,B,15000.0,8052.93,6947.07,0.0,PENDING_DUE
ADM-2026-06582,Pankaj Gupta,11th Grade,D,12000.0,1103.58,10896.42,1000.0,DEFAULT_AGED
ADM-2026-06583,Pari Bose,12th Grade,C,15000.0,15000.0,0.0,0.0,COMPLETED
ADM-2026-06584,Aarav Deshmukh,9th Grade,D,18000.0,18000.0,0.0,0.0,COMPLETED
ADM-2026-06585,Diya Iyer,12th Grade,D,22000.0,2249.52,19750.48,250.0,DEFAULT_AGED
ADM-2026-06586,Kavita Verma,10th Grade,C,22000.0,7690.95,14309.05,0.0,PENDING_DUE
ADM-2026-06587,Sneha Pillai,10th Grade,A,22000.0,22000.0,0.0,0.0,COMPLETED
ADM-2026-06588,Vivaan Singh,12th Grade,A,15000.0,4147.76,10852.24,250.0,DEFAULT_AGED
ADM-2026-06589,Vivaan Mehta,9th Grade,A,12000.0,12000.0,0.0,0.0,COMPLETED
ADM-2026-06590,Aarav Reddy,9th Grade,C,22000.0,22000.0,0.0,0.0,COMPLETED
ADM-2026-06591,Aditya Gupta,12th Grade,A,12000.0,4314.38,7685.62,0.0,PENDING_DUE
ADM-2026-06592,Rahul Das,12th Grade,B,15000.0,15000.0,0.0,0.0,COMPLETED
ADM-2026-06593,Aditya Patel,11th Grade,D,15000.0,7225.0,7775.0,0.0,PENDING_DUE
ADM-2026-06594,Pooja Mehta,11th Grade,D,12000.0,12000.0,0.0,0.0,COMPLETED
ADM-2026-06595,Diya Deshmukh,10th Grade,A,12000.0,4666.25,7333.75,0.0,PENDING_DUE
ADM-2026-06596,Reyansh Kumar,11th Grade,A,15000.0,15000.0,0.0,0.0,COMPLETED
ADM-2026-06597,Sai Nair,9th Grade,B,22000.0,22000.0,0.0,0.0,COMPLETED
ADM-2026-06598,Pari Das,11th Grade,A,15000.0,2785.04,12214.96,500.0,DEFAULT_AGED
ADM-2026-06599,Kavita Bose,11th Grade,A,12000.0,2448.02,9551.98,1000.0,DEFAULT_AGED
ADM-2026-06600,Aadhya Sen,11th Grade,C,15000.0,8743.05,6256.95,0.0,PENDING_DUE
ADM-2026-06601,Diya Patel,9th Grade,C,22000.0,14566.49,7433.51,0.0,PENDING_DUE
ADM-2026-06602,Ishaan Iyer,9th Grade,B,15000.0,1272.81,13727.19,1000.0,DEFAULT_AGED
ADM-2026-06603,Rahul Deshmukh,9th Grade,B,12000.0,7623.98,4376.02,0.0,PENDING_DUE
ADM-2026-06604,Diya Das,12th Grade,D,22000.0,22000.0,0.0,0.0,COMPLETED
ADM-2026-06605,Anjali Nair,10th Grade,A,12000.0,2544.67,9455.33,0.0,PENDING_DUE
ADM-2026-06606,Krishna Gupta,9th Grade,A,18000.0,18000.0,0.0,0.0,COMPLETED
ADM-2026-06607,Ayaan Menon,9th Grade,B,18000.0,9902.2,8097.8,0.0,PENDING_DUE
ADM-2026-06608,Karan Menon,12th Grade,D,15000.0,7837.62,7162.38,0.0,PENDING_DUE
ADM-2026-06609,Vihaan Reddy,9th Grade,D,12000.0,6237.09,5762.91,0.0,PENDING_DUE
ADM-2026-06610,Sneha Reddy,9th Grade,C,18000.0,18000.0,0.0,0.0,COMPLETED
ADM-2026-06611,Kavita Verma,9th Grade,B,22000.0,5527.68,16472.32,1000.0,DEFAULT_AGED
ADM-2026-06612,Arjun Deshmukh,11th Grade,B,15000.0,15000.0,0.0,0.0,COMPLETED
ADM-2026-06613,Sai Choudhury,10th Grade,A,18000.0,18000.0,0.0,0.0,COMPLETED
ADM-2026-06614,Diya Reddy,9th Grade,B,12000.0,4369.74,7630.26,0.0,PENDING_DUE
ADM-2026-06615,Amit Gupta,12th Grade,C,12000.0,4353.65,7646.35,0.0,PENDING_DUE
ADM-2026-06616,Rahul Pillai,9th Grade,D,12000.0,12000.0,0.0,0.0,COMPLETED
ADM-2026-06617,Pooja Mehta,9th Grade,D,18000.0,18000.0,0.0,0.0,COMPLETED
ADM-2026-06618,Diya Iyer,11th Grade,C,12000.0,4741.11,7258.89,0.0,PENDING_DUE
ADM-2026-06619,Ayaan Reddy,11th Grade,B,18000.0,18000.0,0.0,0.0,COMPLETED
ADM-2026-06620,Vihaan Pillai,12th Grade,D,12000.0,6803.8,5196.2,0.0,PENDING_DUE
ADM-2026-06621,Diya Menon,11th Grade,B,18000.0,18000.0,0.0,0.0,COMPLETED
ADM-2026-06622,Ishaan Kumar,12th Grade,C,15000.0,4502.04,10497.96,0.0,PENDING_DUE
ADM-2026-06623,Arjun Deshmukh,9th Grade,B,18000.0,5971.74,12028.26,0.0,PENDING_DUE
ADM-2026-06624,Amit Kumar,10th Grade,A,18000.0,9805.14,8194.86,0.0,PENDING_DUE
ADM-2026-06625,Karan Bose,11th Grade,C,15000.0,15000.0,0.0,0.0,COMPLETED
ADM-2026-06626,Diya Menon,12th Grade,C,15000.0,8358.31,6641.69,0.0,PENDING_DUE
ADM-2026-06627,Arjun Malhotra,11th Grade,D,22000.0,14591.01,7408.99,0.0,PENDING_DUE
ADM-2026-06628,Neha Nair,9th Grade,D,22000.0,22000.0,0.0,0.0,COMPLETED
ADM-2026-06629,Reyansh Joshi,12th Grade,C,12000.0,12000.0,0.0,0.0,COMPLETED
ADM-2026-06630,Vikas Bose,9th Grade,C,22000.0,22000.0,0.0,0.0,COMPLETED
ADM-2026-06631,Pankaj Kumar,11th Grade,D,18000.0,11775.38,6224.62,0.0,PENDING_DUE
ADM-2026-06632,Aditya Nair,9th Grade,A,18000.0,18000.0,0.0,0.0,COMPLETED
ADM-2026-06633,Arjun Singh,10th Grade,A,15000.0,15000.0,0.0,0.0,COMPLETED
ADM-2026-06634,Neha Bose,11th Grade,C,12000.0,4058.49,7941.51,0.0,PENDING_DUE
ADM-2026-06635,Anjali Menon,11th Grade,A,15000.0,6292.17,8707.83,0.0,PENDING_DUE
ADM-2026-06636,Ishaan Nair,12th Grade,B,18000.0,18000.0,0.0,0.0,COMPLETED
ADM-2026-06637,Amit Sen,12th Grade,C,12000.0,12000.0,0.0,0.0,COMPLETED
ADM-2026-06638,Rohan Das,12th Grade,A,18000.0,4216.55,13783.45,500.0,DEFAULT_AGED
ADM-2026-06639,Diya Choudhury,9th Grade,D,18000.0,8992.41,9007.59,0.0,PENDING_DUE
ADM-2026-06640,Aadhya Sen,9th Grade,C,15000.0,15000.0,0.0,0.0,COMPLETED
ADM-2026-06641,Sneha Mehta,10th Grade,D,15000.0,15000.0,0.0,0.0,COMPLETED
ADM-2026-06642,Vikas Kumar,10th Grade,C,18000.0,18000.0,0.0,0.0,COMPLETED
ADM-2026-06643,Diya Sen,11th Grade,D,18000.0,18000.0,0.0,0.0,COMPLETED
ADM-2026-06644,Aditya Verma,12th Grade,C,18000.0,10965.02,7034.98,0.0,PENDING_DUE
ADM-2026-06645,Arjun Reddy,11th Grade,B,22000.0,9984.42,12015.58,0.0,PENDING_DUE
ADM-2026-06646,Meera Reddy,12th Grade,D,18000.0,10275.16,7724.84,0.0,PENDING_DUE
ADM-2026-06647,Pari Choudhury,12th Grade,A,12000.0,12000.0,0.0,0.0,COMPLETED
ADM-2026-06648,Neha Patel,10th Grade,D,22000.0,6442.46,15557.54,250.0,DEFAULT_AGED
ADM-2026-06649,Krishna Iyer,12th Grade,A,12000.0,12000.0,0.0,0.0,COMPLETED
ADM-2026-06650,Aarav Kumar,9th Grade,A,18000.0,18000.0,0.0,0.0,COMPLETED
ADM-2026-06651,Krishna Verma,10th Grade,D,12000.0,12000.0,0.0,0.0,COMPLETED
ADM-2026-06652,Karan Malhotra,9th Grade,C,18000.0,18000.0,0.0,0.0,COMPLETED
ADM-2026-06653,Anjali Bose,9th Grade,B,18000.0,11976.64,6023.36,0.0,PENDING_DUE
ADM-2026-06654,Pooja Iyer,10th Grade,A,15000.0,15000.0,0.0,0.0,COMPLETED
ADM-2026-06655,Aadhya Bose,9th Grade,B,22000.0,9599.49,12400.51,0.0,PENDING_DUE
ADM-2026-06656,Sanya Iyer,12th Grade,A,18000.0,18000.0,0.0,0.0,COMPLETED
ADM-2026-06657,Diya Deshmukh,12th Grade,D,22000.0,22000.0,0.0,0.0,COMPLETED
ADM-2026-06658,Vihaan Gupta,9th Grade,C,15000.0,3391.12,11608.88,250.0,DEFAULT_AGED
ADM-2026-06659,Pari Rao,11th Grade,B,18000.0,18000.0,0.0,0.0,COMPLETED
ADM-2026-06660,Anjali Choudhury,11th Grade,D,22000.0,7162.86,14837.14,0.0,PENDING_DUE
ADM-2026-06661,Vivaan Verma,11th Grade,B,15000.0,15000.0,0.0,0.0,COMPLETED
ADM-2026-06662,Meera Mehta,10th Grade,C,12000.0,1487.14,10512.86,250.0,DEFAULT_AGED
ADM-2026-06663,Vivaan Choudhury,9th Grade,B,12000.0,6692.76,5307.24,0.0,PENDING_DUE
ADM-2026-06664,Sneha Menon,11th Grade,B,22000.0,22000.0,0.0,0.0,COMPLETED
ADM-2026-06665,Ishaan Rao,10th Grade,D,12000.0,8392.64,3607.36,0.0,PENDING_DUE
ADM-2026-06666,Arjun Patel,12th Grade,A,18000.0,10671.4,7328.6,0.0,PENDING_DUE
ADM-2026-06667,Krishna Sharma,10th Grade,D,22000.0,5452.97,16547.03,1000.0,DEFAULT_AGED
ADM-2026-06668,Arjun Patel,11th Grade,D,22000.0,432.32,21567.68,1000.0,DEFAULT_AGED
ADM-2026-06669,Rohan Malhotra,11th Grade,D,18000.0,18000.0,0.0,0.0,COMPLETED
ADM-2026-06670,Krishna Choudhury,9th Grade,C,22000.0,508.19,21491.81,1000.0,DEFAULT_AGED
ADM-2026-06671,Rahul Pillai,11th Grade,C,15000.0,15000.0,0.0,0.0,COMPLETED
ADM-2026-06672,Vikas Das,10th Grade,D,22000.0,22000.0,0.0,0.0,COMPLETED
ADM-2026-06673,Diya Patel,11th Grade,D,22000.0,3668.3,18331.7,500.0,DEFAULT_AGED
ADM-2026-06674,Pankaj Pillai,12th Grade,D,18000.0,6122.34,11877.66,0.0,PENDING_DUE
ADM-2026-06675,Amit Mehta,9th Grade,D,12000.0,12000.0,0.0,0.0,COMPLETED
ADM-2026-06676,Riya Kumar,9th Grade,C,12000.0,12000.0,0.0,0.0,COMPLETED
ADM-2026-06677,Reyansh Menon,11th Grade,B,22000.0,22000.0,0.0,0.0,COMPLETED
ADM-2026-06678,Vikas Pillai,9th Grade,D,12000.0,12000.0,0.0,0.0,COMPLETED
ADM-2026-06679,Vikas Sen,12th Grade,B,22000.0,22000.0,0.0,0.0,COMPLETED
ADM-2026-06680,Sneha Nair,9th Grade,B,18000.0,2818.49,15181.51,1000.0,DEFAULT_AGED
ADM-2026-06681,Ayaan Sharma,11th Grade,B,15000.0,15000.0,0.0,0.0,COMPLETED
ADM-2026-06682,Sneha Patel,9th Grade,C,22000.0,22000.0,0.0,0.0,COMPLETED
ADM-2026-06683,Rohan Reddy,11th Grade,A,22000.0,22000.0,0.0,0.0,COMPLETED
ADM-2026-06684,Pankaj Das,9th Grade,D,12000.0,720.67,11279.33,250.0,DEFAULT_AGED
ADM-2026-06685,Pari Iyer,12th Grade,D,12000.0,6144.45,5855.55,0.0,PENDING_DUE
ADM-2026-06686,Rahul Mehta,12th Grade,C,12000.0,12000.0,0.0,0.0,COMPLETED
ADM-2026-06687,Pari Choudhury,12th Grade,C,22000.0,22000.0,0.0,0.0,COMPLETED
ADM-2026-06688,Anjali Deshmukh,10th Grade,A,18000.0,18000.0,0.0,0.0,COMPLETED
ADM-2026-06689,Krishna Sen,10th Grade,B,18000.0,2955.46,15044.54,500.0,DEFAULT_AGED
ADM-2026-06690,Reyansh Joshi,12th Grade,A,22000.0,22000.0,0.0,0.0,COMPLETED
ADM-2026-06691,Anjali Verma,9th Grade,C,22000.0,1638.83,20361.17,250.0,DEFAULT_AGED
ADM-2026-06692,Sai Patel,12th Grade,A,18000.0,18000.0,0.0,0.0,COMPLETED
ADM-2026-06693,Sanya Deshmukh,12th Grade,C,22000.0,9140.04,12859.96,0.0,PENDING_DUE
ADM-2026-06694,Reyansh Bose,10th Grade,D,12000.0,12000.0,0.0,0.0,COMPLETED
ADM-2026-06695,Riya Deshmukh,11th Grade,B,15000.0,15000.0,0.0,0.0,COMPLETED
ADM-2026-06696,Aditya Rao,12th Grade,D,22000.0,5453.62,16546.38,0.0,PENDING_DUE
ADM-2026-06697,Sanya Deshmukh,12th Grade,B,18000.0,1977.87,16022.13,1000.0,DEFAULT_AGED
ADM-2026-06698,Rahul Joshi,9th Grade,B,22000.0,22000.0,0.0,0.0,COMPLETED
ADM-2026-06699,Ayaan Reddy,12th Grade,A,15000.0,6517.32,8482.68,0.0,PENDING_DUE
ADM-2026-06700,Vihaan Verma,12th Grade,B,12000.0,12000.0,0.0,0.0,COMPLETED
ADM-2026-06701,Vikas Menon,12th Grade,B,22000.0,10723.39,11276.61,0.0,PENDING_DUE
ADM-2026-06702,Meera Bose,9th Grade,C,18000.0,18000.0,0.0,0.0,COMPLETED
ADM-2026-06703,Arjun Menon,10th Grade,C,15000.0,3343.54,11656.46,0.0,PENDING_DUE
ADM-2026-06704,Pooja Pillai,12th Grade,A,22000.0,22000.0,0.0,0.0,COMPLETED
ADM-2026-06705,Sneha Reddy,11th Grade,C,15000.0,15000.0,0.0,0.0,COMPLETED
ADM-2026-06706,Riya Mehta,11th Grade,C,18000.0,18000.0,0.0,0.0,COMPLETED
ADM-2026-06707,Rahul Sen,11th Grade,C,22000.0,1270.3,20729.7,250.0,DEFAULT_AGED
ADM-2026-06708,Sneha Malhotra,12th Grade,B,15000.0,15000.0,0.0,0.0,COMPLETED
ADM-2026-06709,Vikas Sen,9th Grade,A,12000.0,7528.68,4471.32,0.0,PENDING_DUE
ADM-2026-06710,Sneha Verma,11th Grade,D,12000.0,2409.55,9590.45,0.0,PENDING_DUE
ADM-2026-06711,Vikas Verma,11th Grade,A,12000.0,8001.97,3998.03,0.0,PENDING_DUE
ADM-2026-06712,Vihaan Verma,9th Grade,D,12000.0,1001.99,10998.01,500.0,DEFAULT_AGED
ADM-2026-06713,Reyansh Menon,11th Grade,B,22000.0,3613.97,18386.03,1000.0,DEFAULT_AGED
ADM-2026-06714,Pari Reddy,11th Grade,C,18000.0,9550.67,8449.33,0.0,PENDING_DUE
ADM-2026-06715,Reyansh Verma,9th Grade,C,18000.0,18000.0,0.0,0.0,COMPLETED
ADM-2026-06716,Ishaan Verma,9th Grade,C,12000.0,12000.0,0.0,0.0,COMPLETED
ADM-2026-06717,Aarav Singh,9th Grade,B,22000.0,22000.0,0.0,0.0,COMPLETED
ADM-2026-06718,Karan Rao,9th Grade,B,12000.0,12000.0,0.0,0.0,COMPLETED
ADM-2026-06719,Sneha Sharma,9th Grade,B,12000.0,12000.0,0.0,0.0,COMPLETED
ADM-2026-06720,Diya Pillai,12th Grade,C,18000.0,18000.0,0.0,0.0,COMPLETED
ADM-2026-06721,Aarav Iyer,11th Grade,B,15000.0,15000.0,0.0,0.0,COMPLETED
ADM-2026-06722,Sai Choudhury,12th Grade,B,15000.0,15000.0,0.0,0.0,COMPLETED
ADM-2026-06723,Karan Nair,12th Grade,C,15000.0,15000.0,0.0,0.0,COMPLETED
ADM-2026-06724,Riya Nair,11th Grade,C,12000.0,12000.0,0.0,0.0,COMPLETED
ADM-2026-06725,Anjali Malhotra,12th Grade,B,12000.0,2959.95,9040.05,0.0,PENDING_DUE
ADM-2026-06726,Vihaan Deshmukh,12th Grade,B,15000.0,15000.0,0.0,0.0,COMPLETED
ADM-2026-06727,Ananya Sen,10th Grade,C,15000.0,7517.74,7482.26,0.0,PENDING_DUE
ADM-2026-06728,Aditya Sen,11th Grade,A,15000.0,5308.25,9691.75,0.0,PENDING_DUE
ADM-2026-06729,Priya Gupta,9th Grade,B,15000.0,15000.0,0.0,0.0,COMPLETED
ADM-2026-06730,Anjali Menon,11th Grade,D,22000.0,22000.0,0.0,0.0,COMPLETED
ADM-2026-06731,Pari Das,10th Grade,C,18000.0,4327.19,13672.81,250.0,DEFAULT_AGED
ADM-2026-06732,Aditya Malhotra,9th Grade,B,12000.0,12000.0,0.0,0.0,COMPLETED
ADM-2026-06733,Priya Malhotra,12th Grade,B,22000.0,22000.0,0.0,0.0,COMPLETED
ADM-2026-06734,Diya Menon,10th Grade,A,15000.0,4627.87,10372.13,0.0,PENDING_DUE
ADM-2026-06735,Neha Deshmukh,12th Grade,C,15000.0,3185.71,11814.29,0.0,PENDING_DUE
ADM-2026-06736,Meera Singh,12th Grade,A,18000.0,562.5,17437.5,1000.0,DEFAULT_AGED
ADM-2026-06737,Priya Malhotra,12th Grade,A,18000.0,18000.0,0.0,0.0,COMPLETED
ADM-2026-06738,Karan Iyer,11th Grade,D,15000.0,9991.07,5008.93,0.0,PENDING_DUE
ADM-2026-06739,Neha Malhotra,11th Grade,A,15000.0,15000.0,0.0,0.0,COMPLETED
ADM-2026-06740,Rohan Pillai,9th Grade,C,12000.0,12000.0,0.0,0.0,COMPLETED
ADM-2026-06741,Sai Choudhury,11th Grade,D,15000.0,15000.0,0.0,0.0,COMPLETED
ADM-2026-06742,Aditya Kumar,10th Grade,C,22000.0,6097.99,15902.01,250.0,DEFAULT_AGED
ADM-2026-06743,Ananya Singh,10th Grade,D,18000.0,18000.0,0.0,0.0,COMPLETED
ADM-2026-06744,Aditya Reddy,12th Grade,D,15000.0,15000.0,0.0,0.0,COMPLETED
ADM-2026-06745,Priya Singh,10th Grade,C,22000.0,15074.97,6925.03,0.0,PENDING_DUE
ADM-2026-06746,Pooja Singh,12th Grade,A,22000.0,2377.66,19622.34,250.0,DEFAULT_AGED
ADM-2026-06747,Sanya Deshmukh,10th Grade,A,18000.0,2547.45,15452.55,1000.0,DEFAULT_AGED
ADM-2026-06748,Vihaan Verma,9th Grade,B,15000.0,15000.0,0.0,0.0,COMPLETED
ADM-2026-06749,Aditya Mehta,12th Grade,A,18000.0,8463.21,9536.79,0.0,PENDING_DUE
ADM-2026-06750,Arjun Patel,12th Grade,A,18000.0,18000.0,0.0,0.0,COMPLETED
ADM-2026-06751,Pooja Nair,11th Grade,A,15000.0,15000.0,0.0,0.0,COMPLETED
ADM-2026-06752,Diya Sharma,10th Grade,C,18000.0,4108.96,13891.04,0.0,PENDING_DUE
ADM-2026-06753,Aadhya Pillai,12th Grade,B,15000.0,7247.38,7752.62,0.0,PENDING_DUE
ADM-2026-06754,Rahul Verma,9th Grade,B,12000.0,12000.0,0.0,0.0,COMPLETED
ADM-2026-06755,Vikas Malhotra,9th Grade,A,22000.0,22000.0,0.0,0.0,COMPLETED
ADM-2026-06756,Vihaan Reddy,9th Grade,B,22000.0,14525.0,7475.0,0.0,PENDING_DUE
ADM-2026-06757,Sai Mehta,9th Grade,C,18000.0,18000.0,0.0,0.0,COMPLETED
ADM-2026-06758,Meera Mehta,11th Grade,A,18000.0,1696.01,16303.99,1000.0,DEFAULT_AGED
ADM-2026-06759,Aarav Malhotra,11th Grade,B,18000.0,18000.0,0.0,0.0,COMPLETED
ADM-2026-06760,Aditya Verma,10th Grade,A,15000.0,4466.87,10533.13,0.0,PENDING_DUE
ADM-2026-06761,Aarav Joshi,10th Grade,C,12000.0,2682.28,9317.72,1000.0,DEFAULT_AGED
ADM-2026-06762,Diya Bose,9th Grade,C,15000.0,3215.13,11784.87,1000.0,DEFAULT_AGED
ADM-2026-06763,Vikas Singh,12th Grade,B,22000.0,22000.0,0.0,0.0,COMPLETED
ADM-2026-06764,Reyansh Patel,11th Grade,C,15000.0,10074.26,4925.74,0.0,PENDING_DUE
ADM-2026-06765,Vikas Malhotra,12th Grade,B,12000.0,12000.0,0.0,0.0,COMPLETED
ADM-2026-06766,Reyansh Patel,11th Grade,A,22000.0,22000.0,0.0,0.0,COMPLETED
ADM-2026-06767,Sanya Mehta,11th Grade,B,12000.0,12000.0,0.0,0.0,COMPLETED
ADM-2026-06768,Aditya Mehta,9th Grade,C,12000.0,1376.58,10623.42,1000.0,DEFAULT_AGED
ADM-2026-06769,Priya Singh,12th Grade,B,15000.0,7548.61,7451.39,0.0,PENDING_DUE
ADM-2026-06770,Neha Nair,12th Grade,D,12000.0,7194.68,4805.32,0.0,PENDING_DUE
ADM-2026-06771,Ishaan Pillai,9th Grade,B,12000.0,4091.18,7908.82,0.0,PENDING_DUE
ADM-2026-06772,Diya Bose,10th Grade,D,18000.0,18000.0,0.0,0.0,COMPLETED
ADM-2026-06773,Pankaj Sen,10th Grade,A,22000.0,22000.0,0.0,0.0,COMPLETED
ADM-2026-06774,Vihaan Nair,12th Grade,C,15000.0,15000.0,0.0,0.0,COMPLETED
ADM-2026-06775,Aadhya Nair,11th Grade,A,18000.0,2361.15,15638.85,1000.0,DEFAULT_AGED
ADM-2026-06776,Diya Das,10th Grade,A,18000.0,18000.0,0.0,0.0,COMPLETED
ADM-2026-06777,Krishna Menon,12th Grade,C,12000.0,12000.0,0.0,0.0,COMPLETED
ADM-2026-06778,Pankaj Choudhury,9th Grade,D,15000.0,6306.56,8693.44,0.0,PENDING_DUE
ADM-2026-06779,Karan Pillai,12th Grade,A,22000.0,13581.88,8418.12,0.0,PENDING_DUE
ADM-2026-06780,Karan Malhotra,9th Grade,B,22000.0,1930.5,20069.5,1000.0,DEFAULT_AGED
ADM-2026-06781,Arjun Bose,10th Grade,D,15000.0,6922.18,8077.82,0.0,PENDING_DUE
ADM-2026-06782,Diya Mehta,9th Grade,D,18000.0,3008.51,14991.49,500.0,DEFAULT_AGED
ADM-2026-06783,Riya Mehta,10th Grade,C,18000.0,18000.0,0.0,0.0,COMPLETED
ADM-2026-06784,Neha Joshi,9th Grade,A,18000.0,7946.86,10053.14,0.0,PENDING_DUE
ADM-2026-06785,Priya Verma,10th Grade,C,18000.0,3145.16,14854.84,500.0,DEFAULT_AGED
ADM-2026-06786,Anjali Sharma,9th Grade,D,12000.0,6212.74,5787.26,0.0,PENDING_DUE
ADM-2026-06787,Sneha Gupta,12th Grade,A,22000.0,2972.21,19027.79,500.0,DEFAULT_AGED
ADM-2026-06788,Sai Reddy,9th Grade,C,12000.0,7113.41,4886.59,0.0,PENDING_DUE
ADM-2026-06789,Rahul Bose,10th Grade,B,12000.0,12000.0,0.0,0.0,COMPLETED
ADM-2026-06790,Meera Joshi,11th Grade,D,18000.0,10859.39,7140.61,0.0,PENDING_DUE
ADM-2026-06791,Aditya Pillai,9th Grade,D,18000.0,18000.0,0.0,0.0,COMPLETED
ADM-2026-06792,Priya Nair,12th Grade,B,12000.0,3651.76,8348.24,0.0,PENDING_DUE
ADM-2026-06793,Vivaan Rao,11th Grade,A,12000.0,12000.0,0.0,0.0,COMPLETED
ADM-2026-06794,Krishna Malhotra,12th Grade,C,15000.0,15000.0,0.0,0.0,COMPLETED
ADM-2026-06795,Anjali Mehta,12th Grade,B,12000.0,6808.1,5191.9,0.0,PENDING_DUE
ADM-2026-06796,Aditya Das,10th Grade,D,15000.0,3038.15,11961.85,0.0,PENDING_DUE
ADM-2026-06797,Vikas Reddy,10th Grade,B,12000.0,5226.7,6773.3,0.0,PENDING_DUE
ADM-2026-06798,Vihaan Sen,12th Grade,B,18000.0,18000.0,0.0,0.0,COMPLETED
ADM-2026-06799,Ishaan Malhotra,9th Grade,C,18000.0,18000.0,0.0,0.0,COMPLETED
ADM-2026-06800,Rohan Kumar,10th Grade,B,12000.0,12000.0,0.0,0.0,COMPLETED
ADM-2026-06801,Pooja Rao,9th Grade,D,15000.0,15000.0,0.0,0.0,COMPLETED
ADM-2026-06802,Vihaan Iyer,9th Grade,B,15000.0,15000.0,0.0,0.0,COMPLETED
ADM-2026-06803,Pankaj Menon,9th Grade,D,18000.0,18000.0,0.0,0.0,COMPLETED
ADM-2026-06804,Amit Singh,9th Grade,D,15000.0,15000.0,0.0,0.0,COMPLETED
ADM-2026-06805,Aadhya Sharma,12th Grade,C,22000.0,40.61,21959.39,1000.0,DEFAULT_AGED
ADM-2026-06806,Aditya Reddy,9th Grade,B,15000.0,15000.0,0.0,0.0,COMPLETED
ADM-2026-06807,Anjali Rao,9th Grade,D,22000.0,22000.0,0.0,0.0,COMPLETED
ADM-2026-06808,Sneha Menon,10th Grade,B,18000.0,18000.0,0.0,0.0,COMPLETED
ADM-2026-06809,Arjun Joshi,9th Grade,A,12000.0,1369.77,10630.23,500.0,DEFAULT_AGED
ADM-2026-06810,Ananya Deshmukh,9th Grade,C,22000.0,22000.0,0.0,0.0,COMPLETED
ADM-2026-06811,Vivaan Patel,9th Grade,A,15000.0,1998.99,13001.01,1000.0,DEFAULT_AGED
ADM-2026-06812,Reyansh Joshi,10th Grade,A,12000.0,12000.0,0.0,0.0,COMPLETED
ADM-2026-06813,Pari Deshmukh,12th Grade,B,22000.0,22000.0,0.0,0.0,COMPLETED
ADM-2026-06814,Pooja Menon,11th Grade,D,18000.0,9248.45,8751.55,0.0,PENDING_DUE
ADM-2026-06815,Ishaan Sen,11th Grade,D,18000.0,2928.51,15071.49,1000.0,DEFAULT_AGED
ADM-2026-06816,Reyansh Menon,9th Grade,D,12000.0,5345.22,6654.78,0.0,PENDING_DUE
ADM-2026-06817,Neha Choudhury,11th Grade,C,15000.0,5730.86,9269.14,0.0,PENDING_DUE
ADM-2026-06818,Vikas Choudhury,9th Grade,A,12000.0,12000.0,0.0,0.0,COMPLETED
ADM-2026-06819,Diya Mehta,10th Grade,B,15000.0,15000.0,0.0,0.0,COMPLETED
ADM-2026-06820,Ishaan Patel,11th Grade,C,18000.0,10841.3,7158.7,0.0,PENDING_DUE
ADM-2026-06821,Vihaan Gupta,11th Grade,B,12000.0,6994.91,5005.09,0.0,PENDING_DUE
ADM-2026-06822,Priya Rao,12th Grade,D,18000.0,11448.71,6551.29,0.0,PENDING_DUE
ADM-2026-06823,Rohan Pillai,12th Grade,C,12000.0,1262.01,10737.99,1000.0,DEFAULT_AGED
ADM-2026-06824,Arjun Nair,10th Grade,C,18000.0,18000.0,0.0,0.0,COMPLETED
ADM-2026-06825,Kavita Malhotra,9th Grade,A,18000.0,18000.0,0.0,0.0,COMPLETED
ADM-2026-06826,Rahul Patel,11th Grade,A,18000.0,18000.0,0.0,0.0,COMPLETED
ADM-2026-06827,Ishaan Gupta,10th Grade,D,22000.0,22000.0,0.0,0.0,COMPLETED
ADM-2026-06828,Vikas Nair,10th Grade,B,12000.0,6665.34,5334.66,0.0,PENDING_DUE
ADM-2026-06829,Sanya Mehta,11th Grade,A,18000.0,18000.0,0.0,0.0,COMPLETED
ADM-2026-06830,Vikas Singh,12th Grade,A,18000.0,18000.0,0.0,0.0,COMPLETED
ADM-2026-06831,Ananya Nair,12th Grade,D,15000.0,15000.0,0.0,0.0,COMPLETED
ADM-2026-06832,Vikas Pillai,12th Grade,C,18000.0,18000.0,0.0,0.0,COMPLETED
ADM-2026-06833,Ananya Choudhury,10th Grade,A,12000.0,12000.0,0.0,0.0,COMPLETED
ADM-2026-06834,Meera Joshi,10th Grade,C,12000.0,12000.0,0.0,0.0,COMPLETED
ADM-2026-06835,Sai Deshmukh,12th Grade,C,15000.0,15000.0,0.0,0.0,COMPLETED
ADM-2026-06836,Rahul Bose,10th Grade,A,15000.0,15000.0,0.0,0.0,COMPLETED
ADM-2026-06837,Sneha Patel,12th Grade,D,22000.0,22000.0,0.0,0.0,COMPLETED
ADM-2026-06838,Karan Nair,11th Grade,B,12000.0,12000.0,0.0,0.0,COMPLETED
ADM-2026-06839,Aarav Bose,9th Grade,B,18000.0,18000.0,0.0,0.0,COMPLETED
ADM-2026-06840,Aadhya Choudhury,11th Grade,A,12000.0,5086.21,6913.79,0.0,PENDING_DUE
ADM-2026-06841,Aarav Deshmukh,10th Grade,C,15000.0,6242.59,8757.41,0.0,PENDING_DUE
ADM-2026-06842,Diya Singh,12th Grade,A,12000.0,3160.0,8840.0,0.0,PENDING_DUE
ADM-2026-06843,Ananya Choudhury,10th Grade,D,12000.0,98.89,11901.11,500.0,DEFAULT_AGED
ADM-2026-06844,Meera Choudhury,12th Grade,C,18000.0,12085.63,5914.37,0.0,PENDING_DUE
ADM-2026-06845,Pari Reddy,11th Grade,B,18000.0,3543.79,14456.21,1000.0,DEFAULT_AGED
ADM-2026-06846,Aadhya Joshi,11th Grade,A,18000.0,9218.78,8781.22,0.0,PENDING_DUE
ADM-2026-06847,Pankaj Pillai,11th Grade,D,22000.0,13669.17,8330.83,0.0,PENDING_DUE
ADM-2026-06848,Ananya Das,10th Grade,B,22000.0,22000.0,0.0,0.0,COMPLETED
ADM-2026-06849,Riya Nair,12th Grade,A,15000.0,883.19,14116.81,500.0,DEFAULT_AGED
ADM-2026-06850,Aadhya Singh,12th Grade,D,18000.0,18000.0,0.0,0.0,COMPLETED
ADM-2026-06851,Priya Choudhury,10th Grade,D,12000.0,6540.08,5459.92,0.0,PENDING_DUE
ADM-2026-06852,Pari Kumar,12th Grade,C,22000.0,22000.0,0.0,0.0,COMPLETED
ADM-2026-06853,Ananya Joshi,12th Grade,A,15000.0,15000.0,0.0,0.0,COMPLETED
ADM-2026-06854,Sai Patel,11th Grade,B,22000.0,22000.0,0.0,0.0,COMPLETED
ADM-2026-06855,Neha Verma,9th Grade,B,22000.0,22000.0,0.0,0.0,COMPLETED
ADM-2026-06856,Reyansh Bose,9th Grade,D,18000.0,11488.64,6511.36,0.0,PENDING_DUE
ADM-2026-06857,Pooja Sharma,11th Grade,C,18000.0,18000.0,0.0,0.0,COMPLETED
ADM-2026-06858,Aarav Pillai,12th Grade,C,18000.0,18000.0,0.0,0.0,COMPLETED
ADM-2026-06859,Riya Das,11th Grade,A,22000.0,1078.0,20922.0,250.0,DEFAULT_AGED
ADM-2026-06860,Vivaan Deshmukh,10th Grade,C,12000.0,12000.0,0.0,0.0,COMPLETED
ADM-2026-06861,Pankaj Menon,9th Grade,A,22000.0,22000.0,0.0,0.0,COMPLETED
ADM-2026-06862,Aadhya Iyer,9th Grade,A,15000.0,3626.79,11373.21,0.0,PENDING_DUE
ADM-2026-06863,Kavita Menon,11th Grade,C,12000.0,2996.08,9003.92,500.0,DEFAULT_AGED
ADM-2026-06864,Neha Nair,11th Grade,A,22000.0,7375.85,14624.15,0.0,PENDING_DUE
ADM-2026-06865,Sanya Reddy,10th Grade,C,18000.0,5010.11,12989.89,500.0,DEFAULT_AGED
ADM-2026-06866,Vikas Verma,12th Grade,A,18000.0,2692.02,15307.98,500.0,DEFAULT_AGED
ADM-2026-06867,Amit Singh,9th Grade,A,18000.0,18000.0,0.0,0.0,COMPLETED
ADM-2026-06868,Vikas Mehta,10th Grade,B,15000.0,15000.0,0.0,0.0,COMPLETED
ADM-2026-06869,Aarav Menon,12th Grade,B,22000.0,2197.36,19802.64,500.0,DEFAULT_AGED
ADM-2026-06870,Pooja Kumar,11th Grade,C,22000.0,22000.0,0.0,0.0,COMPLETED
ADM-2026-06871,Pooja Malhotra,10th Grade,C,12000.0,2994.19,9005.81,500.0,DEFAULT_AGED
ADM-2026-06872,Rahul Singh,12th Grade,B,15000.0,15000.0,0.0,0.0,COMPLETED
ADM-2026-06873,Neha Pillai,9th Grade,D,12000.0,12000.0,0.0,0.0,COMPLETED
ADM-2026-06874,Aditya Joshi,12th Grade,B,22000.0,5233.06,16766.94,250.0,DEFAULT_AGED
ADM-2026-06875,Kavita Mehta,11th Grade,A,22000.0,22000.0,0.0,0.0,COMPLETED
ADM-2026-06876,Pankaj Bose,11th Grade,B,12000.0,2971.22,9028.78,250.0,DEFAULT_AGED
ADM-2026-06877,Reyansh Sen,9th Grade,D,22000.0,12080.96,9919.04,0.0,PENDING_DUE
ADM-2026-06878,Vikas Deshmukh,10th Grade,D,18000.0,6757.83,11242.17,0.0,PENDING_DUE
ADM-2026-06879,Pari Rao,9th Grade,D,18000.0,18000.0,0.0,0.0,COMPLETED
ADM-2026-06880,Ananya Nair,12th Grade,C,15000.0,3932.33,11067.67,250.0,DEFAULT_AGED
ADM-2026-06881,Ishaan Joshi,9th Grade,A,15000.0,15000.0,0.0,0.0,COMPLETED
ADM-2026-06882,Neha Nair,9th Grade,B,15000.0,15000.0,0.0,0.0,COMPLETED
ADM-2026-06883,Reyansh Joshi,10th Grade,D,15000.0,8499.68,6500.32,0.0,PENDING_DUE
ADM-2026-06884,Vihaan Patel,12th Grade,B,22000.0,22000.0,0.0,0.0,COMPLETED
ADM-2026-06885,Pooja Sen,10th Grade,D,22000.0,5105.75,16894.25,0.0,PENDING_DUE
ADM-2026-06886,Meera Patel,12th Grade,A,18000.0,2158.26,15841.74,250.0,DEFAULT_AGED
ADM-2026-06887,Sanya Sharma,10th Grade,D,22000.0,22000.0,0.0,0.0,COMPLETED
ADM-2026-06888,Sanya Deshmukh,10th Grade,D,12000.0,3086.23,8913.77,500.0,DEFAULT_AGED
ADM-2026-06889,Sneha Sharma,10th Grade,D,22000.0,22000.0,0.0,0.0,COMPLETED
ADM-2026-06890,Kavita Iyer,10th Grade,C,12000.0,12000.0,0.0,0.0,COMPLETED
ADM-2026-06891,Sneha Rao,12th Grade,B,15000.0,15000.0,0.0,0.0,COMPLETED
ADM-2026-06892,Meera Kumar,11th Grade,D,12000.0,7680.4,4319.6,0.0,PENDING_DUE
ADM-2026-06893,Anjali Nair,12th Grade,A,12000.0,12000.0,0.0,0.0,COMPLETED
ADM-2026-06894,Meera Malhotra,12th Grade,D,22000.0,22000.0,0.0,0.0,COMPLETED
ADM-2026-06895,Vikas Iyer,10th Grade,D,22000.0,22000.0,0.0,0.0,COMPLETED
ADM-2026-06896,Aadhya Iyer,11th Grade,B,22000.0,22000.0,0.0,0.0,COMPLETED
ADM-2026-06897,Pari Malhotra,12th Grade,C,18000.0,18000.0,0.0,0.0,COMPLETED
ADM-2026-06898,Sneha Joshi,12th Grade,C,18000.0,5225.09,12774.91,0.0,PENDING_DUE
ADM-2026-06899,Sneha Choudhury,9th Grade,A,18000.0,5882.9,12117.1,0.0,PENDING_DUE
ADM-2026-06900,Diya Mehta,12th Grade,A,18000.0,12380.93,5619.07,0.0,PENDING_DUE
ADM-2026-06901,Karan Gupta,12th Grade,C,18000.0,8901.45,9098.55,0.0,PENDING_DUE
ADM-2026-06902,Sanya Das,12th Grade,B,18000.0,18000.0,0.0,0.0,COMPLETED
ADM-2026-06903,Karan Pillai,9th Grade,D,18000.0,18000.0,0.0,0.0,COMPLETED
ADM-2026-06904,Ananya Mehta,12th Grade,B,15000.0,15000.0,0.0,0.0,COMPLETED
ADM-2026-06905,Sneha Rao,12th Grade,C,22000.0,22000.0,0.0,0.0,COMPLETED
ADM-2026-06906,Ananya Nair,9th Grade,B,15000.0,6526.23,8473.77,0.0,PENDING_DUE
ADM-2026-06907,Diya Patel,11th Grade,C,22000.0,22000.0,0.0,0.0,COMPLETED
ADM-2026-06908,Rohan Gupta,12th Grade,B,18000.0,18000.0,0.0,0.0,COMPLETED
ADM-2026-06909,Vihaan Mehta,11th Grade,B,18000.0,12229.9,5770.1,0.0,PENDING_DUE
ADM-2026-06910,Pankaj Patel,12th Grade,C,18000.0,18000.0,0.0,0.0,COMPLETED
ADM-2026-06911,Ayaan Kumar,12th Grade,D,18000.0,18000.0,0.0,0.0,COMPLETED
ADM-2026-06912,Diya Sen,12th Grade,A,15000.0,15000.0,0.0,0.0,COMPLETED
ADM-2026-06913,Sneha Iyer,10th Grade,D,22000.0,22000.0,0.0,0.0,COMPLETED
ADM-2026-06914,Aarav Rao,10th Grade,D,18000.0,18000.0,0.0,0.0,COMPLETED
ADM-2026-06915,Pooja Das,12th Grade,C,18000.0,1710.6,16289.4,500.0,DEFAULT_AGED
ADM-2026-06916,Ananya Rao,10th Grade,D,18000.0,18000.0,0.0,0.0,COMPLETED
ADM-2026-06917,Reyansh Rao,9th Grade,B,15000.0,7740.66,7259.34,0.0,PENDING_DUE
ADM-2026-06918,Aadhya Kumar,9th Grade,C,18000.0,8444.17,9555.83,0.0,PENDING_DUE
ADM-2026-06919,Diya Choudhury,11th Grade,B,15000.0,4644.97,10355.03,0.0,PENDING_DUE
ADM-2026-06920,Anjali Mehta,9th Grade,D,15000.0,5325.79,9674.21,0.0,PENDING_DUE
ADM-2026-06921,Diya Kumar,11th Grade,B,12000.0,12000.0,0.0,0.0,COMPLETED
ADM-2026-06922,Rohan Mehta,12th Grade,D,12000.0,5795.1,6204.9,0.0,PENDING_DUE
ADM-2026-06923,Pooja Pillai,12th Grade,A,18000.0,11053.02,6946.98,0.0,PENDING_DUE
ADM-2026-06924,Vihaan Nair,10th Grade,D,15000.0,15000.0,0.0,0.0,COMPLETED
ADM-2026-06925,Anjali Verma,9th Grade,B,12000.0,12000.0,0.0,0.0,COMPLETED
ADM-2026-06926,Rohan Menon,9th Grade,C,15000.0,2913.74,12086.26,500.0,DEFAULT_AGED
ADM-2026-06927,Meera Kumar,10th Grade,C,15000.0,9916.21,5083.79,0.0,PENDING_DUE
ADM-2026-06928,Ayaan Choudhury,12th Grade,A,15000.0,15000.0,0.0,0.0,COMPLETED
ADM-2026-06929,Pooja Joshi,12th Grade,D,15000.0,7794.67,7205.33,0.0,PENDING_DUE
ADM-2026-06930,Anjali Sen,9th Grade,D,18000.0,3367.68,14632.32,500.0,DEFAULT_AGED
ADM-2026-06931,Ishaan Mehta,12th Grade,D,12000.0,2490.82,9509.18,250.0,DEFAULT_AGED
ADM-2026-06932,Meera Verma,9th Grade,A,18000.0,18000.0,0.0,0.0,COMPLETED
ADM-2026-06933,Sanya Singh,9th Grade,D,15000.0,5305.36,9694.64,0.0,PENDING_DUE
ADM-2026-06934,Sneha Gupta,9th Grade,B,12000.0,12000.0,0.0,0.0,COMPLETED
ADM-2026-06935,Karan Sharma,12th Grade,B,22000.0,22000.0,0.0,0.0,COMPLETED
ADM-2026-06936,Neha Patel,9th Grade,A,12000.0,12000.0,0.0,0.0,COMPLETED
ADM-2026-06937,Priya Nair,10th Grade,C,18000.0,10823.08,7176.92,0.0,PENDING_DUE
ADM-2026-06938,Reyansh Bose,12th Grade,C,12000.0,12000.0,0.0,0.0,COMPLETED
ADM-2026-06939,Ishaan Pillai,9th Grade,C,12000.0,3371.78,8628.22,0.0,PENDING_DUE
ADM-2026-06940,Pankaj Nair,11th Grade,D,22000.0,22000.0,0.0,0.0,COMPLETED
ADM-2026-06941,Pari Verma,11th Grade,D,18000.0,10741.86,7258.14,0.0,PENDING_DUE
ADM-2026-06942,Reyansh Patel,12th Grade,B,15000.0,15000.0,0.0,0.0,COMPLETED
ADM-2026-06943,Ishaan Malhotra,12th Grade,B,22000.0,22000.0,0.0,0.0,COMPLETED
ADM-2026-06944,Meera Choudhury,9th Grade,D,12000.0,7400.15,4599.85,0.0,PENDING_DUE
ADM-2026-06945,Priya Menon,12th Grade,A,12000.0,6723.0,5277.0,0.0,PENDING_DUE
ADM-2026-06946,Riya Sharma,9th Grade,A,15000.0,15000.0,0.0,0.0,COMPLETED
ADM-2026-06947,Karan Choudhury,9th Grade,C,18000.0,18000.0,0.0,0.0,COMPLETED
ADM-2026-06948,Riya Sen,11th Grade,B,12000.0,2883.63,9116.37,500.0,DEFAULT_AGED
ADM-2026-06949,Sanya Deshmukh,10th Grade,A,12000.0,12000.0,0.0,0.0,COMPLETED
ADM-2026-06950,Ishaan Gupta,11th Grade,D,12000.0,12000.0,0.0,0.0,COMPLETED
ADM-2026-06951,Pankaj Sen,10th Grade,B,18000.0,18000.0,0.0,0.0,COMPLETED
ADM-2026-06952,Amit Sen,10th Grade,D,22000.0,22000.0,0.0,0.0,COMPLETED
ADM-2026-06953,Anjali Deshmukh,12th Grade,A,22000.0,6785.76,15214.24,0.0,PENDING_DUE
ADM-2026-06954,Vivaan Reddy,12th Grade,C,22000.0,22000.0,0.0,0.0,COMPLETED
ADM-2026-06955,Rohan Verma,9th Grade,C,12000.0,4492.22,7507.78,0.0,PENDING_DUE
ADM-2026-06956,Anjali Malhotra,12th Grade,C,12000.0,12000.0,0.0,0.0,COMPLETED
ADM-2026-06957,Meera Mehta,10th Grade,B,22000.0,22000.0,0.0,0.0,COMPLETED
ADM-2026-06958,Pooja Das,9th Grade,C,15000.0,15000.0,0.0,0.0,COMPLETED
ADM-2026-06959,Aditya Sharma,9th Grade,A,22000.0,9867.04,12132.96,0.0,PENDING_DUE
ADM-2026-06960,Ayaan Verma,12th Grade,A,18000.0,18000.0,0.0,0.0,COMPLETED
ADM-2026-06961,Ishaan Menon,11th Grade,A,12000.0,6017.15,5982.85,0.0,PENDING_DUE
ADM-2026-06962,Anjali Patel,11th Grade,D,15000.0,15000.0,0.0,0.0,COMPLETED
ADM-2026-06963,Pankaj Kumar,11th Grade,C,18000.0,18000.0,0.0,0.0,COMPLETED
ADM-2026-06964,Sanya Singh,9th Grade,A,18000.0,3957.82,14042.18,0.0,PENDING_DUE
ADM-2026-06965,Rohan Iyer,11th Grade,A,18000.0,8899.77,9100.23,0.0,PENDING_DUE
ADM-2026-06966,Ananya Verma,9th Grade,A,22000.0,22000.0,0.0,0.0,COMPLETED
ADM-2026-06967,Riya Bose,10th Grade,D,12000.0,12000.0,0.0,0.0,COMPLETED
ADM-2026-06968,Ishaan Verma,10th Grade,C,22000.0,22000.0,0.0,0.0,COMPLETED
ADM-2026-06969,Vihaan Patel,9th Grade,D,15000.0,15000.0,0.0,0.0,COMPLETED
ADM-2026-06970,Priya Choudhury,9th Grade,A,22000.0,22000.0,0.0,0.0,COMPLETED
ADM-2026-06971,Anjali Mehta,10th Grade,B,12000.0,7108.35,4891.65,0.0,PENDING_DUE
ADM-2026-06972,Rohan Rao,12th Grade,D,22000.0,22000.0,0.0,0.0,COMPLETED
ADM-2026-06973,Ayaan Nair,12th Grade,A,12000.0,6553.17,5446.83,0.0,PENDING_DUE
ADM-2026-06974,Priya Reddy,9th Grade,B,15000.0,15000.0,0.0,0.0,COMPLETED
ADM-2026-06975,Sneha Gupta,10th Grade,D,22000.0,22000.0,0.0,0.0,COMPLETED
ADM-2026-06976,Ananya Nair,11th Grade,D,12000.0,12000.0,0.0,0.0,COMPLETED
ADM-2026-06977,Riya Kumar,12th Grade,A,15000.0,15000.0,0.0,0.0,COMPLETED
ADM-2026-06978,Vikas Choudhury,12th Grade,D,22000.0,12351.32,9648.68,0.0,PENDING_DUE
ADM-2026-06979,Karan Sen,9th Grade,D,12000.0,12000.0,0.0,0.0,COMPLETED
ADM-2026-06980,Meera Das,9th Grade,B,12000.0,1606.6,10393.4,500.0,DEFAULT_AGED
ADM-2026-06981,Diya Patel,11th Grade,C,12000.0,5454.4,6545.6,0.0,PENDING_DUE
ADM-2026-06982,Ayaan Choudhury,9th Grade,B,18000.0,5403.12,12596.88,0.0,PENDING_DUE
ADM-2026-06983,Rohan Deshmukh,12th Grade,D,18000.0,18000.0,0.0,0.0,COMPLETED
ADM-2026-06984,Neha Iyer,11th Grade,B,22000.0,9114.48,12885.52,0.0,PENDING_DUE
ADM-2026-06985,Vihaan Patel,12th Grade,A,12000.0,4850.9,7149.1,0.0,PENDING_DUE
ADM-2026-06986,Aarav Patel,10th Grade,A,22000.0,22000.0,0.0,0.0,COMPLETED
ADM-2026-06987,Sai Bose,11th Grade,A,22000.0,8310.67,13689.33,0.0,PENDING_DUE
ADM-2026-06988,Karan Rao,11th Grade,A,22000.0,12275.71,9724.29,0.0,PENDING_DUE
ADM-2026-06989,Pooja Gupta,10th Grade,C,12000.0,12000.0,0.0,0.0,COMPLETED
ADM-2026-06990,Rahul Sen,9th Grade,A,12000.0,2438.45,9561.55,0.0,PENDING_DUE
ADM-2026-06991,Neha Joshi,12th Grade,B,22000.0,5925.3,16074.7,0.0,PENDING_DUE
ADM-2026-06992,Rohan Singh,12th Grade,C,18000.0,12113.11,5886.89,0.0,PENDING_DUE
ADM-2026-06993,Reyansh Choudhury,11th Grade,B,22000.0,436.95,21563.05,500.0,DEFAULT_AGED
ADM-2026-06994,Pooja Malhotra,12th Grade,B,18000.0,3815.54,14184.46,0.0,PENDING_DUE
ADM-2026-06995,Meera Malhotra,9th Grade,A,12000.0,12000.0,0.0,0.0,COMPLETED
ADM-2026-06996,Riya Menon,11th Grade,A,12000.0,4556.66,7443.34,0.0,PENDING_DUE
ADM-2026-06997,Vihaan Das,11th Grade,C,22000.0,22000.0,0.0,0.0,COMPLETED
ADM-2026-06998,Vihaan Singh,9th Grade,C,12000.0,12000.0,0.0,0.0,COMPLETED
ADM-2026-06999,Arjun Kumar,10th Grade,B,18000.0,18000.0,0.0,0.0,COMPLETED
ADM-2026-07000,Sai Choudhury,10th Grade,D,15000.0,5788.12,9211.88,0.0,PENDING_DUE
ADM-2026-07001,Ayaan Sen,12th Grade,C,12000.0,12000.0,0.0,0.0,COMPLETED
ADM-2026-07002,Amit Singh,11th Grade,A,22000.0,22000.0,0.0,0.0,COMPLETED
ADM-2026-07003,Kavita Gupta,12th Grade,B,18000.0,18000.0,0.0,0.0,COMPLETED
ADM-2026-07004,Pari Bose,9th Grade,D,18000.0,18000.0,0.0,0.0,COMPLETED
ADM-2026-07005,Priya Patel,10th Grade,A,22000.0,3461.03,18538.97,1000.0,DEFAULT_AGED
ADM-2026-07006,Rohan Rao,12th Grade,D,18000.0,18000.0,0.0,0.0,COMPLETED
ADM-2026-07007,Vihaan Nair,10th Grade,A,12000.0,3192.74,8807.26,0.0,PENDING_DUE
ADM-2026-07008,Meera Sen,11th Grade,C,18000.0,3593.78,14406.22,1000.0,DEFAULT_AGED
ADM-2026-07009,Vihaan Malhotra,12th Grade,A,18000.0,18000.0,0.0,0.0,COMPLETED
ADM-2026-07010,Rohan Sen,12th Grade,A,12000.0,12000.0,0.0,0.0,COMPLETED
ADM-2026-07011,Pankaj Gupta,10th Grade,A,22000.0,11241.56,10758.44,0.0,PENDING_DUE
ADM-2026-07012,Meera Sharma,11th Grade,C,15000.0,4328.02,10671.98,0.0,PENDING_DUE
ADM-2026-07013,Vikas Reddy,9th Grade,D,18000.0,18000.0,0.0,0.0,COMPLETED
ADM-2026-07014,Aarav Bose,11th Grade,A,12000.0,12000.0,0.0,0.0,COMPLETED
ADM-2026-07015,Meera Deshmukh,11th Grade,B,15000.0,15000.0,0.0,0.0,COMPLETED
ADM-2026-07016,Diya Deshmukh,9th Grade,C,18000.0,18000.0,0.0,0.0,COMPLETED
ADM-2026-07017,Anjali Bose,12th Grade,B,18000.0,5219.35,12780.65,250.0,DEFAULT_AGED
ADM-2026-07018,Karan Deshmukh,12th Grade,C,12000.0,3799.13,8200.87,0.0,PENDING_DUE
ADM-2026-07019,Sai Verma,9th Grade,B,18000.0,5612.82,12387.18,0.0,PENDING_DUE
ADM-2026-07020,Diya Pillai,10th Grade,A,12000.0,12000.0,0.0,0.0,COMPLETED
ADM-2026-07021,Pooja Malhotra,11th Grade,B,15000.0,4217.08,10782.92,0.0,PENDING_DUE
ADM-2026-07022,Pari Nair,9th Grade,B,15000.0,2272.47,12727.53,1000.0,DEFAULT_AGED
ADM-2026-07023,Riya Deshmukh,10th Grade,A,15000.0,15000.0,0.0,0.0,COMPLETED
ADM-2026-07024,Sai Malhotra,11th Grade,D,15000.0,4092.86,10907.14,0.0,PENDING_DUE
ADM-2026-07025,Ayaan Patel,11th Grade,C,22000.0,3455.43,18544.57,500.0,DEFAULT_AGED
ADM-2026-07026,Neha Kumar,10th Grade,C,18000.0,5879.14,12120.86,0.0,PENDING_DUE
ADM-2026-07027,Sneha Menon,9th Grade,B,15000.0,15000.0,0.0,0.0,COMPLETED
ADM-2026-07028,Aditya Singh,9th Grade,B,15000.0,15000.0,0.0,0.0,COMPLETED
ADM-2026-07029,Sneha Verma,12th Grade,D,22000.0,12703.91,9296.09,0.0,PENDING_DUE
ADM-2026-07030,Sai Das,11th Grade,C,18000.0,18000.0,0.0,0.0,COMPLETED
ADM-2026-07031,Karan Sen,12th Grade,C,15000.0,4206.71,10793.29,0.0,PENDING_DUE
ADM-2026-07032,Kavita Bose,9th Grade,B,22000.0,22000.0,0.0,0.0,COMPLETED
ADM-2026-07033,Neha Bose,11th Grade,B,22000.0,5393.95,16606.05,0.0,PENDING_DUE
ADM-2026-07034,Reyansh Bose,11th Grade,D,18000.0,3709.41,14290.59,500.0,DEFAULT_AGED
ADM-2026-07035,Aditya Deshmukh,9th Grade,C,18000.0,18000.0,0.0,0.0,COMPLETED
ADM-2026-07036,Ananya Sharma,9th Grade,B,22000.0,15007.74,6992.26,0.0,PENDING_DUE
ADM-2026-07037,Sneha Rao,9th Grade,A,12000.0,12000.0,0.0,0.0,COMPLETED
ADM-2026-07038,Aarav Sharma,10th Grade,B,12000.0,12000.0,0.0,0.0,COMPLETED
ADM-2026-07039,Pooja Sharma,10th Grade,A,12000.0,12000.0,0.0,0.0,COMPLETED
ADM-2026-07040,Rahul Deshmukh,9th Grade,A,12000.0,2649.28,9350.72,0.0,PENDING_DUE
ADM-2026-07041,Aarav Sharma,11th Grade,D,15000.0,15000.0,0.0,0.0,COMPLETED
ADM-2026-07042,Amit Choudhury,9th Grade,C,15000.0,4125.87,10874.13,250.0,DEFAULT_AGED
ADM-2026-07043,Riya Deshmukh,11th Grade,D,22000.0,6440.48,15559.52,250.0,DEFAULT_AGED
ADM-2026-07044,Rahul Sen,9th Grade,B,22000.0,22000.0,0.0,0.0,COMPLETED
ADM-2026-07045,Pankaj Bose,11th Grade,C,12000.0,3834.67,8165.33,0.0,PENDING_DUE
ADM-2026-07046,Diya Choudhury,12th Grade,C,22000.0,22000.0,0.0,0.0,COMPLETED
ADM-2026-07047,Diya Malhotra,11th Grade,D,12000.0,1284.33,10715.67,500.0,DEFAULT_AGED
ADM-2026-07048,Rohan Reddy,9th Grade,D,22000.0,5220.47,16779.53,0.0,PENDING_DUE
ADM-2026-07049,Sai Kumar,10th Grade,D,22000.0,10869.78,11130.22,0.0,PENDING_DUE
ADM-2026-07050,Diya Sen,10th Grade,A,15000.0,15000.0,0.0,0.0,COMPLETED
ADM-2026-07051,Sai Singh,10th Grade,B,18000.0,3227.52,14772.48,250.0,DEFAULT_AGED
ADM-2026-07052,Ananya Menon,9th Grade,B,18000.0,18000.0,0.0,0.0,COMPLETED
ADM-2026-07053,Arjun Malhotra,11th Grade,A,15000.0,4702.47,10297.53,0.0,PENDING_DUE
ADM-2026-07054,Meera Gupta,10th Grade,B,12000.0,12000.0,0.0,0.0,COMPLETED
ADM-2026-07055,Krishna Reddy,12th Grade,C,18000.0,3617.67,14382.33,1000.0,DEFAULT_AGED
ADM-2026-07056,Ishaan Gupta,11th Grade,C,18000.0,4273.57,13726.43,0.0,PENDING_DUE
ADM-2026-07057,Priya Iyer,10th Grade,A,12000.0,12000.0,0.0,0.0,COMPLETED
ADM-2026-07058,Krishna Joshi,11th Grade,C,18000.0,2737.1,15262.9,500.0,DEFAULT_AGED
ADM-2026-07059,Sai Patel,12th Grade,A,18000.0,6764.28,11235.72,0.0,PENDING_DUE
ADM-2026-07060,Pankaj Malhotra,12th Grade,D,12000.0,6331.43,5668.57,0.0,PENDING_DUE
ADM-2026-07061,Priya Menon,9th Grade,C,15000.0,2958.68,12041.32,500.0,DEFAULT_AGED
ADM-2026-07062,Pankaj Pillai,11th Grade,A,12000.0,3623.73,8376.27,0.0,PENDING_DUE
ADM-2026-07063,Karan Singh,9th Grade,B,12000.0,12000.0,0.0,0.0,COMPLETED
ADM-2026-07064,Sneha Rao,10th Grade,B,12000.0,1599.07,10400.93,500.0,DEFAULT_AGED
ADM-2026-07065,Krishna Pillai,9th Grade,B,12000.0,12000.0,0.0,0.0,COMPLETED
ADM-2026-07066,Arjun Rao,11th Grade,A,15000.0,15000.0,0.0,0.0,COMPLETED
ADM-2026-07067,Anjali Menon,11th Grade,C,18000.0,18000.0,0.0,0.0,COMPLETED
ADM-2026-07068,Sneha Malhotra,12th Grade,C,22000.0,22000.0,0.0,0.0,COMPLETED
ADM-2026-07069,Reyansh Kumar,11th Grade,B,12000.0,581.38,11418.62,250.0,DEFAULT_AGED
ADM-2026-07070,Neha Sharma,12th Grade,D,22000.0,22000.0,0.0,0.0,COMPLETED
ADM-2026-07071,Vivaan Choudhury,12th Grade,A,12000.0,2943.55,9056.45,1000.0,DEFAULT_AGED
ADM-2026-07072,Vihaan Kumar,11th Grade,D,18000.0,8303.57,9696.43,0.0,PENDING_DUE
ADM-2026-07073,Riya Pillai,10th Grade,A,15000.0,5674.96,9325.04,0.0,PENDING_DUE
ADM-2026-07074,Rohan Menon,11th Grade,B,12000.0,12000.0,0.0,0.0,COMPLETED
ADM-2026-07075,Vihaan Reddy,9th Grade,C,12000.0,1207.56,10792.44,250.0,DEFAULT_AGED
ADM-2026-07076,Meera Choudhury,12th Grade,C,22000.0,22000.0,0.0,0.0,COMPLETED
ADM-2026-07077,Sai Nair,12th Grade,C,18000.0,8939.62,9060.38,0.0,PENDING_DUE
ADM-2026-07078,Aarav Nair,11th Grade,B,12000.0,4238.88,7761.12,0.0,PENDING_DUE
ADM-2026-07079,Ananya Nair,12th Grade,A,12000.0,12000.0,0.0,0.0,COMPLETED
ADM-2026-07080,Pari Singh,9th Grade,B,18000.0,8101.98,9898.02,0.0,PENDING_DUE
ADM-2026-07081,Ishaan Pillai,12th Grade,B,18000.0,9173.93,8826.07,0.0,PENDING_DUE
ADM-2026-07082,Aadhya Gupta,11th Grade,B,12000.0,3997.92,8002.08,0.0,PENDING_DUE
ADM-2026-07083,Vihaan Malhotra,10th Grade,B,12000.0,12000.0,0.0,0.0,COMPLETED
ADM-2026-07084,Sanya Menon,12th Grade,D,22000.0,22000.0,0.0,0.0,COMPLETED
ADM-2026-07085,Diya Menon,10th Grade,A,22000.0,22000.0,0.0,0.0,COMPLETED
ADM-2026-07086,Ananya Joshi,12th Grade,C,18000.0,1660.02,16339.98,1000.0,DEFAULT_AGED
ADM-2026-07087,Pari Verma,10th Grade,A,22000.0,4606.68,17393.32,0.0,PENDING_DUE
ADM-2026-07088,Diya Iyer,12th Grade,D,22000.0,4924.66,17075.34,0.0,PENDING_DUE
ADM-2026-07089,Krishna Das,10th Grade,B,12000.0,6165.8,5834.2,0.0,PENDING_DUE
ADM-2026-07090,Ananya Reddy,12th Grade,B,22000.0,13357.82,8642.18,0.0,PENDING_DUE
ADM-2026-07091,Kavita Bose,11th Grade,B,22000.0,22000.0,0.0,0.0,COMPLETED
ADM-2026-07092,Rohan Deshmukh,11th Grade,D,15000.0,4145.46,10854.54,0.0,PENDING_DUE
ADM-2026-07093,Vivaan Deshmukh,12th Grade,B,15000.0,15000.0,0.0,0.0,COMPLETED
ADM-2026-07094,Pooja Joshi,10th Grade,B,18000.0,18000.0,0.0,0.0,COMPLETED
ADM-2026-07095,Vikas Nair,11th Grade,A,22000.0,1441.76,20558.24,250.0,DEFAULT_AGED
ADM-2026-07096,Aarav Nair,12th Grade,C,12000.0,2744.62,9255.38,0.0,PENDING_DUE
ADM-2026-07097,Reyansh Verma,12th Grade,B,15000.0,15000.0,0.0,0.0,COMPLETED
ADM-2026-07098,Rahul Das,10th Grade,D,22000.0,4186.37,17813.63,250.0,DEFAULT_AGED
ADM-2026-07099,Ishaan Das,11th Grade,D,12000.0,12000.0,0.0,0.0,COMPLETED
ADM-2026-07100,Aadhya Sharma,12th Grade,C,22000.0,22000.0,0.0,0.0,COMPLETED
ADM-2026-07101,Reyansh Singh,9th Grade,B,18000.0,18000.0,0.0,0.0,COMPLETED
ADM-2026-07102,Pankaj Singh,10th Grade,A,22000.0,22000.0,0.0,0.0,COMPLETED
ADM-2026-07103,Meera Reddy,10th Grade,C,22000.0,3636.92,18363.08,250.0,DEFAULT_AGED
ADM-2026-07104,Sneha Verma,9th Grade,A,22000.0,8874.25,13125.75,0.0,PENDING_DUE
ADM-2026-07105,Vihaan Joshi,12th Grade,B,18000.0,18000.0,0.0,0.0,COMPLETED
ADM-2026-07106,Vikas Pillai,10th Grade,A,18000.0,954.26,17045.74,500.0,DEFAULT_AGED
ADM-2026-07107,Diya Sharma,11th Grade,D,22000.0,12271.89,9728.11,0.0,PENDING_DUE
ADM-2026-07108,Aadhya Verma,10th Grade,D,15000.0,15000.0,0.0,0.0,COMPLETED
ADM-2026-07109,Vivaan Pillai,10th Grade,D,18000.0,18000.0,0.0,0.0,COMPLETED
ADM-2026-07110,Anjali Singh,9th Grade,B,12000.0,3105.48,8894.52,1000.0,DEFAULT_AGED
ADM-2026-07111,Diya Joshi,12th Grade,A,18000.0,4965.91,13034.09,0.0,PENDING_DUE
ADM-2026-07112,Neha Verma,9th Grade,C,15000.0,15000.0,0.0,0.0,COMPLETED
ADM-2026-07113,Riya Rao,12th Grade,B,18000.0,18000.0,0.0,0.0,COMPLETED
ADM-2026-07114,Vivaan Reddy,11th Grade,B,15000.0,9974.31,5025.69,0.0,PENDING_DUE
ADM-2026-07115,Pari Singh,11th Grade,C,22000.0,6355.17,15644.83,0.0,PENDING_DUE
ADM-2026-07116,Ishaan Menon,10th Grade,C,22000.0,14970.62,7029.38,0.0,PENDING_DUE
ADM-2026-07117,Pooja Kumar,10th Grade,C,12000.0,3242.79,8757.21,0.0,PENDING_DUE
ADM-2026-07118,Vikas Malhotra,11th Grade,B,12000.0,12000.0,0.0,0.0,COMPLETED
ADM-2026-07119,Pankaj Gupta,9th Grade,A,12000.0,12000.0,0.0,0.0,COMPLETED
ADM-2026-07120,Priya Reddy,11th Grade,B,12000.0,7019.57,4980.43,0.0,PENDING_DUE
ADM-2026-07121,Neha Gupta,11th Grade,C,22000.0,5580.41,16419.59,1000.0,DEFAULT_AGED
ADM-2026-07122,Ayaan Joshi,11th Grade,B,18000.0,18000.0,0.0,0.0,COMPLETED
ADM-2026-07123,Kavita Mehta,12th Grade,C,22000.0,22000.0,0.0,0.0,COMPLETED
ADM-2026-07124,Aarav Kumar,12th Grade,A,18000.0,18000.0,0.0,0.0,COMPLETED
ADM-2026-07125,Aarav Choudhury,10th Grade,C,12000.0,4432.25,7567.75,0.0,PENDING_DUE
ADM-2026-07126,Aadhya Deshmukh,11th Grade,C,18000.0,18000.0,0.0,0.0,COMPLETED
ADM-2026-07127,Vivaan Patel,10th Grade,B,22000.0,22000.0,0.0,0.0,COMPLETED
ADM-2026-07128,Ishaan Das,10th Grade,C,18000.0,10542.3,7457.7,0.0,PENDING_DUE
ADM-2026-07129,Vikas Mehta,11th Grade,C,12000.0,4028.44,7971.56,0.0,PENDING_DUE
ADM-2026-07130,Aditya Das,10th Grade,B,12000.0,3028.38,8971.62,0.0,PENDING_DUE
ADM-2026-07131,Amit Sen,12th Grade,A,12000.0,6400.84,5599.16,0.0,PENDING_DUE
ADM-2026-07132,Aditya Sen,12th Grade,B,12000.0,12000.0,0.0,0.0,COMPLETED
ADM-2026-07133,Aarav Nair,12th Grade,A,12000.0,12000.0,0.0,0.0,COMPLETED
ADM-2026-07134,Sai Iyer,10th Grade,B,22000.0,22000.0,0.0,0.0,COMPLETED
ADM-2026-07135,Neha Rao,10th Grade,C,12000.0,3399.37,8600.63,1000.0,DEFAULT_AGED
ADM-2026-07136,Sai Sharma,12th Grade,B,18000.0,209.72,17790.28,1000.0,DEFAULT_AGED
ADM-2026-07137,Vihaan Verma,11th Grade,C,15000.0,15000.0,0.0,0.0,COMPLETED
ADM-2026-07138,Diya Joshi,12th Grade,B,18000.0,18000.0,0.0,0.0,COMPLETED
ADM-2026-07139,Vivaan Singh,11th Grade,D,18000.0,18000.0,0.0,0.0,COMPLETED
ADM-2026-07140,Kavita Sharma,11th Grade,C,12000.0,2649.13,9350.87,0.0,PENDING_DUE
ADM-2026-07141,Diya Sharma,10th Grade,D,12000.0,12000.0,0.0,0.0,COMPLETED
ADM-2026-07142,Ishaan Kumar,10th Grade,B,22000.0,8482.88,13517.12,0.0,PENDING_DUE
ADM-2026-07143,Diya Kumar,12th Grade,C,22000.0,685.28,21314.72,500.0,DEFAULT_AGED
ADM-2026-07144,Ishaan Patel,12th Grade,A,22000.0,13725.16,8274.84,0.0,PENDING_DUE
ADM-2026-07145,Pankaj Patel,9th Grade,B,15000.0,7778.82,7221.18,0.0,PENDING_DUE
ADM-2026-07146,Arjun Kumar,11th Grade,B,18000.0,7614.61,10385.39,0.0,PENDING_DUE
ADM-2026-07147,Meera Mehta,10th Grade,C,12000.0,12000.0,0.0,0.0,COMPLETED
ADM-2026-07148,Amit Patel,10th Grade,D,18000.0,18000.0,0.0,0.0,COMPLETED
ADM-2026-07149,Aarav Iyer,11th Grade,C,15000.0,7819.96,7180.04,0.0,PENDING_DUE
ADM-2026-07150,Pankaj Sen,10th Grade,C,15000.0,8203.18,6796.82,0.0,PENDING_DUE
ADM-2026-07151,Diya Patel,12th Grade,C,18000.0,18000.0,0.0,0.0,COMPLETED
ADM-2026-07152,Priya Iyer,12th Grade,A,18000.0,18000.0,0.0,0.0,COMPLETED
ADM-2026-07153,Meera Iyer,10th Grade,A,15000.0,15000.0,0.0,0.0,COMPLETED
ADM-2026-07154,Sanya Singh,9th Grade,C,12000.0,2952.65,9047.35,0.0,PENDING_DUE
ADM-2026-07155,Vihaan Das,11th Grade,B,12000.0,7660.13,4339.87,0.0,PENDING_DUE
ADM-2026-07156,Kavita Das,10th Grade,B,22000.0,22000.0,0.0,0.0,COMPLETED
ADM-2026-07157,Ananya Malhotra,10th Grade,A,15000.0,10430.51,4569.49,0.0,PENDING_DUE
ADM-2026-07158,Aarav Mehta,9th Grade,D,15000.0,6522.13,8477.87,0.0,PENDING_DUE
ADM-2026-07159,Meera Bose,11th Grade,A,22000.0,22000.0,0.0,0.0,COMPLETED
ADM-2026-07160,Rohan Gupta,10th Grade,C,15000.0,7660.49,7339.51,0.0,PENDING_DUE
ADM-2026-07161,Sanya Bose,11th Grade,A,15000.0,5045.31,9954.69,0.0,PENDING_DUE
ADM-2026-07162,Diya Singh,12th Grade,A,18000.0,18000.0,0.0,0.0,COMPLETED
ADM-2026-07163,Pankaj Nair,10th Grade,C,18000.0,12505.8,5494.2,0.0,PENDING_DUE
ADM-2026-07164,Diya Pillai,10th Grade,A,12000.0,12000.0,0.0,0.0,COMPLETED
ADM-2026-07165,Pari Sen,12th Grade,C,18000.0,1636.55,16363.45,250.0,DEFAULT_AGED
ADM-2026-07166,Pooja Bose,12th Grade,C,22000.0,8603.89,13396.11,0.0,PENDING_DUE
ADM-2026-07167,Ananya Sharma,9th Grade,D,22000.0,22000.0,0.0,0.0,COMPLETED
ADM-2026-07168,Sanya Kumar,9th Grade,B,12000.0,4691.09,7308.91,0.0,PENDING_DUE
ADM-2026-07169,Ishaan Rao,12th Grade,B,15000.0,15000.0,0.0,0.0,COMPLETED
ADM-2026-07170,Priya Menon,10th Grade,A,18000.0,18000.0,0.0,0.0,COMPLETED
ADM-2026-07171,Aditya Reddy,10th Grade,C,12000.0,12000.0,0.0,0.0,COMPLETED
ADM-2026-07172,Riya Rao,9th Grade,A,12000.0,4101.2,7898.8,0.0,PENDING_DUE
ADM-2026-07173,Sai Malhotra,10th Grade,D,12000.0,12000.0,0.0,0.0,COMPLETED
ADM-2026-07174,Pooja Joshi,10th Grade,D,18000.0,7837.56,10162.44,0.0,PENDING_DUE
ADM-2026-07175,Sai Joshi,11th Grade,D,22000.0,9442.8,12557.2,0.0,PENDING_DUE
ADM-2026-07176,Vikas Reddy,12th Grade,D,18000.0,18000.0,0.0,0.0,COMPLETED
ADM-2026-07177,Pooja Reddy,9th Grade,C,15000.0,15000.0,0.0,0.0,COMPLETED
ADM-2026-07178,Aarav Rao,11th Grade,B,18000.0,18000.0,0.0,0.0,COMPLETED
ADM-2026-07179,Sai Menon,10th Grade,B,18000.0,18000.0,0.0,0.0,COMPLETED
ADM-2026-07180,Amit Gupta,9th Grade,C,15000.0,15000.0,0.0,0.0,COMPLETED
ADM-2026-07181,Aarav Sharma,11th Grade,B,12000.0,6602.54,5397.46,0.0,PENDING_DUE
ADM-2026-07182,Aadhya Pillai,11th Grade,B,18000.0,18000.0,0.0,0.0,COMPLETED
ADM-2026-07183,Pari Choudhury,11th Grade,A,12000.0,2302.4,9697.6,250.0,DEFAULT_AGED
ADM-2026-07184,Priya Mehta,12th Grade,A,15000.0,3957.35,11042.65,500.0,DEFAULT_AGED
ADM-2026-07185,Reyansh Mehta,10th Grade,B,15000.0,15000.0,0.0,0.0,COMPLETED
ADM-2026-07186,Vivaan Nair,12th Grade,D,12000.0,2177.73,9822.27,1000.0,DEFAULT_AGED
ADM-2026-07187,Amit Deshmukh,10th Grade,B,22000.0,22000.0,0.0,0.0,COMPLETED
ADM-2026-07188,Sneha Choudhury,10th Grade,D,15000.0,15000.0,0.0,0.0,COMPLETED
ADM-2026-07189,Meera Sharma,9th Grade,C,22000.0,7422.29,14577.71,0.0,PENDING_DUE
ADM-2026-07190,Sanya Das,11th Grade,A,12000.0,3488.29,8511.71,0.0,PENDING_DUE
ADM-2026-07191,Pankaj Sharma,11th Grade,C,12000.0,12000.0,0.0,0.0,COMPLETED
ADM-2026-07192,Ishaan Nair,11th Grade,C,22000.0,7109.25,14890.75,0.0,PENDING_DUE
ADM-2026-07193,Diya Iyer,12th Grade,C,12000.0,1114.19,10885.81,500.0,DEFAULT_AGED
ADM-2026-07194,Arjun Sen,9th Grade,D,12000.0,4045.15,7954.85,0.0,PENDING_DUE
ADM-2026-07195,Riya Bose,11th Grade,C,15000.0,3065.89,11934.11,1000.0,DEFAULT_AGED
ADM-2026-07196,Rohan Reddy,9th Grade,D,18000.0,7204.42,10795.58,0.0,PENDING_DUE
ADM-2026-07197,Vikas Pillai,11th Grade,D,12000.0,12000.0,0.0,0.0,COMPLETED
ADM-2026-07198,Diya Bose,9th Grade,D,22000.0,3544.56,18455.44,1000.0,DEFAULT_AGED
ADM-2026-07199,Ayaan Pillai,12th Grade,B,22000.0,22000.0,0.0,0.0,COMPLETED
ADM-2026-07200,Diya Iyer,12th Grade,B,18000.0,10414.74,7585.26,0.0,PENDING_DUE
ADM-2026-07201,Neha Rao,12th Grade,A,22000.0,5816.91,16183.09,250.0,DEFAULT_AGED
ADM-2026-07202,Ayaan Nair,12th Grade,A,15000.0,1305.78,13694.22,250.0,DEFAULT_AGED
ADM-2026-07203,Anjali Verma,11th Grade,D,12000.0,2234.84,9765.16,250.0,DEFAULT_AGED
ADM-2026-07204,Sneha Pillai,10th Grade,A,22000.0,22000.0,0.0,0.0,COMPLETED
ADM-2026-07205,Amit Mehta,11th Grade,B,15000.0,15000.0,0.0,0.0,COMPLETED
ADM-2026-07206,Sneha Kumar,11th Grade,B,22000.0,15276.31,6723.69,0.0,PENDING_DUE
ADM-2026-07207,Arjun Malhotra,12th Grade,B,15000.0,15000.0,0.0,0.0,COMPLETED
ADM-2026-07208,Arjun Menon,10th Grade,B,22000.0,14713.28,7286.72,0.0,PENDING_DUE
ADM-2026-07209,Sneha Deshmukh,10th Grade,C,18000.0,18000.0,0.0,0.0,COMPLETED
ADM-2026-07210,Kavita Nair,10th Grade,A,12000.0,5262.79,6737.21,0.0,PENDING_DUE
ADM-2026-07211,Karan Gupta,10th Grade,A,18000.0,5131.06,12868.94,1000.0,DEFAULT_AGED
ADM-2026-07212,Aadhya Menon,10th Grade,C,15000.0,5719.76,9280.24,0.0,PENDING_DUE
ADM-2026-07213,Rahul Choudhury,10th Grade,C,15000.0,15000.0,0.0,0.0,COMPLETED
ADM-2026-07214,Sneha Das,12th Grade,A,12000.0,4062.62,7937.38,0.0,PENDING_DUE
ADM-2026-07215,Aarav Singh,10th Grade,D,15000.0,3953.59,11046.41,500.0,DEFAULT_AGED
ADM-2026-07216,Vihaan Bose,9th Grade,B,22000.0,22000.0,0.0,0.0,COMPLETED
ADM-2026-07217,Pari Joshi,11th Grade,D,18000.0,1574.02,16425.98,1000.0,DEFAULT_AGED
ADM-2026-07218,Ishaan Iyer,9th Grade,A,15000.0,15000.0,0.0,0.0,COMPLETED
ADM-2026-07219,Ananya Deshmukh,12th Grade,C,15000.0,809.06,14190.94,500.0,DEFAULT_AGED
ADM-2026-07220,Rohan Singh,12th Grade,D,18000.0,8971.75,9028.25,0.0,PENDING_DUE
ADM-2026-07221,Pari Sen,12th Grade,B,18000.0,989.33,17010.67,1000.0,DEFAULT_AGED
ADM-2026-07222,Sanya Pillai,11th Grade,A,18000.0,18000.0,0.0,0.0,COMPLETED
ADM-2026-07223,Vihaan Verma,10th Grade,C,18000.0,18000.0,0.0,0.0,COMPLETED
ADM-2026-07224,Pooja Patel,9th Grade,C,22000.0,9849.09,12150.91,0.0,PENDING_DUE
ADM-2026-07225,Ishaan Bose,11th Grade,C,18000.0,18000.0,0.0,0.0,COMPLETED
ADM-2026-07226,Pankaj Nair,11th Grade,A,15000.0,15000.0,0.0,0.0,COMPLETED
ADM-2026-07227,Krishna Gupta,12th Grade,C,15000.0,8731.31,6268.69,0.0,PENDING_DUE
ADM-2026-07228,Sneha Iyer,11th Grade,C,12000.0,3112.37,8887.63,0.0,PENDING_DUE
ADM-2026-07229,Diya Iyer,9th Grade,C,22000.0,22000.0,0.0,0.0,COMPLETED
ADM-2026-07230,Diya Nair,9th Grade,A,18000.0,3894.21,14105.79,0.0,PENDING_DUE
ADM-2026-07231,Pari Kumar,12th Grade,A,12000.0,5221.81,6778.19,0.0,PENDING_DUE
ADM-2026-07232,Vihaan Kumar,9th Grade,C,12000.0,4383.32,7616.68,0.0,PENDING_DUE
ADM-2026-07233,Pooja Bose,11th Grade,A,12000.0,3663.79,8336.21,0.0,PENDING_DUE
ADM-2026-07234,Diya Rao,12th Grade,A,12000.0,12000.0,0.0,0.0,COMPLETED
ADM-2026-07235,Neha Deshmukh,10th Grade,D,18000.0,1967.72,16032.28,500.0,DEFAULT_AGED
ADM-2026-07236,Sneha Bose,11th Grade,B,15000.0,15000.0,0.0,0.0,COMPLETED
ADM-2026-07237,Diya Reddy,11th Grade,D,12000.0,7906.8,4093.2,0.0,PENDING_DUE
ADM-2026-07238,Priya Malhotra,10th Grade,C,12000.0,12000.0,0.0,0.0,COMPLETED
ADM-2026-07239,Pooja Gupta,9th Grade,B,18000.0,18000.0,0.0,0.0,COMPLETED
ADM-2026-07240,Sanya Deshmukh,12th Grade,D,15000.0,3157.8,11842.2,0.0,PENDING_DUE
ADM-2026-07241,Kavita Deshmukh,11th Grade,A,18000.0,18000.0,0.0,0.0,COMPLETED
ADM-2026-07242,Rohan Gupta,11th Grade,A,22000.0,10871.15,11128.85,0.0,PENDING_DUE
ADM-2026-07243,Meera Kumar,11th Grade,C,18000.0,18000.0,0.0,0.0,COMPLETED
ADM-2026-07244,Pari Bose,12th Grade,A,12000.0,4548.49,7451.51,0.0,PENDING_DUE
ADM-2026-07245,Pooja Iyer,10th Grade,C,18000.0,18000.0,0.0,0.0,COMPLETED
ADM-2026-07246,Amit Pillai,9th Grade,A,18000.0,5239.97,12760.03,1000.0,DEFAULT_AGED
ADM-2026-07247,Kavita Sen,11th Grade,B,22000.0,54.47,21945.53,1000.0,DEFAULT_AGED
ADM-2026-07248,Krishna Joshi,12th Grade,C,12000.0,12000.0,0.0,0.0,COMPLETED
ADM-2026-07249,Riya Rao,10th Grade,C,22000.0,1034.98,20965.02,1000.0,DEFAULT_AGED
ADM-2026-07250,Ishaan Reddy,12th Grade,B,18000.0,12088.78,5911.22,0.0,PENDING_DUE
ADM-2026-07251,Ananya Pillai,11th Grade,C,22000.0,22000.0,0.0,0.0,COMPLETED
ADM-2026-07252,Sai Malhotra,9th Grade,C,12000.0,12000.0,0.0,0.0,COMPLETED
ADM-2026-07253,Sneha Iyer,9th Grade,A,22000.0,22000.0,0.0,0.0,COMPLETED
ADM-2026-07254,Pankaj Reddy,11th Grade,B,18000.0,10994.74,7005.26,0.0,PENDING_DUE
ADM-2026-07255,Sneha Menon,9th Grade,D,12000.0,3353.58,8646.42,0.0,PENDING_DUE
ADM-2026-07256,Sneha Deshmukh,11th Grade,A,12000.0,6519.1,5480.9,0.0,PENDING_DUE
ADM-2026-07257,Arjun Malhotra,11th Grade,A,18000.0,18000.0,0.0,0.0,COMPLETED
ADM-2026-07258,Vihaan Reddy,12th Grade,C,12000.0,5626.19,6373.81,0.0,PENDING_DUE
ADM-2026-07259,Pankaj Reddy,9th Grade,C,12000.0,1914.72,10085.28,500.0,DEFAULT_AGED
ADM-2026-07260,Amit Das,11th Grade,D,18000.0,18000.0,0.0,0.0,COMPLETED
ADM-2026-07261,Reyansh Mehta,11th Grade,A,12000.0,927.36,11072.64,500.0,DEFAULT_AGED
ADM-2026-07262,Pooja Nair,11th Grade,D,22000.0,22000.0,0.0,0.0,COMPLETED
ADM-2026-07263,Anjali Malhotra,10th Grade,B,15000.0,15000.0,0.0,0.0,COMPLETED
ADM-2026-07264,Anjali Iyer,11th Grade,B,15000.0,3089.8,11910.2,0.0,PENDING_DUE
ADM-2026-07265,Ishaan Iyer,10th Grade,D,15000.0,15000.0,0.0,0.0,COMPLETED
ADM-2026-07266,Rohan Kumar,10th Grade,B,22000.0,15319.76,6680.24,0.0,PENDING_DUE
ADM-2026-07267,Karan Patel,11th Grade,D,15000.0,15000.0,0.0,0.0,COMPLETED
ADM-2026-07268,Anjali Kumar,11th Grade,D,22000.0,22000.0,0.0,0.0,COMPLETED
ADM-2026-07269,Pari Bose,12th Grade,D,12000.0,12000.0,0.0,0.0,COMPLETED
ADM-2026-07270,Pankaj Choudhury,10th Grade,C,22000.0,3674.58,18325.42,500.0,DEFAULT_AGED
ADM-2026-07271,Riya Das,11th Grade,B,18000.0,18000.0,0.0,0.0,COMPLETED
ADM-2026-07272,Arjun Joshi,9th Grade,D,12000.0,7263.91,4736.09,0.0,PENDING_DUE
ADM-2026-07273,Vivaan Mehta,10th Grade,B,12000.0,3585.58,8414.42,0.0,PENDING_DUE
ADM-2026-07274,Pankaj Reddy,9th Grade,B,15000.0,15000.0,0.0,0.0,COMPLETED
ADM-2026-07275,Anjali Pillai,9th Grade,A,22000.0,22000.0,0.0,0.0,COMPLETED
ADM-2026-07276,Krishna Gupta,10th Grade,A,15000.0,38.12,14961.88,1000.0,DEFAULT_AGED
ADM-2026-07277,Anjali Das,11th Grade,B,22000.0,22000.0,0.0,0.0,COMPLETED
ADM-2026-07278,Ayaan Gupta,12th Grade,B,12000.0,2817.41,9182.59,0.0,PENDING_DUE
ADM-2026-07279,Arjun Joshi,10th Grade,C,15000.0,15000.0,0.0,0.0,COMPLETED
ADM-2026-07280,Rohan Deshmukh,12th Grade,B,12000.0,12000.0,0.0,0.0,COMPLETED
ADM-2026-07281,Aditya Bose,9th Grade,D,22000.0,8801.97,13198.03,0.0,PENDING_DUE
ADM-2026-07282,Karan Iyer,10th Grade,A,12000.0,8316.58,3683.42,0.0,PENDING_DUE
ADM-2026-07283,Diya Verma,12th Grade,B,18000.0,4476.95,13523.05,0.0,PENDING_DUE
ADM-2026-07284,Pooja Rao,11th Grade,C,18000.0,18000.0,0.0,0.0,COMPLETED
ADM-2026-07285,Arjun Malhotra,12th Grade,A,18000.0,12480.62,5519.38,0.0,PENDING_DUE
ADM-2026-07286,Karan Das,9th Grade,B,22000.0,9961.98,12038.02,0.0,PENDING_DUE
ADM-2026-07287,Anjali Gupta,9th Grade,B,18000.0,18000.0,0.0,0.0,COMPLETED
ADM-2026-07288,Amit Verma,10th Grade,C,22000.0,12750.49,9249.51,0.0,PENDING_DUE
ADM-2026-07289,Vihaan Gupta,10th Grade,A,12000.0,398.45,11601.55,250.0,DEFAULT_AGED
ADM-2026-07290,Neha Bose,11th Grade,A,15000.0,15000.0,0.0,0.0,COMPLETED
ADM-2026-07291,Priya Nair,11th Grade,D,18000.0,18000.0,0.0,0.0,COMPLETED
ADM-2026-07292,Anjali Deshmukh,12th Grade,A,18000.0,4258.73,13741.27,1000.0,DEFAULT_AGED
ADM-2026-07293,Aditya Sharma,9th Grade,D,15000.0,15000.0,0.0,0.0,COMPLETED
ADM-2026-07294,Sai Bose,11th Grade,C,18000.0,18000.0,0.0,0.0,COMPLETED
ADM-2026-07295,Vivaan Das,12th Grade,D,12000.0,12000.0,0.0,0.0,COMPLETED
ADM-2026-07296,Sneha Singh,10th Grade,A,15000.0,3165.31,11834.69,1000.0,DEFAULT_AGED
ADM-2026-07297,Neha Mehta,11th Grade,A,22000.0,22000.0,0.0,0.0,COMPLETED
ADM-2026-07298,Priya Reddy,9th Grade,C,12000.0,12000.0,0.0,0.0,COMPLETED
ADM-2026-07299,Aditya Reddy,12th Grade,B,18000.0,4745.88,13254.12,500.0,DEFAULT_AGED
ADM-2026-07300,Riya Kumar,12th Grade,C,12000.0,2687.05,9312.95,0.0,PENDING_DUE
ADM-2026-07301,Riya Kumar,10th Grade,A,15000.0,449.67,14550.33,1000.0,DEFAULT_AGED
ADM-2026-07302,Krishna Reddy,10th Grade,D,15000.0,15000.0,0.0,0.0,COMPLETED
ADM-2026-07303,Reyansh Patel,11th Grade,B,18000.0,18000.0,0.0,0.0,COMPLETED
ADM-2026-07304,Karan Das,12th Grade,B,15000.0,1584.46,13415.54,250.0,DEFAULT_AGED
ADM-2026-07305,Vikas Das,11th Grade,D,15000.0,4138.02,10861.98,0.0,PENDING_DUE
ADM-2026-07306,Riya Gupta,12th Grade,A,22000.0,4017.06,17982.94,1000.0,DEFAULT_AGED
ADM-2026-07307,Ishaan Deshmukh,10th Grade,B,18000.0,9230.58,8769.42,0.0,PENDING_DUE
ADM-2026-07308,Diya Iyer,11th Grade,A,12000.0,964.36,11035.64,1000.0,DEFAULT_AGED
ADM-2026-07309,Pankaj Choudhury,10th Grade,C,22000.0,22000.0,0.0,0.0,COMPLETED
ADM-2026-07310,Arjun Joshi,9th Grade,C,22000.0,22000.0,0.0,0.0,COMPLETED
ADM-2026-07311,Amit Iyer,11th Grade,A,15000.0,5.4,14994.6,500.0,DEFAULT_AGED
ADM-2026-07312,Aarav Sharma,9th Grade,D,22000.0,5088.68,16911.32,1000.0,DEFAULT_AGED
ADM-2026-07313,Amit Joshi,12th Grade,B,22000.0,9604.54,12395.46,0.0,PENDING_DUE
ADM-2026-07314,Arjun Choudhury,11th Grade,B,22000.0,7692.13,14307.87,0.0,PENDING_DUE
ADM-2026-07315,Ishaan Deshmukh,9th Grade,C,18000.0,18000.0,0.0,0.0,COMPLETED
ADM-2026-07316,Sai Mehta,11th Grade,D,18000.0,18000.0,0.0,0.0,COMPLETED
ADM-2026-07317,Pari Sharma,9th Grade,C,22000.0,4794.92,17205.08,0.0,PENDING_DUE
ADM-2026-07318,Rohan Sen,11th Grade,C,18000.0,10197.34,7802.66,0.0,PENDING_DUE
ADM-2026-07319,Kavita Sharma,12th Grade,A,15000.0,15000.0,0.0,0.0,COMPLETED
ADM-2026-07320,Diya Nair,10th Grade,C,12000.0,12000.0,0.0,0.0,COMPLETED
ADM-2026-07321,Sai Das,10th Grade,C,22000.0,5114.73,16885.27,250.0,DEFAULT_AGED
ADM-2026-07322,Ishaan Singh,10th Grade,C,12000.0,5807.92,6192.08,0.0,PENDING_DUE
ADM-2026-07323,Ishaan Joshi,12th Grade,D,22000.0,3951.67,18048.33,1000.0,DEFAULT_AGED
ADM-2026-07324,Rohan Iyer,12th Grade,B,22000.0,7935.52,14064.48,0.0,PENDING_DUE
ADM-2026-07325,Diya Reddy,12th Grade,A,15000.0,15000.0,0.0,0.0,COMPLETED
ADM-2026-07326,Vikas Sen,11th Grade,C,22000.0,22000.0,0.0,0.0,COMPLETED
ADM-2026-07327,Aadhya Choudhury,10th Grade,A,22000.0,22000.0,0.0,0.0,COMPLETED
ADM-2026-07328,Meera Sen,9th Grade,A,15000.0,15000.0,0.0,0.0,COMPLETED
ADM-2026-07329,Karan Iyer,10th Grade,A,22000.0,22000.0,0.0,0.0,COMPLETED
ADM-2026-07330,Ayaan Reddy,9th Grade,D,18000.0,18000.0,0.0,0.0,COMPLETED
ADM-2026-07331,Ishaan Sen,11th Grade,A,22000.0,1124.71,20875.29,250.0,DEFAULT_AGED
ADM-2026-07332,Riya Kumar,12th Grade,A,18000.0,18000.0,0.0,0.0,COMPLETED
ADM-2026-07333,Diya Iyer,10th Grade,B,18000.0,12029.92,5970.08,0.0,PENDING_DUE
ADM-2026-07334,Anjali Sharma,9th Grade,B,12000.0,1469.83,10530.17,1000.0,DEFAULT_AGED
ADM-2026-07335,Diya Nair,10th Grade,C,12000.0,12000.0,0.0,0.0,COMPLETED
ADM-2026-07336,Reyansh Choudhury,10th Grade,B,12000.0,12000.0,0.0,0.0,COMPLETED
ADM-2026-07337,Riya Deshmukh,11th Grade,D,12000.0,3140.46,8859.54,1000.0,DEFAULT_AGED
ADM-2026-07338,Diya Iyer,10th Grade,B,18000.0,18000.0,0.0,0.0,COMPLETED
ADM-2026-07339,Aadhya Iyer,12th Grade,B,18000.0,18000.0,0.0,0.0,COMPLETED
ADM-2026-07340,Neha Kumar,10th Grade,B,22000.0,1102.65,20897.35,250.0,DEFAULT_AGED
ADM-2026-07341,Arjun Malhotra,11th Grade,C,22000.0,8569.97,13430.03,0.0,PENDING_DUE
ADM-2026-07342,Neha Malhotra,9th Grade,B,12000.0,12000.0,0.0,0.0,COMPLETED
ADM-2026-07343,Krishna Rao,11th Grade,C,22000.0,22000.0,0.0,0.0,COMPLETED
ADM-2026-07344,Priya Menon,10th Grade,C,18000.0,7109.57,10890.43,0.0,PENDING_DUE
ADM-2026-07345,Aadhya Joshi,12th Grade,A,12000.0,12000.0,0.0,0.0,COMPLETED
ADM-2026-07346,Reyansh Bose,12th Grade,A,18000.0,713.14,17286.86,1000.0,DEFAULT_AGED
ADM-2026-07347,Sanya Mehta,9th Grade,A,22000.0,22000.0,0.0,0.0,COMPLETED
ADM-2026-07348,Ananya Menon,10th Grade,C,15000.0,15000.0,0.0,0.0,COMPLETED
ADM-2026-07349,Aditya Das,12th Grade,D,12000.0,12000.0,0.0,0.0,COMPLETED
ADM-2026-07350,Anjali Deshmukh,11th Grade,A,15000.0,15000.0,0.0,0.0,COMPLETED
ADM-2026-07351,Diya Deshmukh,10th Grade,C,12000.0,12000.0,0.0,0.0,COMPLETED
ADM-2026-07352,Aarav Menon,12th Grade,D,22000.0,22000.0,0.0,0.0,COMPLETED
ADM-2026-07353,Reyansh Kumar,11th Grade,B,15000.0,15000.0,0.0,0.0,COMPLETED
ADM-2026-07354,Rohan Iyer,10th Grade,D,22000.0,22000.0,0.0,0.0,COMPLETED
ADM-2026-07355,Sai Deshmukh,11th Grade,B,22000.0,22000.0,0.0,0.0,COMPLETED
ADM-2026-07356,Karan Choudhury,11th Grade,B,22000.0,22000.0,0.0,0.0,COMPLETED
ADM-2026-07357,Krishna Singh,11th Grade,A,15000.0,3180.83,11819.17,0.0,PENDING_DUE
ADM-2026-07358,Sai Bose,11th Grade,C,15000.0,4363.36,10636.64,0.0,PENDING_DUE
ADM-2026-07359,Reyansh Das,9th Grade,C,22000.0,6451.49,15548.51,0.0,PENDING_DUE
ADM-2026-07360,Priya Choudhury,11th Grade,B,15000.0,5630.56,9369.44,0.0,PENDING_DUE
ADM-2026-07361,Neha Verma,12th Grade,C,18000.0,1297.28,16702.72,250.0,DEFAULT_AGED
ADM-2026-07362,Amit Reddy,11th Grade,A,18000.0,18000.0,0.0,0.0,COMPLETED
ADM-2026-07363,Vihaan Patel,10th Grade,A,12000.0,583.76,11416.24,250.0,DEFAULT_AGED
ADM-2026-07364,Meera Singh,12th Grade,D,22000.0,22000.0,0.0,0.0,COMPLETED
ADM-2026-07365,Diya Patel,12th Grade,A,15000.0,3293.84,11706.16,250.0,DEFAULT_AGED
ADM-2026-07366,Riya Pillai,10th Grade,D,12000.0,8181.22,3818.78,0.0,PENDING_DUE
ADM-2026-07367,Sneha Patel,10th Grade,D,15000.0,15000.0,0.0,0.0,COMPLETED
ADM-2026-07368,Aadhya Kumar,9th Grade,D,18000.0,5530.5,12469.5,0.0,PENDING_DUE
ADM-2026-07369,Riya Sen,12th Grade,A,12000.0,400.82,11599.18,500.0,DEFAULT_AGED
ADM-2026-07370,Meera Bose,12th Grade,C,22000.0,22000.0,0.0,0.0,COMPLETED
ADM-2026-07371,Rohan Sen,9th Grade,A,18000.0,4711.64,13288.36,1000.0,DEFAULT_AGED
ADM-2026-07372,Krishna Reddy,10th Grade,D,22000.0,11376.83,10623.17,0.0,PENDING_DUE
ADM-2026-07373,Sanya Mehta,11th Grade,D,22000.0,11956.21,10043.79,0.0,PENDING_DUE
ADM-2026-07374,Riya Patel,10th Grade,A,18000.0,18000.0,0.0,0.0,COMPLETED
ADM-2026-07375,Neha Patel,11th Grade,B,22000.0,22000.0,0.0,0.0,COMPLETED
ADM-2026-07376,Ayaan Pillai,10th Grade,B,22000.0,22000.0,0.0,0.0,COMPLETED
ADM-2026-07377,Aadhya Malhotra,11th Grade,D,15000.0,15000.0,0.0,0.0,COMPLETED
ADM-2026-07378,Meera Reddy,11th Grade,B,18000.0,5705.08,12294.92,0.0,PENDING_DUE
ADM-2026-07379,Pankaj Sen,10th Grade,B,18000.0,18000.0,0.0,0.0,COMPLETED
ADM-2026-07380,Vivaan Gupta,10th Grade,B,18000.0,10460.86,7539.14,0.0,PENDING_DUE
ADM-2026-07381,Neha Sharma,12th Grade,C,12000.0,742.03,11257.97,1000.0,DEFAULT_AGED
ADM-2026-07382,Meera Gupta,11th Grade,A,15000.0,9611.46,5388.54,0.0,PENDING_DUE
ADM-2026-07383,Kavita Reddy,12th Grade,A,18000.0,18000.0,0.0,0.0,COMPLETED
ADM-2026-07384,Meera Das,10th Grade,C,18000.0,18000.0,0.0,0.0,COMPLETED
ADM-2026-07385,Riya Verma,12th Grade,C,22000.0,22000.0,0.0,0.0,COMPLETED
ADM-2026-07386,Riya Singh,9th Grade,D,22000.0,6002.35,15997.65,250.0,DEFAULT_AGED
ADM-2026-07387,Vihaan Joshi,11th Grade,C,15000.0,486.26,14513.74,1000.0,DEFAULT_AGED
ADM-2026-07388,Aadhya Pillai,9th Grade,B,22000.0,22000.0,0.0,0.0,COMPLETED
ADM-2026-07389,Aadhya Kumar,10th Grade,A,22000.0,5294.03,16705.97,0.0,PENDING_DUE
ADM-2026-07390,Riya Kumar,12th Grade,C,12000.0,12000.0,0.0,0.0,COMPLETED
ADM-2026-07391,Rohan Joshi,12th Grade,A,22000.0,22000.0,0.0,0.0,COMPLETED
ADM-2026-07392,Anjali Bose,10th Grade,C,22000.0,22000.0,0.0,0.0,COMPLETED
ADM-2026-07393,Reyansh Pillai,10th Grade,C,15000.0,15000.0,0.0,0.0,COMPLETED
ADM-2026-07394,Reyansh Menon,9th Grade,B,15000.0,15000.0,0.0,0.0,COMPLETED
ADM-2026-07395,Aadhya Mehta,9th Grade,B,12000.0,6144.58,5855.42,0.0,PENDING_DUE
ADM-2026-07396,Sneha Bose,10th Grade,C,22000.0,22000.0,0.0,0.0,COMPLETED
ADM-2026-07397,Aadhya Choudhury,11th Grade,C,15000.0,15000.0,0.0,0.0,COMPLETED
ADM-2026-07398,Aditya Sharma,10th Grade,C,22000.0,2052.49,19947.51,250.0,DEFAULT_AGED
ADM-2026-07399,Arjun Iyer,12th Grade,C,22000.0,12444.83,9555.17,0.0,PENDING_DUE
ADM-2026-07400,Sanya Joshi,12th Grade,A,12000.0,8319.19,3680.81,0.0,PENDING_DUE
ADM-2026-07401,Pankaj Malhotra,9th Grade,C,12000.0,4412.21,7587.79,0.0,PENDING_DUE
ADM-2026-07402,Vihaan Patel,9th Grade,A,22000.0,22000.0,0.0,0.0,COMPLETED
ADM-2026-07403,Diya Gupta,10th Grade,B,15000.0,15000.0,0.0,0.0,COMPLETED
ADM-2026-07404,Karan Malhotra,10th Grade,D,15000.0,3530.86,11469.14,0.0,PENDING_DUE
ADM-2026-07405,Diya Kumar,9th Grade,B,18000.0,18000.0,0.0,0.0,COMPLETED
ADM-2026-07406,Diya Malhotra,11th Grade,B,22000.0,22000.0,0.0,0.0,COMPLETED
ADM-2026-07407,Diya Kumar,9th Grade,A,12000.0,12000.0,0.0,0.0,COMPLETED
ADM-2026-07408,Rohan Kumar,12th Grade,A,18000.0,18000.0,0.0,0.0,COMPLETED
ADM-2026-07409,Meera Deshmukh,9th Grade,A,22000.0,22000.0,0.0,0.0,COMPLETED
ADM-2026-07410,Vihaan Patel,10th Grade,B,15000.0,4291.38,10708.62,1000.0,DEFAULT_AGED
ADM-2026-07411,Pooja Kumar,10th Grade,C,22000.0,5249.86,16750.14,1000.0,DEFAULT_AGED
ADM-2026-07412,Rohan Das,12th Grade,B,15000.0,1542.1,13457.9,500.0,DEFAULT_AGED
ADM-2026-07413,Meera Reddy,11th Grade,D,18000.0,18000.0,0.0,0.0,COMPLETED
ADM-2026-07414,Sneha Sharma,12th Grade,D,18000.0,160.36,17839.64,1000.0,DEFAULT_AGED
ADM-2026-07415,Karan Nair,11th Grade,D,22000.0,22000.0,0.0,0.0,COMPLETED
ADM-2026-07416,Vivaan Sharma,11th Grade,C,12000.0,12000.0,0.0,0.0,COMPLETED
ADM-2026-07417,Vivaan Patel,10th Grade,C,18000.0,18000.0,0.0,0.0,COMPLETED
ADM-2026-07418,Rahul Mehta,10th Grade,C,22000.0,22000.0,0.0,0.0,COMPLETED
ADM-2026-07419,Reyansh Das,11th Grade,D,22000.0,2226.39,19773.61,500.0,DEFAULT_AGED
ADM-2026-07420,Sai Sen,9th Grade,B,18000.0,10090.43,7909.57,0.0,PENDING_DUE
ADM-2026-07421,Diya Kumar,12th Grade,A,12000.0,3501.07,8498.93,0.0,PENDING_DUE
ADM-2026-07422,Vikas Gupta,11th Grade,A,18000.0,18000.0,0.0,0.0,COMPLETED
ADM-2026-07423,Diya Das,10th Grade,B,15000.0,15000.0,0.0,0.0,COMPLETED
ADM-2026-07424,Karan Choudhury,10th Grade,A,15000.0,15000.0,0.0,0.0,COMPLETED
ADM-2026-07425,Aarav Joshi,11th Grade,D,15000.0,15000.0,0.0,0.0,COMPLETED
ADM-2026-07426,Anjali Kumar,9th Grade,A,22000.0,2433.46,19566.54,500.0,DEFAULT_AGED
ADM-2026-07427,Aadhya Menon,10th Grade,C,12000.0,1210.56,10789.44,1000.0,DEFAULT_AGED
ADM-2026-07428,Aarav Nair,10th Grade,A,12000.0,12000.0,0.0,0.0,COMPLETED
ADM-2026-07429,Pooja Rao,9th Grade,B,15000.0,1867.28,13132.72,1000.0,DEFAULT_AGED
ADM-2026-07430,Sneha Sharma,11th Grade,C,18000.0,18000.0,0.0,0.0,COMPLETED
ADM-2026-07431,Ananya Choudhury,11th Grade,B,12000.0,800.26,11199.74,500.0,DEFAULT_AGED
ADM-2026-07432,Arjun Malhotra,9th Grade,C,18000.0,18000.0,0.0,0.0,COMPLETED
ADM-2026-07433,Ayaan Choudhury,12th Grade,D,15000.0,3477.39,11522.61,0.0,PENDING_DUE
ADM-2026-07434,Pankaj Bose,9th Grade,B,15000.0,742.6,14257.4,1000.0,DEFAULT_AGED
ADM-2026-07435,Vihaan Malhotra,11th Grade,D,15000.0,15000.0,0.0,0.0,COMPLETED
ADM-2026-07436,Aadhya Iyer,12th Grade,B,12000.0,4295.44,7704.56,0.0,PENDING_DUE
ADM-2026-07437,Amit Deshmukh,10th Grade,D,15000.0,7272.66,7727.34,0.0,PENDING_DUE
ADM-2026-07438,Vihaan Rao,10th Grade,C,18000.0,18000.0,0.0,0.0,COMPLETED
ADM-2026-07439,Aditya Choudhury,9th Grade,D,18000.0,18000.0,0.0,0.0,COMPLETED
ADM-2026-07440,Rahul Gupta,9th Grade,A,22000.0,422.16,21577.84,250.0,DEFAULT_AGED
ADM-2026-07441,Karan Singh,11th Grade,C,15000.0,15000.0,0.0,0.0,COMPLETED
ADM-2026-07442,Aadhya Singh,9th Grade,D,15000.0,15000.0,0.0,0.0,COMPLETED
ADM-2026-07443,Anjali Rao,11th Grade,A,15000.0,555.94,14444.06,250.0,DEFAULT_AGED
ADM-2026-07444,Ananya Nair,12th Grade,D,15000.0,15000.0,0.0,0.0,COMPLETED
ADM-2026-07445,Krishna Mehta,11th Grade,C,12000.0,12000.0,0.0,0.0,COMPLETED
ADM-2026-07446,Pooja Das,9th Grade,A,18000.0,18000.0,0.0,0.0,COMPLETED
ADM-2026-07447,Arjun Patel,12th Grade,C,18000.0,18000.0,0.0,0.0,COMPLETED
ADM-2026-07448,Meera Pillai,9th Grade,D,22000.0,22000.0,0.0,0.0,COMPLETED
ADM-2026-07449,Krishna Nair,12th Grade,C,12000.0,3445.58,8554.42,1000.0,DEFAULT_AGED
ADM-2026-07450,Karan Iyer,10th Grade,B,22000.0,22000.0,0.0,0.0,COMPLETED
ADM-2026-07451,Diya Mehta,12th Grade,D,15000.0,15000.0,0.0,0.0,COMPLETED
ADM-2026-07452,Anjali Menon,11th Grade,C,18000.0,18000.0,0.0,0.0,COMPLETED
ADM-2026-07453,Aarav Pillai,9th Grade,B,18000.0,7125.46,10874.54,0.0,PENDING_DUE
ADM-2026-07454,Diya Rao,11th Grade,B,22000.0,22000.0,0.0,0.0,COMPLETED
ADM-2026-07455,Karan Iyer,9th Grade,A,15000.0,4323.91,10676.09,250.0,DEFAULT_AGED
ADM-2026-07456,Neha Gupta,11th Grade,B,18000.0,18000.0,0.0,0.0,COMPLETED
ADM-2026-07457,Vikas Joshi,9th Grade,B,22000.0,22000.0,0.0,0.0,COMPLETED
ADM-2026-07458,Ishaan Mehta,11th Grade,C,18000.0,18000.0,0.0,0.0,COMPLETED
ADM-2026-07459,Vivaan Gupta,11th Grade,A,12000.0,6359.46,5640.54,0.0,PENDING_DUE
ADM-2026-07460,Ananya Sharma,12th Grade,C,15000.0,15000.0,0.0,0.0,COMPLETED
ADM-2026-07461,Aadhya Singh,10th Grade,C,22000.0,5268.21,16731.79,1000.0,DEFAULT_AGED
ADM-2026-07462,Sai Iyer,12th Grade,B,15000.0,5159.52,9840.48,0.0,PENDING_DUE
ADM-2026-07463,Ishaan Reddy,10th Grade,A,22000.0,22000.0,0.0,0.0,COMPLETED
ADM-2026-07464,Rahul Sen,10th Grade,B,15000.0,15000.0,0.0,0.0,COMPLETED
ADM-2026-07465,Ananya Bose,12th Grade,B,22000.0,5445.64,16554.36,0.0,PENDING_DUE
ADM-2026-07466,Diya Kumar,12th Grade,C,12000.0,12000.0,0.0,0.0,COMPLETED
ADM-2026-07467,Neha Rao,11th Grade,A,22000.0,5603.48,16396.52,0.0,PENDING_DUE
ADM-2026-07468,Aadhya Menon,12th Grade,A,15000.0,5283.12,9716.88,0.0,PENDING_DUE
ADM-2026-07469,Neha Das,11th Grade,A,12000.0,12000.0,0.0,0.0,COMPLETED
ADM-2026-07470,Priya Gupta,9th Grade,B,12000.0,7152.06,4847.94,0.0,PENDING_DUE
ADM-2026-07471,Aditya Iyer,11th Grade,D,12000.0,7376.64,4623.36,0.0,PENDING_DUE
ADM-2026-07472,Krishna Sharma,9th Grade,C,18000.0,4155.33,13844.67,0.0,PENDING_DUE
ADM-2026-07473,Aadhya Gupta,10th Grade,D,18000.0,18000.0,0.0,0.0,COMPLETED
ADM-2026-07474,Sanya Mehta,10th Grade,D,18000.0,8453.56,9546.44,0.0,PENDING_DUE
ADM-2026-07475,Arjun Singh,11th Grade,A,15000.0,15000.0,0.0,0.0,COMPLETED
ADM-2026-07476,Kavita Malhotra,9th Grade,C,12000.0,5485.84,6514.16,0.0,PENDING_DUE
ADM-2026-07477,Aarav Gupta,12th Grade,B,18000.0,11205.33,6794.67,0.0,PENDING_DUE
ADM-2026-07478,Ayaan Gupta,10th Grade,D,12000.0,12000.0,0.0,0.0,COMPLETED
ADM-2026-07479,Rahul Bose,12th Grade,C,22000.0,8616.06,13383.94,0.0,PENDING_DUE
ADM-2026-07480,Vivaan Joshi,11th Grade,D,18000.0,18000.0,0.0,0.0,COMPLETED
ADM-2026-07481,Rahul Verma,9th Grade,B,15000.0,15000.0,0.0,0.0,COMPLETED
ADM-2026-07482,Diya Bose,9th Grade,D,12000.0,12000.0,0.0,0.0,COMPLETED
ADM-2026-07483,Pari Pillai,11th Grade,C,18000.0,960.2,17039.8,1000.0,DEFAULT_AGED
ADM-2026-07484,Meera Bose,10th Grade,A,15000.0,15000.0,0.0,0.0,COMPLETED
ADM-2026-07485,Amit Nair,12th Grade,B,22000.0,9273.79,12726.21,0.0,PENDING_DUE
ADM-2026-07486,Aarav Mehta,9th Grade,D,18000.0,7702.9,10297.1,0.0,PENDING_DUE
ADM-2026-07487,Rahul Deshmukh,9th Grade,C,18000.0,6785.01,11214.99,0.0,PENDING_DUE
ADM-2026-07488,Amit Bose,11th Grade,B,15000.0,9737.87,5262.13,0.0,PENDING_DUE
ADM-2026-07489,Vivaan Choudhury,12th Grade,C,18000.0,18000.0,0.0,0.0,COMPLETED
ADM-2026-07490,Sanya Pillai,11th Grade,A,22000.0,4510.62,17489.38,250.0,DEFAULT_AGED
ADM-2026-07491,Anjali Rao,11th Grade,A,15000.0,15000.0,0.0,0.0,COMPLETED
ADM-2026-07492,Aarav Menon,9th Grade,A,18000.0,18000.0,0.0,0.0,COMPLETED
ADM-2026-07493,Kavita Sharma,9th Grade,C,18000.0,18000.0,0.0,0.0,COMPLETED
ADM-2026-07494,Aditya Rao,10th Grade,B,15000.0,1878.6,13121.4,500.0,DEFAULT_AGED
ADM-2026-07495,Diya Das,12th Grade,C,15000.0,4395.6,10604.4,250.0,DEFAULT_AGED
ADM-2026-07496,Ananya Das,11th Grade,D,18000.0,18000.0,0.0,0.0,COMPLETED
ADM-2026-07497,Krishna Deshmukh,12th Grade,A,15000.0,15000.0,0.0,0.0,COMPLETED
ADM-2026-07498,Karan Sharma,11th Grade,D,22000.0,22000.0,0.0,0.0,COMPLETED
ADM-2026-07499,Priya Gupta,10th Grade,A,22000.0,22000.0,0.0,0.0,COMPLETED
ADM-2026-07500,Amit Menon,11th Grade,A,12000.0,4500.61,7499.39,0.0,PENDING_DUE
ADM-2026-07501,Ayaan Nair,11th Grade,C,12000.0,12000.0,0.0,0.0,COMPLETED
ADM-2026-07502,Reyansh Sen,11th Grade,D,15000.0,1216.77,13783.23,1000.0,DEFAULT_AGED
ADM-2026-07503,Priya Reddy,10th Grade,B,12000.0,3798.14,8201.86,0.0,PENDING_DUE
ADM-2026-07504,Kavita Deshmukh,11th Grade,D,12000.0,12000.0,0.0,0.0,COMPLETED
ADM-2026-07505,Vikas Iyer,12th Grade,A,18000.0,10022.45,7977.55,0.0,PENDING_DUE
ADM-2026-07506,Diya Reddy,11th Grade,B,22000.0,5580.85,16419.15,250.0,DEFAULT_AGED
ADM-2026-07507,Diya Pillai,10th Grade,D,18000.0,18000.0,0.0,0.0,COMPLETED
ADM-2026-07508,Diya Kumar,12th Grade,C,15000.0,15000.0,0.0,0.0,COMPLETED
ADM-2026-07509,Pari Rao,9th Grade,B,12000.0,8366.96,3633.04,0.0,PENDING_DUE
ADM-2026-07510,Vihaan Choudhury,10th Grade,C,18000.0,8631.85,9368.15,0.0,PENDING_DUE
ADM-2026-07511,Ayaan Iyer,9th Grade,C,18000.0,4495.85,13504.15,1000.0,DEFAULT_AGED
ADM-2026-07512,Riya Menon,11th Grade,B,15000.0,15000.0,0.0,0.0,COMPLETED
ADM-2026-07513,Rohan Deshmukh,9th Grade,A,22000.0,1783.27,20216.73,250.0,DEFAULT_AGED
ADM-2026-07514,Pooja Malhotra,12th Grade,A,18000.0,8199.97,9800.03,0.0,PENDING_DUE
ADM-2026-07515,Aadhya Gupta,12th Grade,A,22000.0,11237.32,10762.68,0.0,PENDING_DUE
ADM-2026-07516,Ishaan Sharma,10th Grade,D,15000.0,5281.67,9718.33,0.0,PENDING_DUE
ADM-2026-07517,Riya Singh,11th Grade,B,15000.0,15000.0,0.0,0.0,COMPLETED
ADM-2026-07518,Diya Bose,9th Grade,C,18000.0,7991.79,10008.21,0.0,PENDING_DUE
ADM-2026-07519,Rahul Bose,11th Grade,A,15000.0,15000.0,0.0,0.0,COMPLETED
ADM-2026-07520,Sanya Sen,9th Grade,A,12000.0,12000.0,0.0,0.0,COMPLETED
ADM-2026-07521,Vikas Malhotra,9th Grade,D,22000.0,3592.89,18407.11,500.0,DEFAULT_AGED
ADM-2026-07522,Reyansh Nair,10th Grade,C,15000.0,15000.0,0.0,0.0,COMPLETED
ADM-2026-07523,Vihaan Malhotra,10th Grade,C,15000.0,7673.96,7326.04,0.0,PENDING_DUE
ADM-2026-07524,Rohan Sen,12th Grade,A,18000.0,3783.97,14216.03,1000.0,DEFAULT_AGED
ADM-2026-07525,Aarav Gupta,11th Grade,D,22000.0,22000.0,0.0,0.0,COMPLETED
ADM-2026-07526,Anjali Deshmukh,12th Grade,A,12000.0,3115.12,8884.88,500.0,DEFAULT_AGED
ADM-2026-07527,Karan Gupta,11th Grade,C,15000.0,15000.0,0.0,0.0,COMPLETED
ADM-2026-07528,Pankaj Singh,11th Grade,A,15000.0,15000.0,0.0,0.0,COMPLETED
ADM-2026-07529,Priya Sharma,11th Grade,D,12000.0,12000.0,0.0,0.0,COMPLETED
ADM-2026-07530,Aditya Menon,12th Grade,A,15000.0,15000.0,0.0,0.0,COMPLETED
ADM-2026-07531,Neha Iyer,12th Grade,A,18000.0,7538.65,10461.35,0.0,PENDING_DUE
ADM-2026-07532,Ishaan Singh,11th Grade,C,12000.0,5989.1,6010.9,0.0,PENDING_DUE
ADM-2026-07533,Rahul Malhotra,10th Grade,A,22000.0,5398.72,16601.28,0.0,PENDING_DUE
ADM-2026-07534,Aadhya Sharma,10th Grade,A,15000.0,3344.9,11655.1,0.0,PENDING_DUE
ADM-2026-07535,Meera Iyer,10th Grade,C,22000.0,10844.24,11155.76,0.0,PENDING_DUE
ADM-2026-07536,Krishna Bose,11th Grade,A,12000.0,1354.91,10645.09,500.0,DEFAULT_AGED
ADM-2026-07537,Karan Reddy,11th Grade,D,22000.0,1291.22,20708.78,250.0,DEFAULT_AGED
ADM-2026-07538,Sai Nair,11th Grade,C,22000.0,14733.02,7266.98,0.0,PENDING_DUE
ADM-2026-07539,Neha Joshi,10th Grade,C,12000.0,12000.0,0.0,0.0,COMPLETED
ADM-2026-07540,Pankaj Singh,11th Grade,C,12000.0,12000.0,0.0,0.0,COMPLETED
ADM-2026-07541,Aditya Joshi,10th Grade,A,15000.0,15000.0,0.0,0.0,COMPLETED
ADM-2026-07542,Rohan Iyer,10th Grade,C,12000.0,4043.69,7956.31,0.0,PENDING_DUE
ADM-2026-07543,Meera Singh,10th Grade,C,15000.0,15000.0,0.0,0.0,COMPLETED
ADM-2026-07544,Sanya Patel,9th Grade,C,22000.0,22000.0,0.0,0.0,COMPLETED
ADM-2026-07545,Sanya Nair,9th Grade,C,15000.0,15000.0,0.0,0.0,COMPLETED
ADM-2026-07546,Rahul Choudhury,12th Grade,A,15000.0,4951.38,10048.62,0.0,PENDING_DUE
ADM-2026-07547,Ayaan Sharma,12th Grade,A,18000.0,10819.6,7180.4,0.0,PENDING_DUE
ADM-2026-07548,Neha Pillai,11th Grade,B,12000.0,12000.0,0.0,0.0,COMPLETED
ADM-2026-07549,Anjali Deshmukh,9th Grade,B,22000.0,22000.0,0.0,0.0,COMPLETED
ADM-2026-07550,Vikas Bose,12th Grade,D,22000.0,11167.01,10832.99,0.0,PENDING_DUE
ADM-2026-07551,Riya Sharma,9th Grade,B,12000.0,3524.24,8475.76,1000.0,DEFAULT_AGED
ADM-2026-07552,Vikas Bose,12th Grade,D,18000.0,4955.41,13044.59,0.0,PENDING_DUE
ADM-2026-07553,Pankaj Sen,10th Grade,A,22000.0,22000.0,0.0,0.0,COMPLETED
ADM-2026-07554,Vikas Sharma,10th Grade,D,12000.0,3070.61,8929.39,0.0,PENDING_DUE
ADM-2026-07555,Sneha Deshmukh,11th Grade,B,12000.0,12000.0,0.0,0.0,COMPLETED
ADM-2026-07556,Vivaan Menon,11th Grade,C,12000.0,12000.0,0.0,0.0,COMPLETED
ADM-2026-07557,Anjali Pillai,11th Grade,B,15000.0,15000.0,0.0,0.0,COMPLETED
ADM-2026-07558,Meera Kumar,9th Grade,D,15000.0,15000.0,0.0,0.0,COMPLETED
ADM-2026-07559,Aadhya Mehta,11th Grade,D,15000.0,15000.0,0.0,0.0,COMPLETED
ADM-2026-07560,Krishna Sharma,9th Grade,A,22000.0,11597.45,10402.55,0.0,PENDING_DUE
ADM-2026-07561,Ananya Nair,10th Grade,C,18000.0,5722.84,12277.16,0.0,PENDING_DUE
ADM-2026-07562,Meera Malhotra,9th Grade,C,15000.0,3376.55,11623.45,0.0,PENDING_DUE
ADM-2026-07563,Diya Mehta,9th Grade,D,15000.0,15000.0,0.0,0.0,COMPLETED
ADM-2026-07564,Vihaan Malhotra,10th Grade,B,12000.0,12000.0,0.0,0.0,COMPLETED
ADM-2026-07565,Reyansh Menon,12th Grade,A,15000.0,3319.47,11680.53,0.0,PENDING_DUE
ADM-2026-07566,Ananya Iyer,12th Grade,B,18000.0,615.43,17384.57,500.0,DEFAULT_AGED
ADM-2026-07567,Aarav Menon,9th Grade,B,12000.0,12000.0,0.0,0.0,COMPLETED
ADM-2026-07568,Ananya Verma,11th Grade,A,22000.0,12337.82,9662.18,0.0,PENDING_DUE
ADM-2026-07569,Neha Malhotra,12th Grade,C,15000.0,15000.0,0.0,0.0,COMPLETED
ADM-2026-07570,Reyansh Kumar,12th Grade,C,12000.0,8273.51,3726.49,0.0,PENDING_DUE
ADM-2026-07571,Sai Iyer,12th Grade,C,15000.0,15000.0,0.0,0.0,COMPLETED
ADM-2026-07572,Aditya Joshi,10th Grade,D,15000.0,15000.0,0.0,0.0,COMPLETED
ADM-2026-07573,Diya Reddy,11th Grade,D,22000.0,7938.94,14061.06,0.0,PENDING_DUE
ADM-2026-07574,Diya Joshi,11th Grade,C,22000.0,4281.65,17718.35,250.0,DEFAULT_AGED
ADM-2026-07575,Aadhya Patel,11th Grade,C,12000.0,4944.57,7055.43,0.0,PENDING_DUE
ADM-2026-07576,Pankaj Rao,11th Grade,D,18000.0,18000.0,0.0,0.0,COMPLETED
ADM-2026-07577,Meera Reddy,10th Grade,C,15000.0,15000.0,0.0,0.0,COMPLETED
ADM-2026-07578,Riya Pillai,11th Grade,D,18000.0,18000.0,0.0,0.0,COMPLETED
ADM-2026-07579,Aditya Das,12th Grade,D,22000.0,14122.06,7877.94,0.0,PENDING_DUE
ADM-2026-07580,Amit Malhotra,11th Grade,C,15000.0,15000.0,0.0,0.0,COMPLETED
ADM-2026-07581,Priya Mehta,10th Grade,D,18000.0,1677.7,16322.3,250.0,DEFAULT_AGED
ADM-2026-07582,Kavita Deshmukh,12th Grade,C,15000.0,15000.0,0.0,0.0,COMPLETED
ADM-2026-07583,Krishna Das,9th Grade,C,12000.0,12000.0,0.0,0.0,COMPLETED
ADM-2026-07584,Pankaj Sharma,11th Grade,C,18000.0,18000.0,0.0,0.0,COMPLETED
ADM-2026-07585,Sai Singh,10th Grade,C,22000.0,22000.0,0.0,0.0,COMPLETED
ADM-2026-07586,Sai Menon,10th Grade,C,18000.0,18000.0,0.0,0.0,COMPLETED
ADM-2026-07587,Riya Sharma,9th Grade,C,18000.0,18000.0,0.0,0.0,COMPLETED
ADM-2026-07588,Sai Mehta,12th Grade,B,12000.0,12000.0,0.0,0.0,COMPLETED
ADM-2026-07589,Meera Mehta,12th Grade,A,15000.0,3039.27,11960.73,0.0,PENDING_DUE
ADM-2026-07590,Sneha Menon,11th Grade,D,18000.0,18000.0,0.0,0.0,COMPLETED
ADM-2026-07591,Aditya Joshi,10th Grade,D,12000.0,12000.0,0.0,0.0,COMPLETED
ADM-2026-07592,Aadhya Gupta,11th Grade,A,15000.0,1255.95,13744.05,1000.0,DEFAULT_AGED
ADM-2026-07593,Aadhya Patel,11th Grade,B,12000.0,4749.17,7250.83,0.0,PENDING_DUE
ADM-2026-07594,Ananya Reddy,12th Grade,D,22000.0,3717.24,18282.76,250.0,DEFAULT_AGED
ADM-2026-07595,Vikas Gupta,11th Grade,B,18000.0,11467.38,6532.62,0.0,PENDING_DUE
ADM-2026-07596,Neha Sharma,12th Grade,B,18000.0,18000.0,0.0,0.0,COMPLETED
ADM-2026-07597,Krishna Malhotra,12th Grade,C,12000.0,4761.09,7238.91,0.0,PENDING_DUE
ADM-2026-07598,Diya Singh,12th Grade,D,18000.0,4904.13,13095.87,0.0,PENDING_DUE
ADM-2026-07599,Aditya Reddy,12th Grade,B,12000.0,12000.0,0.0,0.0,COMPLETED
ADM-2026-07600,Rahul Malhotra,9th Grade,B,18000.0,18000.0,0.0,0.0,COMPLETED
ADM-2026-07601,Diya Menon,9th Grade,D,22000.0,22000.0,0.0,0.0,COMPLETED
ADM-2026-07602,Sneha Sharma,10th Grade,B,12000.0,12000.0,0.0,0.0,COMPLETED
ADM-2026-07603,Rahul Singh,10th Grade,A,22000.0,22000.0,0.0,0.0,COMPLETED
ADM-2026-07604,Arjun Rao,9th Grade,C,12000.0,3017.9,8982.1,500.0,DEFAULT_AGED
ADM-2026-07605,Priya Sen,10th Grade,C,18000.0,4091.87,13908.13,0.0,PENDING_DUE
ADM-2026-07606,Amit Iyer,10th Grade,A,15000.0,9875.74,5124.26,0.0,PENDING_DUE
ADM-2026-07607,Sanya Deshmukh,10th Grade,A,15000.0,10367.5,4632.5,0.0,PENDING_DUE
ADM-2026-07608,Meera Das,9th Grade,D,15000.0,15000.0,0.0,0.0,COMPLETED
ADM-2026-07609,Vivaan Sharma,10th Grade,B,18000.0,18000.0,0.0,0.0,COMPLETED
ADM-2026-07610,Rahul Singh,12th Grade,C,22000.0,22000.0,0.0,0.0,COMPLETED
ADM-2026-07611,Pooja Verma,11th Grade,B,15000.0,15000.0,0.0,0.0,COMPLETED
ADM-2026-07612,Karan Mehta,9th Grade,C,22000.0,22000.0,0.0,0.0,COMPLETED
ADM-2026-07613,Vivaan Malhotra,9th Grade,B,15000.0,15000.0,0.0,0.0,COMPLETED
ADM-2026-07614,Vivaan Menon,12th Grade,B,15000.0,15000.0,0.0,0.0,COMPLETED
ADM-2026-07615,Diya Pillai,9th Grade,A,22000.0,7462.42,14537.58,0.0,PENDING_DUE
ADM-2026-07616,Meera Deshmukh,11th Grade,D,12000.0,4094.16,7905.84,0.0,PENDING_DUE
ADM-2026-07617,Riya Sen,11th Grade,B,22000.0,22000.0,0.0,0.0,COMPLETED
ADM-2026-07618,Aarav Sharma,11th Grade,D,12000.0,12000.0,0.0,0.0,COMPLETED
ADM-2026-07619,Sneha Nair,11th Grade,D,18000.0,18000.0,0.0,0.0,COMPLETED
ADM-2026-07620,Sanya Joshi,12th Grade,D,15000.0,4264.73,10735.27,250.0,DEFAULT_AGED
ADM-2026-07621,Vihaan Choudhury,12th Grade,D,12000.0,12000.0,0.0,0.0,COMPLETED
ADM-2026-07622,Sanya Gupta,12th Grade,C,18000.0,6359.68,11640.32,0.0,PENDING_DUE
ADM-2026-07623,Ishaan Sharma,9th Grade,A,15000.0,15000.0,0.0,0.0,COMPLETED
ADM-2026-07624,Aadhya Kumar,12th Grade,C,12000.0,12000.0,0.0,0.0,COMPLETED
ADM-2026-07625,Meera Choudhury,10th Grade,D,15000.0,15000.0,0.0,0.0,COMPLETED
ADM-2026-07626,Aditya Sen,11th Grade,C,18000.0,18000.0,0.0,0.0,COMPLETED
ADM-2026-07627,Amit Verma,9th Grade,A,15000.0,15000.0,0.0,0.0,COMPLETED
ADM-2026-07628,Sneha Singh,12th Grade,C,12000.0,12000.0,0.0,0.0,COMPLETED
ADM-2026-07629,Vihaan Sharma,12th Grade,C,12000.0,295.69,11704.31,1000.0,DEFAULT_AGED
ADM-2026-07630,Vikas Malhotra,12th Grade,D,12000.0,6053.49,5946.51,0.0,PENDING_DUE
ADM-2026-07631,Aditya Menon,12th Grade,B,18000.0,7933.99,10066.01,0.0,PENDING_DUE
ADM-2026-07632,Rohan Sen,9th Grade,B,15000.0,6814.05,8185.95,0.0,PENDING_DUE
ADM-2026-07633,Aarav Rao,11th Grade,D,15000.0,15000.0,0.0,0.0,COMPLETED
ADM-2026-07634,Amit Nair,9th Grade,D,22000.0,2330.18,19669.82,500.0,DEFAULT_AGED
ADM-2026-07635,Karan Verma,12th Grade,A,15000.0,7062.54,7937.46,0.0,PENDING_DUE
ADM-2026-07636,Sanya Verma,12th Grade,B,18000.0,18000.0,0.0,0.0,COMPLETED
ADM-2026-07637,Ayaan Choudhury,12th Grade,A,12000.0,12000.0,0.0,0.0,COMPLETED
ADM-2026-07638,Sai Menon,9th Grade,A,18000.0,18000.0,0.0,0.0,COMPLETED
ADM-2026-07639,Riya Kumar,12th Grade,A,15000.0,15000.0,0.0,0.0,COMPLETED
ADM-2026-07640,Priya Patel,9th Grade,B,12000.0,12000.0,0.0,0.0,COMPLETED
ADM-2026-07641,Rohan Gupta,11th Grade,A,18000.0,18000.0,0.0,0.0,COMPLETED
ADM-2026-07642,Pooja Joshi,10th Grade,A,22000.0,4765.87,17234.13,0.0,PENDING_DUE
ADM-2026-07643,Aditya Pillai,11th Grade,B,12000.0,7751.4,4248.6,0.0,PENDING_DUE
ADM-2026-07644,Pari Joshi,10th Grade,C,18000.0,8254.65,9745.35,0.0,PENDING_DUE
ADM-2026-07645,Amit Bose,10th Grade,B,15000.0,5615.44,9384.56,0.0,PENDING_DUE
ADM-2026-07646,Riya Nair,12th Grade,B,15000.0,15000.0,0.0,0.0,COMPLETED
ADM-2026-07647,Ayaan Bose,11th Grade,C,12000.0,12000.0,0.0,0.0,COMPLETED
ADM-2026-07648,Reyansh Verma,11th Grade,A,12000.0,5615.09,6384.91,0.0,PENDING_DUE
ADM-2026-07649,Priya Mehta,9th Grade,B,15000.0,6216.36,8783.64,0.0,PENDING_DUE
ADM-2026-07650,Vivaan Rao,12th Grade,C,12000.0,3319.47,8680.53,1000.0,DEFAULT_AGED
ADM-2026-07651,Krishna Reddy,10th Grade,D,22000.0,5352.21,16647.79,0.0,PENDING_DUE
ADM-2026-07652,Ananya Mehta,9th Grade,D,15000.0,15000.0,0.0,0.0,COMPLETED
ADM-2026-07653,Sai Das,12th Grade,C,15000.0,3695.0,11305.0,0.0,PENDING_DUE
ADM-2026-07654,Rahul Kumar,9th Grade,B,18000.0,18000.0,0.0,0.0,COMPLETED
ADM-2026-07655,Sai Verma,11th Grade,A,12000.0,12000.0,0.0,0.0,COMPLETED
ADM-2026-07656,Rohan Deshmukh,9th Grade,B,15000.0,15000.0,0.0,0.0,COMPLETED
ADM-2026-07657,Vikas Reddy,10th Grade,B,12000.0,7263.96,4736.04,0.0,PENDING_DUE
ADM-2026-07658,Kavita Menon,11th Grade,B,22000.0,4220.47,17779.53,1000.0,DEFAULT_AGED
ADM-2026-07659,Riya Das,9th Grade,A,12000.0,12000.0,0.0,0.0,COMPLETED
ADM-2026-07660,Pari Malhotra,10th Grade,B,18000.0,9875.48,8124.52,0.0,PENDING_DUE
ADM-2026-07661,Aditya Mehta,10th Grade,B,18000.0,18000.0,0.0,0.0,COMPLETED
ADM-2026-07662,Diya Rao,12th Grade,A,22000.0,22000.0,0.0,0.0,COMPLETED
ADM-2026-07663,Ananya Verma,11th Grade,D,12000.0,665.83,11334.17,1000.0,DEFAULT_AGED
ADM-2026-07664,Vivaan Mehta,10th Grade,B,18000.0,18000.0,0.0,0.0,COMPLETED
ADM-2026-07665,Pooja Nair,9th Grade,D,15000.0,15000.0,0.0,0.0,COMPLETED
ADM-2026-07666,Pooja Singh,11th Grade,A,22000.0,22000.0,0.0,0.0,COMPLETED
ADM-2026-07667,Pooja Deshmukh,11th Grade,C,15000.0,5990.22,9009.78,0.0,PENDING_DUE
ADM-2026-07668,Arjun Patel,10th Grade,D,22000.0,22000.0,0.0,0.0,COMPLETED
ADM-2026-07669,Rohan Deshmukh,11th Grade,A,15000.0,3867.05,11132.95,500.0,DEFAULT_AGED
ADM-2026-07670,Diya Iyer,12th Grade,C,18000.0,11945.01,6054.99,0.0,PENDING_DUE
ADM-2026-07671,Neha Mehta,10th Grade,D,12000.0,12000.0,0.0,0.0,COMPLETED
ADM-2026-07672,Pankaj Mehta,11th Grade,D,18000.0,18000.0,0.0,0.0,COMPLETED
ADM-2026-07673,Vivaan Das,12th Grade,A,18000.0,5610.9,12389.1,0.0,PENDING_DUE
ADM-2026-07674,Ayaan Nair,10th Grade,C,18000.0,18000.0,0.0,0.0,COMPLETED
ADM-2026-07675,Reyansh Pillai,9th Grade,D,12000.0,12000.0,0.0,0.0,COMPLETED
ADM-2026-07676,Kavita Rao,9th Grade,B,15000.0,15000.0,0.0,0.0,COMPLETED
ADM-2026-07677,Aarav Singh,10th Grade,A,18000.0,18000.0,0.0,0.0,COMPLETED
ADM-2026-07678,Vikas Reddy,10th Grade,A,12000.0,12000.0,0.0,0.0,COMPLETED
ADM-2026-07679,Arjun Deshmukh,12th Grade,B,15000.0,7846.76,7153.24,0.0,PENDING_DUE
ADM-2026-07680,Reyansh Rao,10th Grade,A,18000.0,18000.0,0.0,0.0,COMPLETED
ADM-2026-07681,Diya Choudhury,9th Grade,B,18000.0,8260.9,9739.1,0.0,PENDING_DUE
ADM-2026-07682,Vikas Kumar,12th Grade,D,22000.0,22000.0,0.0,0.0,COMPLETED
ADM-2026-07683,Neha Gupta,10th Grade,C,12000.0,12000.0,0.0,0.0,COMPLETED
ADM-2026-07684,Pankaj Gupta,9th Grade,B,22000.0,22000.0,0.0,0.0,COMPLETED
ADM-2026-07685,Pankaj Nair,9th Grade,A,22000.0,12460.36,9539.64,0.0,PENDING_DUE
ADM-2026-07686,Amit Patel,12th Grade,B,18000.0,18000.0,0.0,0.0,COMPLETED
ADM-2026-07687,Vikas Verma,11th Grade,A,12000.0,12000.0,0.0,0.0,COMPLETED
ADM-2026-07688,Meera Kumar,9th Grade,A,12000.0,12000.0,0.0,0.0,COMPLETED
ADM-2026-07689,Sanya Deshmukh,12th Grade,C,18000.0,8973.79,9026.21,0.0,PENDING_DUE
ADM-2026-07690,Pari Choudhury,12th Grade,C,15000.0,5618.7,9381.3,0.0,PENDING_DUE
ADM-2026-07691,Priya Das,12th Grade,B,12000.0,12000.0,0.0,0.0,COMPLETED
ADM-2026-07692,Krishna Sen,10th Grade,C,12000.0,12000.0,0.0,0.0,COMPLETED
ADM-2026-07693,Rahul Sharma,11th Grade,C,12000.0,6103.45,5896.55,0.0,PENDING_DUE
ADM-2026-07694,Neha Mehta,12th Grade,A,15000.0,15000.0,0.0,0.0,COMPLETED
ADM-2026-07695,Reyansh Singh,10th Grade,A,15000.0,4336.8,10663.2,0.0,PENDING_DUE
ADM-2026-07696,Vikas Mehta,9th Grade,A,18000.0,10058.41,7941.59,0.0,PENDING_DUE
ADM-2026-07697,Aarav Joshi,11th Grade,A,12000.0,12000.0,0.0,0.0,COMPLETED
ADM-2026-07698,Ishaan Nair,11th Grade,B,18000.0,18000.0,0.0,0.0,COMPLETED
ADM-2026-07699,Diya Deshmukh,9th Grade,A,12000.0,6735.03,5264.97,0.0,PENDING_DUE
ADM-2026-07700,Sanya Pillai,12th Grade,B,15000.0,2073.51,12926.49,1000.0,DEFAULT_AGED
ADM-2026-07701,Karan Sharma,11th Grade,D,12000.0,12000.0,0.0,0.0,COMPLETED
ADM-2026-07702,Aadhya Kumar,9th Grade,C,18000.0,18000.0,0.0,0.0,COMPLETED
ADM-2026-07703,Anjali Verma,12th Grade,A,12000.0,4438.26,7561.74,0.0,PENDING_DUE
ADM-2026-07704,Aarav Das,9th Grade,B,22000.0,4366.65,17633.35,500.0,DEFAULT_AGED
ADM-2026-07705,Anjali Rao,11th Grade,B,18000.0,18000.0,0.0,0.0,COMPLETED
ADM-2026-07706,Diya Joshi,12th Grade,A,15000.0,15000.0,0.0,0.0,COMPLETED
ADM-2026-07707,Aadhya Menon,9th Grade,A,15000.0,15000.0,0.0,0.0,COMPLETED
ADM-2026-07708,Vivaan Kumar,11th Grade,C,15000.0,6720.47,8279.53,0.0,PENDING_DUE
ADM-2026-07709,Sai Verma,9th Grade,B,15000.0,15000.0,0.0,0.0,COMPLETED
ADM-2026-07710,Pooja Rao,10th Grade,B,18000.0,5387.46,12612.54,500.0,DEFAULT_AGED
ADM-2026-07711,Kavita Patel,12th Grade,A,22000.0,22000.0,0.0,0.0,COMPLETED
ADM-2026-07712,Krishna Deshmukh,10th Grade,B,22000.0,5618.04,16381.96,500.0,DEFAULT_AGED
ADM-2026-07713,Priya Iyer,9th Grade,C,18000.0,2842.9,15157.1,250.0,DEFAULT_AGED
ADM-2026-07714,Ishaan Rao,11th Grade,C,12000.0,4938.71,7061.29,0.0,PENDING_DUE
ADM-2026-07715,Meera Sen,12th Grade,B,18000.0,18000.0,0.0,0.0,COMPLETED
ADM-2026-07716,Sanya Rao,11th Grade,C,12000.0,12000.0,0.0,0.0,COMPLETED
ADM-2026-07717,Ananya Rao,11th Grade,D,15000.0,15000.0,0.0,0.0,COMPLETED
ADM-2026-07718,Pankaj Joshi,10th Grade,A,18000.0,18000.0,0.0,0.0,COMPLETED
ADM-2026-07719,Riya Pillai,10th Grade,B,12000.0,12000.0,0.0,0.0,COMPLETED
ADM-2026-07720,Rohan Malhotra,12th Grade,A,15000.0,15000.0,0.0,0.0,COMPLETED
ADM-2026-07721,Krishna Singh,11th Grade,A,22000.0,10580.05,11419.95,0.0,PENDING_DUE
ADM-2026-07722,Sneha Iyer,12th Grade,B,22000.0,5808.81,16191.19,0.0,PENDING_DUE
ADM-2026-07723,Aditya Mehta,12th Grade,A,22000.0,6994.0,15006.0,0.0,PENDING_DUE
ADM-2026-07724,Sai Iyer,11th Grade,D,15000.0,9344.71,5655.29,0.0,PENDING_DUE
ADM-2026-07725,Karan Bose,10th Grade,C,12000.0,2827.96,9172.04,0.0,PENDING_DUE
ADM-2026-07726,Meera Sharma,10th Grade,B,12000.0,2575.18,9424.82,0.0,PENDING_DUE
ADM-2026-07727,Vikas Sen,9th Grade,B,22000.0,11610.52,10389.48,0.0,PENDING_DUE
ADM-2026-07728,Aditya Pillai,9th Grade,C,12000.0,7038.68,4961.32,0.0,PENDING_DUE
ADM-2026-07729,Amit Iyer,11th Grade,C,18000.0,18000.0,0.0,0.0,COMPLETED
ADM-2026-07730,Aditya Rao,11th Grade,D,18000.0,7140.89,10859.11,0.0,PENDING_DUE
ADM-2026-07731,Rohan Joshi,11th Grade,A,12000.0,12000.0,0.0,0.0,COMPLETED
ADM-2026-07732,Ananya Nair,11th Grade,A,22000.0,22000.0,0.0,0.0,COMPLETED
ADM-2026-07733,Riya Singh,10th Grade,C,18000.0,5467.14,12532.86,0.0,PENDING_DUE
ADM-2026-07734,Pankaj Singh,11th Grade,C,18000.0,18000.0,0.0,0.0,COMPLETED
ADM-2026-07735,Pooja Kumar,9th Grade,D,12000.0,4218.39,7781.61,0.0,PENDING_DUE
ADM-2026-07736,Sai Gupta,11th Grade,A,12000.0,12000.0,0.0,0.0,COMPLETED
ADM-2026-07737,Aadhya Menon,10th Grade,A,12000.0,4427.25,7572.75,0.0,PENDING_DUE
ADM-2026-07738,Reyansh Rao,10th Grade,C,22000.0,22000.0,0.0,0.0,COMPLETED
ADM-2026-07739,Amit Bose,10th Grade,B,22000.0,22000.0,0.0,0.0,COMPLETED
ADM-2026-07740,Ananya Gupta,12th Grade,A,22000.0,7516.35,14483.65,0.0,PENDING_DUE
ADM-2026-07741,Reyansh Joshi,12th Grade,C,18000.0,3930.81,14069.19,250.0,DEFAULT_AGED
ADM-2026-07742,Riya Nair,10th Grade,B,18000.0,720.25,17279.75,500.0,DEFAULT_AGED
ADM-2026-07743,Diya Sharma,11th Grade,B,22000.0,3443.71,18556.29,250.0,DEFAULT_AGED
ADM-2026-07744,Priya Gupta,12th Grade,D,15000.0,8020.73,6979.27,0.0,PENDING_DUE
ADM-2026-07745,Ayaan Choudhury,11th Grade,D,18000.0,1677.84,16322.16,250.0,DEFAULT_AGED
ADM-2026-07746,Neha Deshmukh,10th Grade,A,22000.0,22000.0,0.0,0.0,COMPLETED
ADM-2026-07747,Ishaan Mehta,11th Grade,B,15000.0,15000.0,0.0,0.0,COMPLETED
ADM-2026-07748,Aditya Verma,9th Grade,B,12000.0,12000.0,0.0,0.0,COMPLETED
ADM-2026-07749,Ayaan Patel,11th Grade,B,15000.0,15000.0,0.0,0.0,COMPLETED
ADM-2026-07750,Sneha Mehta,12th Grade,C,18000.0,18000.0,0.0,0.0,COMPLETED
ADM-2026-07751,Rahul Malhotra,11th Grade,D,18000.0,11379.1,6620.9,0.0,PENDING_DUE
ADM-2026-07752,Diya Gupta,11th Grade,B,15000.0,15000.0,0.0,0.0,COMPLETED
ADM-2026-07753,Amit Kumar,12th Grade,D,15000.0,4058.61,10941.39,0.0,PENDING_DUE
ADM-2026-07754,Pankaj Reddy,12th Grade,D,18000.0,18000.0,0.0,0.0,COMPLETED
ADM-2026-07755,Amit Nair,12th Grade,D,22000.0,1536.9,20463.1,500.0,DEFAULT_AGED
ADM-2026-07756,Aadhya Malhotra,9th Grade,D,15000.0,15000.0,0.0,0.0,COMPLETED
ADM-2026-07757,Riya Menon,10th Grade,D,22000.0,9455.74,12544.26,0.0,PENDING_DUE
ADM-2026-07758,Ananya Mehta,12th Grade,B,15000.0,15000.0,0.0,0.0,COMPLETED
ADM-2026-07759,Pooja Choudhury,11th Grade,A,12000.0,3110.2,8889.8,0.0,PENDING_DUE
ADM-2026-07760,Neha Rao,11th Grade,A,18000.0,18000.0,0.0,0.0,COMPLETED
ADM-2026-07761,Amit Mehta,12th Grade,C,12000.0,12000.0,0.0,0.0,COMPLETED
ADM-2026-07762,Pari Rao,10th Grade,C,22000.0,22000.0,0.0,0.0,COMPLETED
ADM-2026-07763,Rahul Bose,9th Grade,A,18000.0,7225.95,10774.05,0.0,PENDING_DUE
ADM-2026-07764,Vikas Choudhury,10th Grade,D,12000.0,12000.0,0.0,0.0,COMPLETED
ADM-2026-07765,Riya Singh,9th Grade,A,12000.0,12000.0,0.0,0.0,COMPLETED
ADM-2026-07766,Diya Patel,10th Grade,A,15000.0,3775.45,11224.55,0.0,PENDING_DUE
ADM-2026-07767,Rohan Deshmukh,11th Grade,C,15000.0,4939.89,10060.11,0.0,PENDING_DUE
ADM-2026-07768,Rohan Kumar,12th Grade,D,22000.0,8879.21,13120.79,0.0,PENDING_DUE
ADM-2026-07769,Amit Gupta,11th Grade,D,22000.0,1924.14,20075.86,1000.0,DEFAULT_AGED
ADM-2026-07770,Sanya Sharma,10th Grade,D,15000.0,2525.18,12474.82,500.0,DEFAULT_AGED
ADM-2026-07771,Aarav Pillai,9th Grade,D,18000.0,18000.0,0.0,0.0,COMPLETED
ADM-2026-07772,Pari Malhotra,11th Grade,C,18000.0,4930.77,13069.23,0.0,PENDING_DUE
ADM-2026-07773,Diya Bose,9th Grade,A,22000.0,8011.79,13988.21,0.0,PENDING_DUE
ADM-2026-07774,Aarav Rao,9th Grade,D,22000.0,5220.64,16779.36,0.0,PENDING_DUE
ADM-2026-07775,Krishna Menon,10th Grade,B,15000.0,4067.49,10932.51,1000.0,DEFAULT_AGED
ADM-2026-07776,Neha Joshi,11th Grade,A,18000.0,18000.0,0.0,0.0,COMPLETED
ADM-2026-07777,Ayaan Pillai,10th Grade,C,15000.0,15000.0,0.0,0.0,COMPLETED
ADM-2026-07778,Meera Singh,10th Grade,C,18000.0,18000.0,0.0,0.0,COMPLETED
ADM-2026-07779,Pooja Nair,12th Grade,C,15000.0,2701.52,12298.48,500.0,DEFAULT_AGED
ADM-2026-07780,Ishaan Joshi,11th Grade,C,12000.0,252.22,11747.78,250.0,DEFAULT_AGED
ADM-2026-07781,Rohan Deshmukh,10th Grade,D,15000.0,7553.65,7446.35,0.0,PENDING_DUE
ADM-2026-07782,Ayaan Menon,10th Grade,B,15000.0,860.3,14139.7,1000.0,DEFAULT_AGED
ADM-2026-07783,Karan Gupta,9th Grade,C,22000.0,22000.0,0.0,0.0,COMPLETED
ADM-2026-07784,Aarav Mehta,10th Grade,D,12000.0,463.98,11536.02,1000.0,DEFAULT_AGED
ADM-2026-07785,Priya Deshmukh,9th Grade,B,18000.0,6409.23,11590.77,0.0,PENDING_DUE
ADM-2026-07786,Aditya Menon,9th Grade,C,22000.0,4970.12,17029.88,0.0,PENDING_DUE
ADM-2026-07787,Diya Malhotra,9th Grade,C,18000.0,7596.4,10403.6,0.0,PENDING_DUE
ADM-2026-07788,Arjun Sen,11th Grade,C,15000.0,15000.0,0.0,0.0,COMPLETED
ADM-2026-07789,Pari Patel,10th Grade,B,12000.0,8171.3,3828.7,0.0,PENDING_DUE
ADM-2026-07790,Ananya Sharma,10th Grade,C,18000.0,18000.0,0.0,0.0,COMPLETED
ADM-2026-07791,Ananya Joshi,11th Grade,C,18000.0,3814.59,14185.41,1000.0,DEFAULT_AGED
ADM-2026-07792,Pari Menon,10th Grade,D,15000.0,3774.85,11225.15,0.0,PENDING_DUE
ADM-2026-07793,Pooja Nair,12th Grade,A,18000.0,4236.88,13763.12,0.0,PENDING_DUE
ADM-2026-07794,Ishaan Reddy,10th Grade,D,15000.0,15000.0,0.0,0.0,COMPLETED
ADM-2026-07795,Ishaan Das,10th Grade,C,18000.0,18000.0,0.0,0.0,COMPLETED
ADM-2026-07796,Arjun Choudhury,11th Grade,C,12000.0,12000.0,0.0,0.0,COMPLETED
ADM-2026-07797,Rahul Iyer,12th Grade,C,12000.0,12000.0,0.0,0.0,COMPLETED
ADM-2026-07798,Aarav Singh,10th Grade,D,12000.0,3697.42,8302.58,0.0,PENDING_DUE
ADM-2026-07799,Krishna Patel,11th Grade,C,12000.0,12000.0,0.0,0.0,COMPLETED
ADM-2026-07800,Pari Patel,12th Grade,B,22000.0,5265.26,16734.74,250.0,DEFAULT_AGED
ADM-2026-07801,Sai Iyer,9th Grade,B,15000.0,15000.0,0.0,0.0,COMPLETED
ADM-2026-07802,Meera Rao,11th Grade,D,15000.0,3392.51,11607.49,0.0,PENDING_DUE
ADM-2026-07803,Neha Deshmukh,11th Grade,A,12000.0,12000.0,0.0,0.0,COMPLETED
ADM-2026-07804,Aadhya Malhotra,11th Grade,A,18000.0,18000.0,0.0,0.0,COMPLETED
ADM-2026-07805,Pooja Menon,9th Grade,A,12000.0,5341.27,6658.73,0.0,PENDING_DUE
ADM-2026-07806,Diya Rao,12th Grade,C,12000.0,8320.55,3679.45,0.0,PENDING_DUE
ADM-2026-07807,Aadhya Verma,11th Grade,C,12000.0,12000.0,0.0,0.0,COMPLETED
ADM-2026-07808,Ayaan Reddy,9th Grade,C,22000.0,22000.0,0.0,0.0,COMPLETED
ADM-2026-07809,Aditya Bose,9th Grade,B,18000.0,18000.0,0.0,0.0,COMPLETED
ADM-2026-07810,Riya Nair,11th Grade,C,22000.0,22000.0,0.0,0.0,COMPLETED
ADM-2026-07811,Vihaan Das,11th Grade,A,12000.0,12000.0,0.0,0.0,COMPLETED
ADM-2026-07812,Neha Rao,9th Grade,D,12000.0,4287.15,7712.85,0.0,PENDING_DUE
ADM-2026-07813,Pooja Mehta,9th Grade,C,22000.0,2310.81,19689.19,1000.0,DEFAULT_AGED
ADM-2026-07814,Arjun Choudhury,11th Grade,D,22000.0,22000.0,0.0,0.0,COMPLETED
ADM-2026-07815,Meera Pillai,10th Grade,A,22000.0,22000.0,0.0,0.0,COMPLETED
ADM-2026-07816,Arjun Reddy,9th Grade,A,22000.0,2137.36,19862.64,250.0,DEFAULT_AGED
ADM-2026-07817,Vihaan Patel,12th Grade,A,12000.0,12000.0,0.0,0.0,COMPLETED
ADM-2026-07818,Meera Gupta,11th Grade,B,18000.0,5718.43,12281.57,0.0,PENDING_DUE
ADM-2026-07819,Aditya Choudhury,11th Grade,B,18000.0,6904.04,11095.96,0.0,PENDING_DUE
ADM-2026-07820,Aadhya Das,12th Grade,D,12000.0,12000.0,0.0,0.0,COMPLETED
ADM-2026-07821,Aarav Mehta,10th Grade,C,12000.0,5124.48,6875.52,0.0,PENDING_DUE
ADM-2026-07822,Arjun Sharma,10th Grade,A,12000.0,12000.0,0.0,0.0,COMPLETED
ADM-2026-07823,Reyansh Nair,12th Grade,B,22000.0,12501.82,9498.18,0.0,PENDING_DUE
ADM-2026-07824,Meera Singh,9th Grade,A,18000.0,18000.0,0.0,0.0,COMPLETED
ADM-2026-07825,Arjun Gupta,10th Grade,B,22000.0,22000.0,0.0,0.0,COMPLETED
ADM-2026-07826,Aadhya Kumar,11th Grade,D,22000.0,22000.0,0.0,0.0,COMPLETED
ADM-2026-07827,Aditya Singh,10th Grade,A,12000.0,12000.0,0.0,0.0,COMPLETED
ADM-2026-07828,Aadhya Kumar,9th Grade,C,18000.0,1145.41,16854.59,1000.0,DEFAULT_AGED
ADM-2026-07829,Priya Bose,11th Grade,C,12000.0,3136.49,8863.51,0.0,PENDING_DUE
ADM-2026-07830,Sanya Malhotra,9th Grade,D,15000.0,15000.0,0.0,0.0,COMPLETED
ADM-2026-07831,Rahul Sen,10th Grade,A,22000.0,4924.7,17075.3,0.0,PENDING_DUE
ADM-2026-07832,Vihaan Pillai,9th Grade,A,15000.0,15000.0,0.0,0.0,COMPLETED
ADM-2026-07833,Reyansh Menon,12th Grade,A,18000.0,5245.2,12754.8,0.0,PENDING_DUE
ADM-2026-07834,Priya Joshi,10th Grade,B,15000.0,15000.0,0.0,0.0,COMPLETED
ADM-2026-07835,Anjali Rao,11th Grade,A,18000.0,3564.3,14435.7,250.0,DEFAULT_AGED
ADM-2026-07836,Reyansh Gupta,11th Grade,A,12000.0,6138.01,5861.99,0.0,PENDING_DUE
ADM-2026-07837,Krishna Reddy,11th Grade,A,12000.0,4154.54,7845.46,0.0,PENDING_DUE
ADM-2026-07838,Ishaan Nair,11th Grade,A,12000.0,12000.0,0.0,0.0,COMPLETED
ADM-2026-07839,Priya Reddy,11th Grade,A,15000.0,6278.71,8721.29,0.0,PENDING_DUE
ADM-2026-07840,Reyansh Kumar,12th Grade,D,22000.0,2182.21,19817.79,500.0,DEFAULT_AGED
ADM-2026-07841,Arjun Patel,10th Grade,A,18000.0,18000.0,0.0,0.0,COMPLETED
ADM-2026-07842,Kavita Malhotra,11th Grade,D,22000.0,1007.08,20992.92,500.0,DEFAULT_AGED
ADM-2026-07843,Riya Rao,10th Grade,D,12000.0,12000.0,0.0,0.0,COMPLETED
ADM-2026-07844,Pankaj Nair,12th Grade,A,22000.0,22000.0,0.0,0.0,COMPLETED
ADM-2026-07845,Pooja Reddy,11th Grade,D,22000.0,7419.59,14580.41,0.0,PENDING_DUE
ADM-2026-07846,Ishaan Menon,11th Grade,C,18000.0,10523.86,7476.14,0.0,PENDING_DUE
ADM-2026-07847,Diya Mehta,12th Grade,B,18000.0,6700.63,11299.37,0.0,PENDING_DUE
ADM-2026-07848,Rohan Singh,11th Grade,A,15000.0,15000.0,0.0,0.0,COMPLETED
ADM-2026-07849,Priya Deshmukh,11th Grade,C,22000.0,8697.06,13302.94,0.0,PENDING_DUE
ADM-2026-07850,Riya Singh,12th Grade,B,12000.0,1301.05,10698.95,500.0,DEFAULT_AGED
ADM-2026-07851,Meera Choudhury,10th Grade,B,15000.0,15000.0,0.0,0.0,COMPLETED
ADM-2026-07852,Aadhya Malhotra,10th Grade,B,15000.0,15000.0,0.0,0.0,COMPLETED
ADM-2026-07853,Aadhya Mehta,12th Grade,D,12000.0,984.03,11015.97,1000.0,DEFAULT_AGED
ADM-2026-07854,Pari Patel,10th Grade,B,18000.0,18000.0,0.0,0.0,COMPLETED
ADM-2026-07855,Aditya Malhotra,11th Grade,D,22000.0,10683.88,11316.12,0.0,PENDING_DUE
ADM-2026-07856,Sanya Choudhury,9th Grade,D,22000.0,22000.0,0.0,0.0,COMPLETED
ADM-2026-07857,Aadhya Kumar,9th Grade,B,15000.0,7053.04,7946.96,0.0,PENDING_DUE
ADM-2026-07858,Sanya Patel,12th Grade,B,12000.0,7907.62,4092.38,0.0,PENDING_DUE
ADM-2026-07859,Ishaan Sen,10th Grade,C,18000.0,18000.0,0.0,0.0,COMPLETED
ADM-2026-07860,Amit Kumar,10th Grade,B,15000.0,15000.0,0.0,0.0,COMPLETED
ADM-2026-07861,Riya Pillai,12th Grade,A,22000.0,4699.03,17300.97,0.0,PENDING_DUE
ADM-2026-07862,Karan Mehta,10th Grade,B,18000.0,5341.48,12658.52,0.0,PENDING_DUE
ADM-2026-07863,Krishna Das,12th Grade,A,15000.0,9288.54,5711.46,0.0,PENDING_DUE
ADM-2026-07864,Vihaan Menon,12th Grade,C,18000.0,18000.0,0.0,0.0,COMPLETED
ADM-2026-07865,Karan Choudhury,10th Grade,A,15000.0,15000.0,0.0,0.0,COMPLETED
ADM-2026-07866,Sneha Rao,11th Grade,D,12000.0,4246.06,7753.94,0.0,PENDING_DUE
ADM-2026-07867,Vivaan Rao,12th Grade,B,12000.0,12000.0,0.0,0.0,COMPLETED
ADM-2026-07868,Diya Gupta,12th Grade,B,22000.0,22000.0,0.0,0.0,COMPLETED
ADM-2026-07869,Vikas Iyer,11th Grade,A,22000.0,11631.06,10368.94,0.0,PENDING_DUE
ADM-2026-07870,Rohan Bose,10th Grade,D,15000.0,4977.49,10022.51,0.0,PENDING_DUE
ADM-2026-07871,Vikas Sharma,9th Grade,A,15000.0,3660.39,11339.61,0.0,PENDING_DUE
ADM-2026-07872,Krishna Mehta,9th Grade,D,18000.0,10935.69,7064.31,0.0,PENDING_DUE
ADM-2026-07873,Amit Das,9th Grade,A,12000.0,12000.0,0.0,0.0,COMPLETED
ADM-2026-07874,Pankaj Mehta,12th Grade,A,15000.0,15000.0,0.0,0.0,COMPLETED
ADM-2026-07875,Reyansh Joshi,10th Grade,B,12000.0,12000.0,0.0,0.0,COMPLETED
ADM-2026-07876,Pankaj Iyer,11th Grade,D,22000.0,22000.0,0.0,0.0,COMPLETED
ADM-2026-07877,Pankaj Patel,11th Grade,A,18000.0,18000.0,0.0,0.0,COMPLETED
ADM-2026-07878,Priya Menon,11th Grade,B,22000.0,4422.29,17577.71,0.0,PENDING_DUE
ADM-2026-07879,Aadhya Kumar,9th Grade,D,12000.0,12000.0,0.0,0.0,COMPLETED
ADM-2026-07880,Vivaan Choudhury,11th Grade,D,22000.0,7424.29,14575.71,0.0,PENDING_DUE
ADM-2026-07881,Pari Menon,9th Grade,D,22000.0,10172.83,11827.17,0.0,PENDING_DUE
ADM-2026-07882,Pankaj Bose,10th Grade,D,18000.0,18000.0,0.0,0.0,COMPLETED
ADM-2026-07883,Sneha Deshmukh,9th Grade,B,15000.0,15000.0,0.0,0.0,COMPLETED
ADM-2026-07884,Krishna Sen,9th Grade,D,12000.0,12000.0,0.0,0.0,COMPLETED
ADM-2026-07885,Rohan Joshi,12th Grade,C,18000.0,18000.0,0.0,0.0,COMPLETED
ADM-2026-07886,Vihaan Mehta,10th Grade,C,12000.0,4914.11,7085.89,0.0,PENDING_DUE
ADM-2026-07887,Anjali Patel,9th Grade,C,18000.0,18000.0,0.0,0.0,COMPLETED
ADM-2026-07888,Kavita Patel,10th Grade,C,18000.0,5312.37,12687.63,0.0,PENDING_DUE
ADM-2026-07889,Meera Gupta,11th Grade,A,22000.0,22000.0,0.0,0.0,COMPLETED
ADM-2026-07890,Ayaan Verma,11th Grade,C,18000.0,3899.05,14100.95,1000.0,DEFAULT_AGED
ADM-2026-07891,Rohan Singh,10th Grade,C,22000.0,22000.0,0.0,0.0,COMPLETED
ADM-2026-07892,Sneha Pillai,9th Grade,C,18000.0,18000.0,0.0,0.0,COMPLETED
ADM-2026-07893,Pooja Iyer,12th Grade,A,12000.0,6009.71,5990.29,0.0,PENDING_DUE
ADM-2026-07894,Karan Singh,12th Grade,C,22000.0,6308.42,15691.58,1000.0,DEFAULT_AGED
ADM-2026-07895,Aadhya Pillai,9th Grade,C,15000.0,15000.0,0.0,0.0,COMPLETED
ADM-2026-07896,Aarav Joshi,11th Grade,D,22000.0,22000.0,0.0,0.0,COMPLETED
ADM-2026-07897,Krishna Sen,9th Grade,C,15000.0,4258.15,10741.85,0.0,PENDING_DUE
ADM-2026-07898,Amit Choudhury,11th Grade,D,15000.0,15000.0,0.0,0.0,COMPLETED
ADM-2026-07899,Anjali Gupta,10th Grade,B,22000.0,11387.31,10612.69,0.0,PENDING_DUE
ADM-2026-07900,Amit Choudhury,10th Grade,A,18000.0,18000.0,0.0,0.0,COMPLETED
ADM-2026-07901,Vikas Pillai,10th Grade,C,12000.0,12000.0,0.0,0.0,COMPLETED
ADM-2026-07902,Pari Malhotra,10th Grade,B,12000.0,12000.0,0.0,0.0,COMPLETED
ADM-2026-07903,Ishaan Iyer,11th Grade,A,12000.0,2533.01,9466.99,500.0,DEFAULT_AGED
ADM-2026-07904,Sanya Singh,12th Grade,D,12000.0,3145.19,8854.81,0.0,PENDING_DUE
ADM-2026-07905,Diya Deshmukh,12th Grade,C,12000.0,3413.53,8586.47,0.0,PENDING_DUE
ADM-2026-07906,Sanya Reddy,10th Grade,A,12000.0,12000.0,0.0,0.0,COMPLETED
ADM-2026-07907,Pankaj Choudhury,9th Grade,A,18000.0,5177.57,12822.43,250.0,DEFAULT_AGED
ADM-2026-07908,Arjun Menon,10th Grade,C,22000.0,22000.0,0.0,0.0,COMPLETED
ADM-2026-07909,Krishna Nair,11th Grade,B,15000.0,3670.58,11329.42,0.0,PENDING_DUE
ADM-2026-07910,Pooja Menon,12th Grade,C,15000.0,10184.3,4815.7,0.0,PENDING_DUE
ADM-2026-07911,Aarav Deshmukh,9th Grade,D,18000.0,5403.94,12596.06,0.0,PENDING_DUE
ADM-2026-07912,Diya Choudhury,9th Grade,A,15000.0,2354.44,12645.56,250.0,DEFAULT_AGED
ADM-2026-07913,Neha Sen,9th Grade,B,15000.0,9292.75,5707.25,0.0,PENDING_DUE
ADM-2026-07914,Krishna Iyer,9th Grade,B,22000.0,9438.21,12561.79,0.0,PENDING_DUE
ADM-2026-07915,Rahul Gupta,9th Grade,C,15000.0,54.76,14945.24,500.0,DEFAULT_AGED
ADM-2026-07916,Rahul Sharma,10th Grade,B,15000.0,15000.0,0.0,0.0,COMPLETED
ADM-2026-07917,Sai Reddy,10th Grade,D,22000.0,22000.0,0.0,0.0,COMPLETED
ADM-2026-07918,Vivaan Sharma,9th Grade,D,22000.0,22000.0,0.0,0.0,COMPLETED
ADM-2026-07919,Diya Pillai,10th Grade,B,15000.0,5618.45,9381.55,0.0,PENDING_DUE
ADM-2026-07920,Pooja Patel,9th Grade,D,12000.0,6693.26,5306.74,0.0,PENDING_DUE
ADM-2026-07921,Reyansh Das,9th Grade,D,22000.0,22000.0,0.0,0.0,COMPLETED
ADM-2026-07922,Meera Gupta,11th Grade,A,12000.0,12000.0,0.0,0.0,COMPLETED
ADM-2026-07923,Vikas Malhotra,9th Grade,A,15000.0,15000.0,0.0,0.0,COMPLETED
ADM-2026-07924,Kavita Mehta,12th Grade,B,15000.0,15000.0,0.0,0.0,COMPLETED
ADM-2026-07925,Pankaj Choudhury,12th Grade,C,12000.0,12000.0,0.0,0.0,COMPLETED
ADM-2026-07926,Arjun Deshmukh,11th Grade,B,12000.0,12000.0,0.0,0.0,COMPLETED
ADM-2026-07927,Aditya Menon,11th Grade,A,15000.0,15000.0,0.0,0.0,COMPLETED
ADM-2026-07928,Reyansh Reddy,11th Grade,D,22000.0,22000.0,0.0,0.0,COMPLETED
ADM-2026-07929,Sneha Sen,10th Grade,B,18000.0,18000.0,0.0,0.0,COMPLETED
ADM-2026-07930,Pooja Mehta,11th Grade,C,22000.0,10011.94,11988.06,0.0,PENDING_DUE
ADM-2026-07931,Pari Reddy,9th Grade,D,22000.0,22000.0,0.0,0.0,COMPLETED
ADM-2026-07932,Aarav Iyer,9th Grade,D,12000.0,12000.0,0.0,0.0,COMPLETED
ADM-2026-07933,Aditya Deshmukh,10th Grade,B,12000.0,2850.74,9149.26,0.0,PENDING_DUE
ADM-2026-07934,Rahul Das,12th Grade,D,22000.0,12945.29,9054.71,0.0,PENDING_DUE
ADM-2026-07935,Sneha Singh,9th Grade,D,22000.0,22000.0,0.0,0.0,COMPLETED
ADM-2026-07936,Sneha Menon,12th Grade,A,15000.0,2919.28,12080.72,1000.0,DEFAULT_AGED
ADM-2026-07937,Meera Joshi,12th Grade,B,22000.0,22000.0,0.0,0.0,COMPLETED
ADM-2026-07938,Rahul Mehta,12th Grade,C,22000.0,7839.87,14160.13,0.0,PENDING_DUE
ADM-2026-07939,Anjali Malhotra,9th Grade,B,18000.0,18000.0,0.0,0.0,COMPLETED
ADM-2026-07940,Ishaan Das,12th Grade,A,18000.0,18000.0,0.0,0.0,COMPLETED
ADM-2026-07941,Riya Reddy,9th Grade,B,15000.0,3457.06,11542.94,500.0,DEFAULT_AGED
ADM-2026-07942,Diya Reddy,11th Grade,C,15000.0,6603.33,8396.67,0.0,PENDING_DUE
ADM-2026-07943,Vihaan Sharma,9th Grade,D,12000.0,2291.83,9708.17,250.0,DEFAULT_AGED
ADM-2026-07944,Pankaj Kumar,11th Grade,C,15000.0,6392.81,8607.19,0.0,PENDING_DUE
ADM-2026-07945,Meera Pillai,11th Grade,D,15000.0,5199.28,9800.72,0.0,PENDING_DUE
ADM-2026-07946,Vikas Sen,10th Grade,A,15000.0,15000.0,0.0,0.0,COMPLETED
ADM-2026-07947,Aadhya Rao,11th Grade,A,12000.0,12000.0,0.0,0.0,COMPLETED
ADM-2026-07948,Aarav Choudhury,11th Grade,B,15000.0,15000.0,0.0,0.0,COMPLETED
ADM-2026-07949,Sai Verma,11th Grade,D,15000.0,4954.81,10045.19,0.0,PENDING_DUE
ADM-2026-07950,Vihaan Sen,10th Grade,C,18000.0,18000.0,0.0,0.0,COMPLETED
ADM-2026-07951,Diya Kumar,10th Grade,D,18000.0,5873.62,12126.38,0.0,PENDING_DUE
ADM-2026-07952,Meera Iyer,10th Grade,B,22000.0,13777.79,8222.21,0.0,PENDING_DUE
ADM-2026-07953,Pari Patel,11th Grade,D,12000.0,1934.89,10065.11,250.0,DEFAULT_AGED
ADM-2026-07954,Amit Pillai,10th Grade,D,22000.0,22000.0,0.0,0.0,COMPLETED
ADM-2026-07955,Vivaan Nair,9th Grade,B,22000.0,14749.46,7250.54,0.0,PENDING_DUE
ADM-2026-07956,Aditya Reddy,10th Grade,B,15000.0,15000.0,0.0,0.0,COMPLETED
ADM-2026-07957,Krishna Singh,12th Grade,D,22000.0,4511.11,17488.89,0.0,PENDING_DUE
ADM-2026-07958,Pooja Rao,11th Grade,C,12000.0,3577.24,8422.76,250.0,DEFAULT_AGED
ADM-2026-07959,Ayaan Iyer,12th Grade,B,15000.0,15000.0,0.0,0.0,COMPLETED
ADM-2026-07960,Vihaan Mehta,10th Grade,C,15000.0,6370.19,8629.81,0.0,PENDING_DUE
ADM-2026-07961,Aadhya Gupta,10th Grade,A,18000.0,18000.0,0.0,0.0,COMPLETED
ADM-2026-07962,Sai Sen,11th Grade,C,12000.0,8086.13,3913.87,0.0,PENDING_DUE
ADM-2026-07963,Neha Gupta,11th Grade,C,15000.0,15000.0,0.0,0.0,COMPLETED
ADM-2026-07964,Sai Rao,12th Grade,C,12000.0,12000.0,0.0,0.0,COMPLETED
ADM-2026-07965,Krishna Malhotra,11th Grade,A,12000.0,12000.0,0.0,0.0,COMPLETED
ADM-2026-07966,Krishna Sharma,11th Grade,C,22000.0,22000.0,0.0,0.0,COMPLETED
ADM-2026-07967,Meera Singh,10th Grade,A,22000.0,13414.92,8585.08,0.0,PENDING_DUE
ADM-2026-07968,Sai Gupta,12th Grade,C,15000.0,9824.85,5175.15,0.0,PENDING_DUE
ADM-2026-07969,Sneha Iyer,9th Grade,C,15000.0,759.07,14240.93,250.0,DEFAULT_AGED
ADM-2026-07970,Vivaan Reddy,11th Grade,A,22000.0,531.71,21468.29,1000.0,DEFAULT_AGED
ADM-2026-07971,Ishaan Malhotra,9th Grade,C,18000.0,3604.38,14395.62,500.0,DEFAULT_AGED
ADM-2026-07972,Ananya Reddy,11th Grade,D,12000.0,12000.0,0.0,0.0,COMPLETED
ADM-2026-07973,Pooja Pillai,11th Grade,A,12000.0,4704.79,7295.21,0.0,PENDING_DUE
ADM-2026-07974,Anjali Pillai,10th Grade,D,22000.0,22000.0,0.0,0.0,COMPLETED
ADM-2026-07975,Vihaan Mehta,10th Grade,B,12000.0,12000.0,0.0,0.0,COMPLETED
ADM-2026-07976,Aarav Choudhury,9th Grade,D,15000.0,5756.11,9243.89,0.0,PENDING_DUE
ADM-2026-07977,Diya Das,10th Grade,C,15000.0,15000.0,0.0,0.0,COMPLETED
ADM-2026-07978,Ayaan Pillai,11th Grade,D,22000.0,22000.0,0.0,0.0,COMPLETED
ADM-2026-07979,Rahul Sen,12th Grade,A,22000.0,5628.19,16371.81,0.0,PENDING_DUE
ADM-2026-07980,Pari Pillai,10th Grade,A,15000.0,15000.0,0.0,0.0,COMPLETED
ADM-2026-07981,Riya Sharma,10th Grade,C,22000.0,7405.87,14594.13,0.0,PENDING_DUE
ADM-2026-07982,Vivaan Joshi,11th Grade,D,12000.0,12000.0,0.0,0.0,COMPLETED
ADM-2026-07983,Diya Reddy,12th Grade,D,15000.0,15000.0,0.0,0.0,COMPLETED
ADM-2026-07984,Krishna Deshmukh,10th Grade,D,12000.0,2473.99,9526.01,0.0,PENDING_DUE
ADM-2026-07985,Kavita Nair,9th Grade,B,22000.0,14977.12,7022.88,0.0,PENDING_DUE
ADM-2026-07986,Aadhya Deshmukh,9th Grade,B,18000.0,11213.04,6786.96,0.0,PENDING_DUE
ADM-2026-07987,Meera Choudhury,11th Grade,D,22000.0,10484.7,11515.3,0.0,PENDING_DUE
ADM-2026-07988,Krishna Sharma,10th Grade,B,12000.0,2902.46,9097.54,0.0,PENDING_DUE
ADM-2026-07989,Meera Sen,12th Grade,C,18000.0,18000.0,0.0,0.0,COMPLETED
ADM-2026-07990,Sai Reddy,10th Grade,A,22000.0,22000.0,0.0,0.0,COMPLETED
ADM-2026-07991,Aadhya Singh,9th Grade,A,15000.0,15000.0,0.0,0.0,COMPLETED
ADM-2026-07992,Krishna Menon,11th Grade,C,12000.0,4688.06,7311.94,0.0,PENDING_DUE
ADM-2026-07993,Aadhya Malhotra,11th Grade,A,18000.0,8056.14,9943.86,0.0,PENDING_DUE
ADM-2026-07994,Ananya Joshi,10th Grade,D,18000.0,18000.0,0.0,0.0,COMPLETED
ADM-2026-07995,Vihaan Sharma,12th Grade,D,18000.0,18000.0,0.0,0.0,COMPLETED
ADM-2026-07996,Ishaan Deshmukh,10th Grade,B,22000.0,22000.0,0.0,0.0,COMPLETED
ADM-2026-07997,Ishaan Joshi,9th Grade,C,12000.0,12000.0,0.0,0.0,COMPLETED
ADM-2026-07998,Anjali Patel,9th Grade,D,15000.0,15000.0,0.0,0.0,COMPLETED
ADM-2026-07999,Vivaan Choudhury,11th Grade,A,12000.0,4124.57,7875.43,0.0,PENDING_DUE
ADM-2026-08000,Ishaan Joshi,10th Grade,B,18000.0,1873.41,16126.59,250.0,DEFAULT_AGED
ADM-2026-08001,Riya Singh,11th Grade,B,22000.0,22000.0,0.0,0.0,COMPLETED
ADM-2026-08002,Rohan Singh,9th Grade,C,12000.0,6709.62,5290.38,0.0,PENDING_DUE
ADM-2026-08003,Ananya Das,10th Grade,C,15000.0,15000.0,0.0,0.0,COMPLETED
ADM-2026-08004,Priya Joshi,12th Grade,C,18000.0,6617.99,11382.01,0.0,PENDING_DUE
ADM-2026-08005,Ananya Mehta,9th Grade,C,18000.0,18000.0,0.0,0.0,COMPLETED
ADM-2026-08006,Sneha Singh,9th Grade,D,18000.0,18000.0,0.0,0.0,COMPLETED
ADM-2026-08007,Aarav Sharma,9th Grade,D,22000.0,4340.81,17659.19,1000.0,DEFAULT_AGED
ADM-2026-08008,Ayaan Choudhury,11th Grade,B,15000.0,15000.0,0.0,0.0,COMPLETED
ADM-2026-08009,Vivaan Pillai,9th Grade,D,12000.0,6428.62,5571.38,0.0,PENDING_DUE
ADM-2026-08010,Sneha Gupta,12th Grade,C,12000.0,12000.0,0.0,0.0,COMPLETED
ADM-2026-08011,Pooja Joshi,10th Grade,D,22000.0,22000.0,0.0,0.0,COMPLETED
ADM-2026-08012,Sanya Bose,11th Grade,D,18000.0,12480.27,5519.73,0.0,PENDING_DUE
ADM-2026-08013,Ayaan Iyer,10th Grade,D,15000.0,3789.83,11210.17,0.0,PENDING_DUE
ADM-2026-08014,Kavita Sen,9th Grade,C,12000.0,12000.0,0.0,0.0,COMPLETED
ADM-2026-08015,Ayaan Malhotra,9th Grade,C,18000.0,18000.0,0.0,0.0,COMPLETED
ADM-2026-08016,Ananya Menon,12th Grade,A,22000.0,22000.0,0.0,0.0,COMPLETED
ADM-2026-08017,Aarav Das,11th Grade,D,15000.0,5879.98,9120.02,0.0,PENDING_DUE
ADM-2026-08018,Rahul Rao,11th Grade,C,22000.0,4010.18,17989.82,250.0,DEFAULT_AGED
ADM-2026-08019,Krishna Malhotra,11th Grade,C,15000.0,15000.0,0.0,0.0,COMPLETED
ADM-2026-08020,Vihaan Singh,10th Grade,A,18000.0,18000.0,0.0,0.0,COMPLETED
ADM-2026-08021,Meera Patel,9th Grade,D,12000.0,12000.0,0.0,0.0,COMPLETED
ADM-2026-08022,Reyansh Singh,11th Grade,A,15000.0,4200.31,10799.69,250.0,DEFAULT_AGED
ADM-2026-08023,Sai Mehta,10th Grade,A,18000.0,18000.0,0.0,0.0,COMPLETED
ADM-2026-08024,Reyansh Bose,12th Grade,C,12000.0,2661.13,9338.87,0.0,PENDING_DUE
ADM-2026-08025,Arjun Deshmukh,12th Grade,C,22000.0,22000.0,0.0,0.0,COMPLETED
ADM-2026-08026,Reyansh Gupta,10th Grade,C,12000.0,6253.87,5746.13,0.0,PENDING_DUE
ADM-2026-08027,Ishaan Das,11th Grade,C,12000.0,12000.0,0.0,0.0,COMPLETED
ADM-2026-08028,Diya Rao,9th Grade,D,12000.0,7474.05,4525.95,0.0,PENDING_DUE
ADM-2026-08029,Vikas Reddy,12th Grade,B,15000.0,3272.59,11727.41,500.0,DEFAULT_AGED
ADM-2026-08030,Aadhya Choudhury,9th Grade,C,15000.0,15000.0,0.0,0.0,COMPLETED
ADM-2026-08031,Anjali Kumar,9th Grade,C,18000.0,3753.03,14246.97,250.0,DEFAULT_AGED
ADM-2026-08032,Arjun Bose,12th Grade,C,12000.0,7301.64,4698.36,0.0,PENDING_DUE
ADM-2026-08033,Ishaan Sharma,12th Grade,C,15000.0,15000.0,0.0,0.0,COMPLETED
ADM-2026-08034,Rohan Rao,11th Grade,A,22000.0,14392.55,7607.45,0.0,PENDING_DUE
ADM-2026-08035,Pari Rao,11th Grade,D,12000.0,1840.41,10159.59,1000.0,DEFAULT_AGED
ADM-2026-08036,Reyansh Nair,9th Grade,C,15000.0,6182.89,8817.11,0.0,PENDING_DUE
ADM-2026-08037,Ayaan Sen,10th Grade,D,15000.0,15000.0,0.0,0.0,COMPLETED
ADM-2026-08038,Priya Deshmukh,10th Grade,D,22000.0,10489.59,11510.41,0.0,PENDING_DUE
ADM-2026-08039,Kavita Mehta,11th Grade,B,12000.0,3530.09,8469.91,0.0,PENDING_DUE
ADM-2026-08040,Aditya Das,10th Grade,A,12000.0,3949.95,8050.05,0.0,PENDING_DUE
ADM-2026-08041,Pooja Sen,10th Grade,D,15000.0,5297.37,9702.63,0.0,PENDING_DUE
ADM-2026-08042,Aditya Iyer,10th Grade,D,18000.0,702.59,17297.41,1000.0,DEFAULT_AGED
ADM-2026-08043,Riya Malhotra,12th Grade,D,15000.0,9874.3,5125.7,0.0,PENDING_DUE
ADM-2026-08044,Vihaan Reddy,9th Grade,D,15000.0,15000.0,0.0,0.0,COMPLETED
ADM-2026-08045,Vivaan Bose,11th Grade,A,18000.0,10902.23,7097.77,0.0,PENDING_DUE
ADM-2026-08046,Diya Malhotra,9th Grade,A,18000.0,18000.0,0.0,0.0,COMPLETED
ADM-2026-08047,Rahul Kumar,12th Grade,B,12000.0,7077.08,4922.92,0.0,PENDING_DUE
ADM-2026-08048,Meera Malhotra,12th Grade,D,12000.0,12000.0,0.0,0.0,COMPLETED
ADM-2026-08049,Meera Singh,10th Grade,A,12000.0,2917.05,9082.95,1000.0,DEFAULT_AGED
ADM-2026-08050,Amit Menon,12th Grade,B,15000.0,15000.0,0.0,0.0,COMPLETED
ADM-2026-08051,Vikas Patel,11th Grade,C,12000.0,5419.81,6580.19,0.0,PENDING_DUE
ADM-2026-08052,Vivaan Bose,12th Grade,B,15000.0,3311.22,11688.78,250.0,DEFAULT_AGED
ADM-2026-08053,Pari Das,11th Grade,C,15000.0,638.38,14361.62,1000.0,DEFAULT_AGED
ADM-2026-08054,Aarav Choudhury,10th Grade,C,22000.0,6730.6,15269.4,0.0,PENDING_DUE
ADM-2026-08055,Neha Bose,9th Grade,C,15000.0,15000.0,0.0,0.0,COMPLETED
ADM-2026-08056,Krishna Iyer,12th Grade,D,12000.0,12000.0,0.0,0.0,COMPLETED
ADM-2026-08057,Diya Deshmukh,11th Grade,A,18000.0,1604.9,16395.1,500.0,DEFAULT_AGED
ADM-2026-08058,Pari Nair,11th Grade,B,12000.0,12000.0,0.0,0.0,COMPLETED
ADM-2026-08059,Karan Pillai,10th Grade,A,12000.0,7713.79,4286.21,0.0,PENDING_DUE
ADM-2026-08060,Amit Pillai,11th Grade,B,18000.0,18000.0,0.0,0.0,COMPLETED
ADM-2026-08061,Aarav Pillai,11th Grade,B,15000.0,8814.83,6185.17,0.0,PENDING_DUE
ADM-2026-08062,Kavita Patel,12th Grade,B,15000.0,6417.07,8582.93,0.0,PENDING_DUE
ADM-2026-08063,Aditya Kumar,10th Grade,A,15000.0,6455.49,8544.51,0.0,PENDING_DUE
ADM-2026-08064,Vihaan Kumar,10th Grade,D,15000.0,15000.0,0.0,0.0,COMPLETED
ADM-2026-08065,Meera Sen,11th Grade,C,22000.0,8126.35,13873.65,0.0,PENDING_DUE
ADM-2026-08066,Kavita Sharma,9th Grade,D,15000.0,15000.0,0.0,0.0,COMPLETED
ADM-2026-08067,Amit Sharma,11th Grade,D,18000.0,18000.0,0.0,0.0,COMPLETED
ADM-2026-08068,Vihaan Mehta,11th Grade,A,22000.0,3646.54,18353.46,500.0,DEFAULT_AGED
ADM-2026-08069,Arjun Deshmukh,9th Grade,B,18000.0,18000.0,0.0,0.0,COMPLETED
ADM-2026-08070,Diya Kumar,12th Grade,D,18000.0,1178.68,16821.32,1000.0,DEFAULT_AGED
ADM-2026-08071,Aditya Joshi,9th Grade,A,22000.0,22000.0,0.0,0.0,COMPLETED
ADM-2026-08072,Diya Menon,12th Grade,A,18000.0,18000.0,0.0,0.0,COMPLETED
ADM-2026-08073,Karan Bose,11th Grade,C,15000.0,15000.0,0.0,0.0,COMPLETED
ADM-2026-08074,Anjali Pillai,9th Grade,A,12000.0,3270.3,8729.7,250.0,DEFAULT_AGED
ADM-2026-08075,Pooja Patel,11th Grade,C,22000.0,22000.0,0.0,0.0,COMPLETED
ADM-2026-08076,Diya Sharma,12th Grade,C,18000.0,4588.51,13411.49,0.0,PENDING_DUE
ADM-2026-08077,Sneha Mehta,11th Grade,B,12000.0,3434.74,8565.26,0.0,PENDING_DUE
ADM-2026-08078,Reyansh Patel,9th Grade,A,12000.0,831.91,11168.09,1000.0,DEFAULT_AGED
ADM-2026-08079,Krishna Rao,12th Grade,A,22000.0,9172.74,12827.26,0.0,PENDING_DUE
ADM-2026-08080,Vivaan Joshi,11th Grade,C,18000.0,18000.0,0.0,0.0,COMPLETED
ADM-2026-08081,Aditya Verma,9th Grade,A,22000.0,22000.0,0.0,0.0,COMPLETED
ADM-2026-08082,Ishaan Gupta,12th Grade,B,22000.0,22000.0,0.0,0.0,COMPLETED
ADM-2026-08083,Vikas Rao,11th Grade,B,15000.0,5012.13,9987.87,0.0,PENDING_DUE
ADM-2026-08084,Reyansh Bose,9th Grade,C,22000.0,22000.0,0.0,0.0,COMPLETED
ADM-2026-08085,Amit Sharma,10th Grade,B,12000.0,12000.0,0.0,0.0,COMPLETED
ADM-2026-08086,Rahul Mehta,10th Grade,B,12000.0,5195.29,6804.71,0.0,PENDING_DUE
ADM-2026-08087,Arjun Kumar,12th Grade,A,22000.0,15164.25,6835.75,0.0,PENDING_DUE
ADM-2026-08088,Diya Deshmukh,10th Grade,A,15000.0,3233.52,11766.48,250.0,DEFAULT_AGED
ADM-2026-08089,Aadhya Joshi,9th Grade,A,18000.0,18000.0,0.0,0.0,COMPLETED
ADM-2026-08090,Arjun Choudhury,10th Grade,D,15000.0,15000.0,0.0,0.0,COMPLETED
ADM-2026-08091,Rahul Nair,11th Grade,A,18000.0,8031.85,9968.15,0.0,PENDING_DUE
ADM-2026-08092,Diya Iyer,12th Grade,B,18000.0,18000.0,0.0,0.0,COMPLETED
ADM-2026-08093,Krishna Patel,11th Grade,C,18000.0,18000.0,0.0,0.0,COMPLETED
ADM-2026-08094,Anjali Mehta,9th Grade,D,12000.0,4307.79,7692.21,0.0,PENDING_DUE
ADM-2026-08095,Pankaj Gupta,9th Grade,A,12000.0,12000.0,0.0,0.0,COMPLETED
ADM-2026-08096,Pooja Choudhury,9th Grade,B,15000.0,9208.83,5791.17,0.0,PENDING_DUE
ADM-2026-08097,Rahul Malhotra,12th Grade,C,18000.0,18000.0,0.0,0.0,COMPLETED
ADM-2026-08098,Vikas Iyer,12th Grade,B,15000.0,7533.57,7466.43,0.0,PENDING_DUE
ADM-2026-08099,Pooja Sharma,11th Grade,A,22000.0,22000.0,0.0,0.0,COMPLETED
ADM-2026-08100,Krishna Singh,11th Grade,D,15000.0,8900.83,6099.17,0.0,PENDING_DUE
ADM-2026-08101,Diya Joshi,11th Grade,B,12000.0,4513.85,7486.15,0.0,PENDING_DUE
ADM-2026-08102,Arjun Patel,12th Grade,D,18000.0,18000.0,0.0,0.0,COMPLETED
ADM-2026-08103,Rohan Malhotra,10th Grade,D,15000.0,15000.0,0.0,0.0,COMPLETED
ADM-2026-08104,Rahul Patel,10th Grade,A,15000.0,7670.37,7329.63,0.0,PENDING_DUE
ADM-2026-08105,Ishaan Nair,12th Grade,A,22000.0,22000.0,0.0,0.0,COMPLETED
ADM-2026-08106,Ananya Gupta,11th Grade,B,15000.0,15000.0,0.0,0.0,COMPLETED
ADM-2026-08107,Arjun Sharma,11th Grade,A,18000.0,18000.0,0.0,0.0,COMPLETED
ADM-2026-08108,Pooja Patel,12th Grade,D,12000.0,12000.0,0.0,0.0,COMPLETED
ADM-2026-08109,Aarav Singh,11th Grade,D,15000.0,15000.0,0.0,0.0,COMPLETED
ADM-2026-08110,Pankaj Menon,12th Grade,D,12000.0,2730.95,9269.05,0.0,PENDING_DUE
ADM-2026-08111,Ananya Mehta,12th Grade,A,22000.0,12950.0,9050.0,0.0,PENDING_DUE
ADM-2026-08112,Aditya Reddy,12th Grade,A,15000.0,3122.58,11877.42,0.0,PENDING_DUE
ADM-2026-08113,Meera Singh,9th Grade,D,18000.0,10747.56,7252.44,0.0,PENDING_DUE
ADM-2026-08114,Vihaan Deshmukh,12th Grade,B,12000.0,3532.08,8467.92,250.0,DEFAULT_AGED
ADM-2026-08115,Karan Mehta,12th Grade,D,15000.0,2938.32,12061.68,1000.0,DEFAULT_AGED
ADM-2026-08116,Sneha Singh,10th Grade,A,12000.0,12000.0,0.0,0.0,COMPLETED
ADM-2026-08117,Vikas Bose,11th Grade,C,12000.0,12000.0,0.0,0.0,COMPLETED
ADM-2026-08118,Vivaan Das,10th Grade,B,18000.0,18000.0,0.0,0.0,COMPLETED
ADM-2026-08119,Vivaan Menon,10th Grade,D,18000.0,10866.32,7133.68,0.0,PENDING_DUE
ADM-2026-08120,Neha Deshmukh,10th Grade,C,15000.0,15000.0,0.0,0.0,COMPLETED
ADM-2026-08121,Arjun Kumar,9th Grade,B,15000.0,4755.32,10244.68,0.0,PENDING_DUE
ADM-2026-08122,Sai Reddy,10th Grade,A,18000.0,18000.0,0.0,0.0,COMPLETED
ADM-2026-08123,Ishaan Kumar,10th Grade,B,15000.0,5120.03,9879.97,0.0,PENDING_DUE
ADM-2026-08124,Vivaan Reddy,9th Grade,A,15000.0,15000.0,0.0,0.0,COMPLETED
ADM-2026-08125,Ananya Choudhury,12th Grade,B,18000.0,9513.92,8486.08,0.0,PENDING_DUE
ADM-2026-08126,Amit Nair,10th Grade,A,18000.0,1560.36,16439.64,500.0,DEFAULT_AGED
ADM-2026-08127,Vihaan Singh,10th Grade,D,22000.0,22000.0,0.0,0.0,COMPLETED
ADM-2026-08128,Neha Reddy,11th Grade,D,22000.0,22000.0,0.0,0.0,COMPLETED
ADM-2026-08129,Ananya Nair,9th Grade,D,22000.0,22000.0,0.0,0.0,COMPLETED
ADM-2026-08130,Reyansh Choudhury,12th Grade,A,15000.0,15000.0,0.0,0.0,COMPLETED
ADM-2026-08131,Sanya Deshmukh,12th Grade,A,12000.0,6661.88,5338.12,0.0,PENDING_DUE
ADM-2026-08132,Sai Patel,12th Grade,B,22000.0,3910.72,18089.28,500.0,DEFAULT_AGED
ADM-2026-08133,Ananya Deshmukh,10th Grade,D,22000.0,8581.77,13418.23,0.0,PENDING_DUE
ADM-2026-08134,Amit Iyer,12th Grade,A,15000.0,3834.75,11165.25,500.0,DEFAULT_AGED
ADM-2026-08135,Diya Malhotra,9th Grade,C,15000.0,15000.0,0.0,0.0,COMPLETED
ADM-2026-08136,Pari Bose,11th Grade,A,12000.0,5867.61,6132.39,0.0,PENDING_DUE
ADM-2026-08137,Riya Patel,10th Grade,B,15000.0,4223.66,10776.34,0.0,PENDING_DUE
ADM-2026-08138,Ayaan Pillai,12th Grade,C,12000.0,12000.0,0.0,0.0,COMPLETED
ADM-2026-08139,Ananya Choudhury,9th Grade,C,15000.0,709.99,14290.01,250.0,DEFAULT_AGED
ADM-2026-08140,Ishaan Reddy,11th Grade,D,22000.0,22000.0,0.0,0.0,COMPLETED
ADM-2026-08141,Neha Das,12th Grade,A,22000.0,22000.0,0.0,0.0,COMPLETED
ADM-2026-08142,Priya Verma,11th Grade,A,12000.0,12000.0,0.0,0.0,COMPLETED
ADM-2026-08143,Diya Menon,11th Grade,A,12000.0,12000.0,0.0,0.0,COMPLETED
ADM-2026-08144,Amit Mehta,11th Grade,D,15000.0,15000.0,0.0,0.0,COMPLETED
ADM-2026-08145,Ayaan Gupta,12th Grade,D,15000.0,15000.0,0.0,0.0,COMPLETED
ADM-2026-08146,Ananya Bose,11th Grade,C,22000.0,5633.0,16367.0,1000.0,DEFAULT_AGED
ADM-2026-08147,Meera Reddy,11th Grade,D,12000.0,12000.0,0.0,0.0,COMPLETED
ADM-2026-08148,Sneha Patel,12th Grade,B,22000.0,6375.04,15624.96,1000.0,DEFAULT_AGED
ADM-2026-08149,Sanya Verma,11th Grade,D,22000.0,6163.04,15836.96,0.0,PENDING_DUE
ADM-2026-08150,Diya Pillai,9th Grade,B,12000.0,6948.73,5051.27,0.0,PENDING_DUE
ADM-2026-08151,Ishaan Rao,12th Grade,B,12000.0,12000.0,0.0,0.0,COMPLETED
ADM-2026-08152,Kavita Mehta,11th Grade,B,15000.0,3254.62,11745.38,1000.0,DEFAULT_AGED
ADM-2026-08153,Priya Iyer,11th Grade,A,15000.0,2168.38,12831.62,500.0,DEFAULT_AGED
ADM-2026-08154,Pooja Nair,11th Grade,C,15000.0,15000.0,0.0,0.0,COMPLETED
ADM-2026-08155,Aarav Sen,10th Grade,A,15000.0,15000.0,0.0,0.0,COMPLETED
ADM-2026-08156,Diya Rao,11th Grade,B,12000.0,7091.03,4908.97,0.0,PENDING_DUE
ADM-2026-08157,Rahul Verma,11th Grade,A,12000.0,7923.14,4076.86,0.0,PENDING_DUE
ADM-2026-08158,Ananya Verma,9th Grade,D,18000.0,18000.0,0.0,0.0,COMPLETED
ADM-2026-08159,Neha Patel,12th Grade,D,22000.0,3307.08,18692.92,1000.0,DEFAULT_AGED
ADM-2026-08160,Meera Menon,12th Grade,A,18000.0,18000.0,0.0,0.0,COMPLETED
ADM-2026-08161,Ayaan Sen,10th Grade,D,15000.0,15000.0,0.0,0.0,COMPLETED
ADM-2026-08162,Aarav Nair,9th Grade,D,12000.0,5448.96,6551.04,0.0,PENDING_DUE
ADM-2026-08163,Rohan Malhotra,11th Grade,B,22000.0,22000.0,0.0,0.0,COMPLETED
ADM-2026-08164,Sanya Iyer,11th Grade,B,18000.0,18000.0,0.0,0.0,COMPLETED
ADM-2026-08165,Sai Singh,11th Grade,B,12000.0,6176.5,5823.5,0.0,PENDING_DUE
ADM-2026-08166,Ayaan Gupta,12th Grade,A,12000.0,5091.73,6908.27,0.0,PENDING_DUE
ADM-2026-08167,Priya Reddy,10th Grade,A,15000.0,15000.0,0.0,0.0,COMPLETED
ADM-2026-08168,Aditya Reddy,11th Grade,A,15000.0,6525.97,8474.03,0.0,PENDING_DUE
ADM-2026-08169,Vihaan Joshi,10th Grade,D,15000.0,5171.14,9828.86,0.0,PENDING_DUE
ADM-2026-08170,Pankaj Bose,12th Grade,B,12000.0,12000.0,0.0,0.0,COMPLETED
ADM-2026-08171,Aarav Nair,10th Grade,B,12000.0,3270.22,8729.78,1000.0,DEFAULT_AGED
ADM-2026-08172,Sneha Nair,11th Grade,A,12000.0,2080.97,9919.03,1000.0,DEFAULT_AGED
ADM-2026-08173,Arjun Pillai,9th Grade,A,22000.0,13692.97,8307.03,0.0,PENDING_DUE
ADM-2026-08174,Sneha Kumar,9th Grade,A,18000.0,1807.45,16192.55,1000.0,DEFAULT_AGED
ADM-2026-08175,Amit Sen,12th Grade,C,15000.0,15000.0,0.0,0.0,COMPLETED
ADM-2026-08176,Sanya Sen,9th Grade,A,22000.0,22000.0,0.0,0.0,COMPLETED
ADM-2026-08177,Pankaj Rao,10th Grade,C,18000.0,10570.26,7429.74,0.0,PENDING_DUE
ADM-2026-08178,Rahul Bose,9th Grade,A,18000.0,10295.36,7704.64,0.0,PENDING_DUE
ADM-2026-08179,Diya Reddy,12th Grade,B,12000.0,12000.0,0.0,0.0,COMPLETED
ADM-2026-08180,Meera Patel,10th Grade,A,15000.0,15000.0,0.0,0.0,COMPLETED
ADM-2026-08181,Neha Kumar,11th Grade,A,12000.0,387.36,11612.64,500.0,DEFAULT_AGED
ADM-2026-08182,Rohan Verma,12th Grade,C,15000.0,15000.0,0.0,0.0,COMPLETED
ADM-2026-08183,Neha Singh,12th Grade,C,22000.0,12282.09,9717.91,0.0,PENDING_DUE
ADM-2026-08184,Pari Joshi,10th Grade,B,18000.0,18000.0,0.0,0.0,COMPLETED
ADM-2026-08185,Vivaan Reddy,9th Grade,C,12000.0,12000.0,0.0,0.0,COMPLETED
ADM-2026-08186,Pooja Iyer,12th Grade,A,12000.0,1719.03,10280.97,1000.0,DEFAULT_AGED
ADM-2026-08187,Reyansh Bose,11th Grade,B,18000.0,18000.0,0.0,0.0,COMPLETED
ADM-2026-08188,Vihaan Kumar,12th Grade,B,22000.0,22000.0,0.0,0.0,COMPLETED
ADM-2026-08189,Vivaan Sen,11th Grade,A,22000.0,22000.0,0.0,0.0,COMPLETED
ADM-2026-08190,Krishna Iyer,10th Grade,D,22000.0,22000.0,0.0,0.0,COMPLETED
ADM-2026-08191,Vihaan Patel,10th Grade,C,15000.0,9298.49,5701.51,0.0,PENDING_DUE
ADM-2026-08192,Anjali Iyer,9th Grade,B,15000.0,15000.0,0.0,0.0,COMPLETED
ADM-2026-08193,Anjali Choudhury,10th Grade,A,18000.0,4594.18,13405.82,0.0,PENDING_DUE
ADM-2026-08194,Amit Patel,9th Grade,D,22000.0,22000.0,0.0,0.0,COMPLETED
ADM-2026-08195,Karan Menon,10th Grade,C,15000.0,7748.86,7251.14,0.0,PENDING_DUE
ADM-2026-08196,Ayaan Patel,11th Grade,A,15000.0,636.72,14363.28,500.0,DEFAULT_AGED
ADM-2026-08197,Diya Rao,9th Grade,C,22000.0,9842.9,12157.1,0.0,PENDING_DUE
ADM-2026-08198,Rahul Gupta,9th Grade,B,18000.0,18000.0,0.0,0.0,COMPLETED
ADM-2026-08199,Neha Das,11th Grade,A,15000.0,8448.8,6551.2,0.0,PENDING_DUE
ADM-2026-08200,Riya Kumar,12th Grade,D,15000.0,3564.5,11435.5,0.0,PENDING_DUE
ADM-2026-08201,Aditya Verma,11th Grade,B,18000.0,18000.0,0.0,0.0,COMPLETED
ADM-2026-08202,Sanya Nair,9th Grade,A,22000.0,8055.04,13944.96,0.0,PENDING_DUE
ADM-2026-08203,Ayaan Singh,10th Grade,D,15000.0,6157.96,8842.04,0.0,PENDING_DUE
ADM-2026-08204,Rohan Nair,12th Grade,D,15000.0,4294.15,10705.85,0.0,PENDING_DUE
ADM-2026-08205,Aditya Patel,9th Grade,B,15000.0,4638.45,10361.55,0.0,PENDING_DUE
ADM-2026-08206,Priya Iyer,11th Grade,A,22000.0,3173.32,18826.68,1000.0,DEFAULT_AGED
ADM-2026-08207,Anjali Joshi,10th Grade,B,18000.0,5346.71,12653.29,0.0,PENDING_DUE
ADM-2026-08208,Arjun Patel,10th Grade,A,18000.0,3574.89,14425.11,500.0,DEFAULT_AGED
ADM-2026-08209,Ishaan Malhotra,12th Grade,C,18000.0,5486.85,12513.15,0.0,PENDING_DUE
ADM-2026-08210,Rahul Iyer,10th Grade,A,18000.0,452.43,17547.57,1000.0,DEFAULT_AGED
ADM-2026-08211,Karan Malhotra,10th Grade,C,22000.0,12438.43,9561.57,0.0,PENDING_DUE
ADM-2026-08212,Amit Das,10th Grade,B,18000.0,18000.0,0.0,0.0,COMPLETED
ADM-2026-08213,Aadhya Mehta,9th Grade,C,22000.0,22000.0,0.0,0.0,COMPLETED
ADM-2026-08214,Ayaan Pillai,9th Grade,A,18000.0,18000.0,0.0,0.0,COMPLETED
ADM-2026-08215,Aditya Bose,11th Grade,C,12000.0,12000.0,0.0,0.0,COMPLETED
ADM-2026-08216,Sanya Sen,12th Grade,D,18000.0,18000.0,0.0,0.0,COMPLETED
ADM-2026-08217,Vihaan Das,10th Grade,C,22000.0,13213.29,8786.71,0.0,PENDING_DUE
ADM-2026-08218,Ayaan Pillai,9th Grade,B,18000.0,260.31,17739.69,1000.0,DEFAULT_AGED
ADM-2026-08219,Karan Gupta,11th Grade,C,12000.0,12000.0,0.0,0.0,COMPLETED
ADM-2026-08220,Diya Gupta,12th Grade,D,12000.0,5829.97,6170.03,0.0,PENDING_DUE
ADM-2026-08221,Diya Deshmukh,11th Grade,A,12000.0,8365.75,3634.25,0.0,PENDING_DUE
ADM-2026-08222,Diya Joshi,11th Grade,D,22000.0,5136.98,16863.02,250.0,DEFAULT_AGED
ADM-2026-08223,Aditya Menon,11th Grade,C,18000.0,4181.92,13818.08,0.0,PENDING_DUE
ADM-2026-08224,Priya Bose,10th Grade,B,12000.0,12000.0,0.0,0.0,COMPLETED
ADM-2026-08225,Reyansh Deshmukh,12th Grade,D,18000.0,236.79,17763.21,250.0,DEFAULT_AGED
ADM-2026-08226,Ishaan Gupta,10th Grade,D,22000.0,3294.19,18705.81,1000.0,DEFAULT_AGED
ADM-2026-08227,Rohan Iyer,9th Grade,A,22000.0,11224.96,10775.04,0.0,PENDING_DUE
ADM-2026-08228,Vivaan Gupta,9th Grade,D,12000.0,7670.72,4329.28,0.0,PENDING_DUE
ADM-2026-08229,Rahul Sen,10th Grade,C,18000.0,11451.47,6548.53,0.0,PENDING_DUE
ADM-2026-08230,Anjali Sen,10th Grade,A,12000.0,12000.0,0.0,0.0,COMPLETED
ADM-2026-08231,Reyansh Menon,12th Grade,A,18000.0,4071.05,13928.95,0.0,PENDING_DUE
ADM-2026-08232,Vihaan Iyer,10th Grade,D,22000.0,15078.88,6921.12,0.0,PENDING_DUE
ADM-2026-08233,Aditya Singh,12th Grade,D,15000.0,7554.62,7445.38,0.0,PENDING_DUE
ADM-2026-08234,Vivaan Iyer,11th Grade,B,22000.0,1301.81,20698.19,500.0,DEFAULT_AGED
ADM-2026-08235,Vivaan Patel,10th Grade,B,12000.0,12000.0,0.0,0.0,COMPLETED
ADM-2026-08236,Riya Nair,10th Grade,B,15000.0,3763.36,11236.64,1000.0,DEFAULT_AGED
ADM-2026-08237,Rohan Menon,10th Grade,D,12000.0,2191.49,9808.51,250.0,DEFAULT_AGED
ADM-2026-08238,Ishaan Choudhury,10th Grade,D,15000.0,15000.0,0.0,0.0,COMPLETED
ADM-2026-08239,Sai Sen,11th Grade,A,18000.0,18000.0,0.0,0.0,COMPLETED
ADM-2026-08240,Pari Patel,9th Grade,C,15000.0,3786.35,11213.65,500.0,DEFAULT_AGED
ADM-2026-08241,Aadhya Das,10th Grade,B,15000.0,8965.54,6034.46,0.0,PENDING_DUE
ADM-2026-08242,Sneha Rao,10th Grade,D,15000.0,6251.86,8748.14,0.0,PENDING_DUE
ADM-2026-08243,Ananya Mehta,12th Grade,D,15000.0,1308.5,13691.5,250.0,DEFAULT_AGED
ADM-2026-08244,Neha Malhotra,9th Grade,C,15000.0,2499.63,12500.37,1000.0,DEFAULT_AGED
ADM-2026-08245,Vikas Das,10th Grade,A,15000.0,15000.0,0.0,0.0,COMPLETED
ADM-2026-08246,Sanya Reddy,12th Grade,C,18000.0,2652.82,15347.18,500.0,DEFAULT_AGED
ADM-2026-08247,Sai Gupta,11th Grade,B,12000.0,3258.45,8741.55,0.0,PENDING_DUE
ADM-2026-08248,Vivaan Singh,11th Grade,D,15000.0,15000.0,0.0,0.0,COMPLETED
ADM-2026-08249,Meera Malhotra,11th Grade,A,15000.0,15000.0,0.0,0.0,COMPLETED
ADM-2026-08250,Aarav Menon,9th Grade,B,12000.0,12000.0,0.0,0.0,COMPLETED
ADM-2026-08251,Anjali Reddy,12th Grade,A,18000.0,18000.0,0.0,0.0,COMPLETED
ADM-2026-08252,Krishna Singh,10th Grade,C,22000.0,22000.0,0.0,0.0,COMPLETED
ADM-2026-08253,Aadhya Patel,9th Grade,D,18000.0,18000.0,0.0,0.0,COMPLETED
ADM-2026-08254,Anjali Deshmukh,9th Grade,D,15000.0,15000.0,0.0,0.0,COMPLETED
ADM-2026-08255,Pankaj Patel,12th Grade,D,22000.0,4953.64,17046.36,250.0,DEFAULT_AGED
ADM-2026-08256,Sanya Iyer,9th Grade,A,22000.0,15273.29,6726.71,0.0,PENDING_DUE
ADM-2026-08257,Vikas Pillai,12th Grade,D,18000.0,18000.0,0.0,0.0,COMPLETED
ADM-2026-08258,Neha Deshmukh,12th Grade,A,15000.0,15000.0,0.0,0.0,COMPLETED
ADM-2026-08259,Diya Das,9th Grade,C,15000.0,15000.0,0.0,0.0,COMPLETED
ADM-2026-08260,Aadhya Menon,10th Grade,D,22000.0,22000.0,0.0,0.0,COMPLETED
ADM-2026-08261,Vivaan Sen,10th Grade,C,12000.0,12000.0,0.0,0.0,COMPLETED
ADM-2026-08262,Sai Patel,10th Grade,C,22000.0,22000.0,0.0,0.0,COMPLETED
ADM-2026-08263,Vikas Menon,12th Grade,D,15000.0,3249.77,11750.23,1000.0,DEFAULT_AGED
ADM-2026-08264,Aditya Bose,9th Grade,D,15000.0,15000.0,0.0,0.0,COMPLETED
ADM-2026-08265,Vikas Iyer,10th Grade,C,18000.0,18000.0,0.0,0.0,COMPLETED
ADM-2026-08266,Kavita Sen,9th Grade,C,15000.0,15000.0,0.0,0.0,COMPLETED
ADM-2026-08267,Vihaan Singh,9th Grade,A,12000.0,12000.0,0.0,0.0,COMPLETED
ADM-2026-08268,Reyansh Joshi,9th Grade,D,22000.0,4804.1,17195.9,500.0,DEFAULT_AGED
ADM-2026-08269,Vivaan Menon,12th Grade,A,15000.0,3135.31,11864.69,500.0,DEFAULT_AGED
ADM-2026-08270,Aditya Das,9th Grade,D,15000.0,7946.31,7053.69,0.0,PENDING_DUE
ADM-2026-08271,Aditya Reddy,12th Grade,A,12000.0,1975.68,10024.32,1000.0,DEFAULT_AGED
ADM-2026-08272,Krishna Nair,9th Grade,D,12000.0,3211.37,8788.63,0.0,PENDING_DUE
ADM-2026-08273,Krishna Nair,9th Grade,D,18000.0,7137.47,10862.53,0.0,PENDING_DUE
ADM-2026-08274,Vivaan Reddy,10th Grade,A,22000.0,22000.0,0.0,0.0,COMPLETED
ADM-2026-08275,Vikas Reddy,11th Grade,A,18000.0,4419.28,13580.72,0.0,PENDING_DUE
ADM-2026-08276,Pankaj Sen,11th Grade,A,15000.0,9434.79,5565.21,0.0,PENDING_DUE
ADM-2026-08277,Arjun Malhotra,9th Grade,B,22000.0,22000.0,0.0,0.0,COMPLETED
ADM-2026-08278,Neha Das,12th Grade,D,15000.0,8642.14,6357.86,0.0,PENDING_DUE
ADM-2026-08279,Sai Rao,11th Grade,B,15000.0,7872.85,7127.15,0.0,PENDING_DUE
ADM-2026-08280,Meera Joshi,9th Grade,B,12000.0,12000.0,0.0,0.0,COMPLETED
ADM-2026-08281,Rohan Deshmukh,11th Grade,B,18000.0,8227.57,9772.43,0.0,PENDING_DUE
ADM-2026-08282,Diya Sharma,12th Grade,B,12000.0,2499.72,9500.28,500.0,DEFAULT_AGED
ADM-2026-08283,Priya Deshmukh,12th Grade,A,12000.0,6634.88,5365.12,0.0,PENDING_DUE
ADM-2026-08284,Sanya Reddy,10th Grade,D,15000.0,15000.0,0.0,0.0,COMPLETED
ADM-2026-08285,Pooja Verma,10th Grade,B,22000.0,9634.07,12365.93,0.0,PENDING_DUE
ADM-2026-08286,Diya Menon,10th Grade,C,12000.0,4253.53,7746.47,0.0,PENDING_DUE
ADM-2026-08287,Meera Verma,9th Grade,C,22000.0,6123.15,15876.85,1000.0,DEFAULT_AGED
ADM-2026-08288,Reyansh Sharma,9th Grade,B,12000.0,12000.0,0.0,0.0,COMPLETED
ADM-2026-08289,Sai Joshi,9th Grade,D,18000.0,2492.15,15507.85,1000.0,DEFAULT_AGED
ADM-2026-08290,Aadhya Sharma,12th Grade,C,22000.0,22000.0,0.0,0.0,COMPLETED
ADM-2026-08291,Arjun Deshmukh,12th Grade,A,22000.0,8414.93,13585.07,0.0,PENDING_DUE
ADM-2026-08292,Kavita Choudhury,11th Grade,D,15000.0,15000.0,0.0,0.0,COMPLETED
ADM-2026-08293,Ayaan Kumar,9th Grade,D,12000.0,3434.12,8565.88,1000.0,DEFAULT_AGED
ADM-2026-08294,Vikas Sharma,11th Grade,A,12000.0,2880.57,9119.43,0.0,PENDING_DUE
ADM-2026-08295,Vihaan Choudhury,11th Grade,C,12000.0,12000.0,0.0,0.0,COMPLETED
ADM-2026-08296,Vihaan Sharma,12th Grade,C,15000.0,15000.0,0.0,0.0,COMPLETED
ADM-2026-08297,Vikas Choudhury,9th Grade,B,12000.0,1021.99,10978.01,250.0,DEFAULT_AGED
ADM-2026-08298,Pari Kumar,9th Grade,D,15000.0,6099.67,8900.33,0.0,PENDING_DUE
ADM-2026-08299,Aditya Reddy,9th Grade,C,12000.0,5998.33,6001.67,0.0,PENDING_DUE
ADM-2026-08300,Arjun Bose,11th Grade,A,12000.0,12000.0,0.0,0.0,COMPLETED
ADM-2026-08301,Vikas Malhotra,12th Grade,C,22000.0,22000.0,0.0,0.0,COMPLETED
ADM-2026-08302,Aadhya Joshi,12th Grade,A,15000.0,5203.99,9796.01,0.0,PENDING_DUE
ADM-2026-08303,Priya Patel,9th Grade,A,15000.0,15000.0,0.0,0.0,COMPLETED
ADM-2026-08304,Rohan Pillai,11th Grade,B,22000.0,15125.16,6874.84,0.0,PENDING_DUE
ADM-2026-08305,Sanya Iyer,9th Grade,C,12000.0,5032.25,6967.75,0.0,PENDING_DUE
ADM-2026-08306,Sai Das,12th Grade,A,12000.0,12000.0,0.0,0.0,COMPLETED
ADM-2026-08307,Arjun Bose,11th Grade,A,12000.0,12000.0,0.0,0.0,COMPLETED
ADM-2026-08308,Neha Das,10th Grade,A,15000.0,15000.0,0.0,0.0,COMPLETED
ADM-2026-08309,Krishna Kumar,11th Grade,A,15000.0,10445.77,4554.23,0.0,PENDING_DUE
ADM-2026-08310,Sai Das,11th Grade,C,18000.0,11189.49,6810.51,0.0,PENDING_DUE
ADM-2026-08311,Rahul Iyer,11th Grade,D,12000.0,12000.0,0.0,0.0,COMPLETED
ADM-2026-08312,Arjun Menon,11th Grade,A,15000.0,15000.0,0.0,0.0,COMPLETED
ADM-2026-08313,Riya Sharma,9th Grade,B,18000.0,18000.0,0.0,0.0,COMPLETED
ADM-2026-08314,Kavita Sharma,9th Grade,D,22000.0,22000.0,0.0,0.0,COMPLETED
ADM-2026-08315,Ananya Malhotra,9th Grade,C,12000.0,12000.0,0.0,0.0,COMPLETED
ADM-2026-08316,Amit Nair,11th Grade,B,12000.0,3572.66,8427.34,1000.0,DEFAULT_AGED
ADM-2026-08317,Neha Pillai,10th Grade,A,15000.0,15000.0,0.0,0.0,COMPLETED
ADM-2026-08318,Diya Rao,11th Grade,D,12000.0,12000.0,0.0,0.0,COMPLETED
ADM-2026-08319,Reyansh Rao,9th Grade,B,22000.0,14110.64,7889.36,0.0,PENDING_DUE
ADM-2026-08320,Pari Nair,11th Grade,D,12000.0,8142.8,3857.2,0.0,PENDING_DUE
ADM-2026-08321,Aarav Gupta,11th Grade,D,18000.0,3938.45,14061.55,0.0,PENDING_DUE
ADM-2026-08322,Pankaj Menon,10th Grade,D,18000.0,3537.5,14462.5,250.0,DEFAULT_AGED
ADM-2026-08323,Neha Pillai,11th Grade,D,22000.0,22000.0,0.0,0.0,COMPLETED
ADM-2026-08324,Krishna Nair,11th Grade,D,18000.0,18000.0,0.0,0.0,COMPLETED
ADM-2026-08325,Rahul Choudhury,10th Grade,A,12000.0,12000.0,0.0,0.0,COMPLETED
ADM-2026-08326,Sanya Bose,9th Grade,D,12000.0,12000.0,0.0,0.0,COMPLETED
ADM-2026-08327,Meera Singh,10th Grade,A,22000.0,22000.0,0.0,0.0,COMPLETED
ADM-2026-08328,Ayaan Kumar,12th Grade,A,22000.0,3992.23,18007.77,250.0,DEFAULT_AGED
ADM-2026-08329,Priya Menon,12th Grade,B,18000.0,18000.0,0.0,0.0,COMPLETED
ADM-2026-08330,Riya Pillai,10th Grade,B,18000.0,5209.79,12790.21,500.0,DEFAULT_AGED
ADM-2026-08331,Aadhya Choudhury,12th Grade,C,12000.0,6940.47,5059.53,0.0,PENDING_DUE
ADM-2026-08332,Arjun Verma,9th Grade,D,22000.0,11342.96,10657.04,0.0,PENDING_DUE
ADM-2026-08333,Kavita Iyer,10th Grade,A,18000.0,1081.03,16918.97,1000.0,DEFAULT_AGED
ADM-2026-08334,Diya Iyer,12th Grade,B,12000.0,12000.0,0.0,0.0,COMPLETED
ADM-2026-08335,Meera Choudhury,11th Grade,C,22000.0,11493.84,10506.16,0.0,PENDING_DUE
ADM-2026-08336,Arjun Sharma,11th Grade,A,12000.0,7788.56,4211.44,0.0,PENDING_DUE
ADM-2026-08337,Ayaan Sharma,11th Grade,C,12000.0,3294.32,8705.68,500.0,DEFAULT_AGED
ADM-2026-08338,Rahul Sharma,12th Grade,B,12000.0,3018.93,8981.07,250.0,DEFAULT_AGED
ADM-2026-08339,Aditya Choudhury,12th Grade,A,18000.0,4203.91,13796.09,1000.0,DEFAULT_AGED
ADM-2026-08340,Vikas Malhotra,9th Grade,A,18000.0,18000.0,0.0,0.0,COMPLETED
ADM-2026-08341,Anjali Menon,10th Grade,C,18000.0,18000.0,0.0,0.0,COMPLETED
ADM-2026-08342,Sai Das,12th Grade,A,18000.0,18000.0,0.0,0.0,COMPLETED
ADM-2026-08343,Amit Menon,9th Grade,D,18000.0,9846.36,8153.64,0.0,PENDING_DUE
ADM-2026-08344,Sanya Rao,10th Grade,B,12000.0,12000.0,0.0,0.0,COMPLETED
ADM-2026-08345,Ayaan Deshmukh,11th Grade,B,15000.0,7959.98,7040.02,0.0,PENDING_DUE
ADM-2026-08346,Meera Iyer,11th Grade,D,18000.0,18000.0,0.0,0.0,COMPLETED
ADM-2026-08347,Pooja Das,10th Grade,D,18000.0,5742.36,12257.64,0.0,PENDING_DUE
ADM-2026-08348,Rahul Sen,12th Grade,B,12000.0,12000.0,0.0,0.0,COMPLETED
ADM-2026-08349,Ishaan Das,12th Grade,B,18000.0,10387.21,7612.79,0.0,PENDING_DUE
ADM-2026-08350,Meera Kumar,9th Grade,D,12000.0,12000.0,0.0,0.0,COMPLETED
ADM-2026-08351,Priya Sharma,9th Grade,C,18000.0,1945.01,16054.99,250.0,DEFAULT_AGED
ADM-2026-08352,Pari Choudhury,10th Grade,B,12000.0,1694.55,10305.45,500.0,DEFAULT_AGED
ADM-2026-08353,Reyansh Malhotra,12th Grade,B,12000.0,12000.0,0.0,0.0,COMPLETED
ADM-2026-08354,Vikas Bose,12th Grade,A,22000.0,22000.0,0.0,0.0,COMPLETED
ADM-2026-08355,Aadhya Sharma,12th Grade,C,12000.0,12000.0,0.0,0.0,COMPLETED
ADM-2026-08356,Ishaan Verma,12th Grade,A,12000.0,12000.0,0.0,0.0,COMPLETED
ADM-2026-08357,Ishaan Malhotra,11th Grade,C,18000.0,18000.0,0.0,0.0,COMPLETED
ADM-2026-08358,Sanya Kumar,11th Grade,A,22000.0,13305.0,8695.0,0.0,PENDING_DUE
ADM-2026-08359,Aditya Rao,12th Grade,C,22000.0,22000.0,0.0,0.0,COMPLETED
ADM-2026-08360,Ananya Sharma,9th Grade,C,22000.0,22000.0,0.0,0.0,COMPLETED
ADM-2026-08361,Aarav Iyer,9th Grade,C,12000.0,12000.0,0.0,0.0,COMPLETED
ADM-2026-08362,Amit Malhotra,11th Grade,A,18000.0,18000.0,0.0,0.0,COMPLETED
ADM-2026-08363,Krishna Menon,9th Grade,A,15000.0,15000.0,0.0,0.0,COMPLETED
ADM-2026-08364,Reyansh Joshi,11th Grade,B,18000.0,12046.39,5953.61,0.0,PENDING_DUE
ADM-2026-08365,Vihaan Nair,9th Grade,A,15000.0,1007.07,13992.93,500.0,DEFAULT_AGED
ADM-2026-08366,Aadhya Patel,10th Grade,D,18000.0,10121.1,7878.9,0.0,PENDING_DUE
ADM-2026-08367,Vivaan Verma,12th Grade,C,18000.0,6059.95,11940.05,0.0,PENDING_DUE
ADM-2026-08368,Riya Gupta,9th Grade,B,18000.0,18000.0,0.0,0.0,COMPLETED
ADM-2026-08369,Ananya Verma,11th Grade,A,22000.0,3197.43,18802.57,500.0,DEFAULT_AGED
ADM-2026-08370,Rohan Nair,11th Grade,B,22000.0,22000.0,0.0,0.0,COMPLETED
ADM-2026-08371,Diya Deshmukh,9th Grade,C,15000.0,15000.0,0.0,0.0,COMPLETED
ADM-2026-08372,Riya Kumar,9th Grade,A,12000.0,12000.0,0.0,0.0,COMPLETED
ADM-2026-08373,Sanya Reddy,12th Grade,C,18000.0,7383.48,10616.52,0.0,PENDING_DUE
ADM-2026-08374,Sanya Singh,9th Grade,B,18000.0,1992.22,16007.78,500.0,DEFAULT_AGED
ADM-2026-08375,Vikas Reddy,9th Grade,B,18000.0,18000.0,0.0,0.0,COMPLETED
ADM-2026-08376,Priya Verma,9th Grade,D,22000.0,7533.71,14466.29,0.0,PENDING_DUE
ADM-2026-08377,Priya Bose,11th Grade,D,12000.0,8043.49,3956.51,0.0,PENDING_DUE
ADM-2026-08378,Ananya Verma,11th Grade,B,18000.0,18000.0,0.0,0.0,COMPLETED
ADM-2026-08379,Karan Kumar,11th Grade,D,12000.0,6100.22,5899.78,0.0,PENDING_DUE
ADM-2026-08380,Rohan Gupta,10th Grade,B,22000.0,9586.59,12413.41,0.0,PENDING_DUE
ADM-2026-08381,Aditya Menon,11th Grade,A,15000.0,2090.78,12909.22,1000.0,DEFAULT_AGED
ADM-2026-08382,Vihaan Menon,11th Grade,C,22000.0,22000.0,0.0,0.0,COMPLETED
ADM-2026-08383,Pari Choudhury,11th Grade,A,22000.0,22000.0,0.0,0.0,COMPLETED
ADM-2026-08384,Sai Bose,11th Grade,B,15000.0,4128.48,10871.52,0.0,PENDING_DUE
ADM-2026-08385,Ayaan Pillai,9th Grade,B,22000.0,12017.71,9982.29,0.0,PENDING_DUE
ADM-2026-08386,Vikas Singh,12th Grade,C,12000.0,12000.0,0.0,0.0,COMPLETED
ADM-2026-08387,Priya Menon,10th Grade,D,12000.0,2464.77,9535.23,1000.0,DEFAULT_AGED
ADM-2026-08388,Ishaan Sharma,9th Grade,C,12000.0,12000.0,0.0,0.0,COMPLETED
ADM-2026-08389,Riya Reddy,11th Grade,C,15000.0,3443.79,11556.21,0.0,PENDING_DUE
ADM-2026-08390,Vihaan Mehta,9th Grade,C,18000.0,18000.0,0.0,0.0,COMPLETED
ADM-2026-08391,Amit Menon,11th Grade,A,15000.0,15000.0,0.0,0.0,COMPLETED
ADM-2026-08392,Karan Pillai,9th Grade,C,15000.0,15000.0,0.0,0.0,COMPLETED
ADM-2026-08393,Diya Iyer,10th Grade,A,15000.0,15000.0,0.0,0.0,COMPLETED
ADM-2026-08394,Arjun Sharma,9th Grade,D,22000.0,12043.58,9956.42,0.0,PENDING_DUE
ADM-2026-08395,Rahul Sen,10th Grade,B,22000.0,13734.27,8265.73,0.0,PENDING_DUE
ADM-2026-08396,Aadhya Rao,10th Grade,C,18000.0,18000.0,0.0,0.0,COMPLETED
ADM-2026-08397,Pankaj Reddy,11th Grade,C,15000.0,6166.95,8833.05,0.0,PENDING_DUE
ADM-2026-08398,Pankaj Reddy,11th Grade,C,15000.0,3806.71,11193.29,250.0,DEFAULT_AGED
ADM-2026-08399,Rahul Rao,11th Grade,D,18000.0,7596.67,10403.33,0.0,PENDING_DUE
ADM-2026-08400,Pooja Deshmukh,11th Grade,D,22000.0,9823.45,12176.55,0.0,PENDING_DUE
ADM-2026-08401,Aarav Sharma,9th Grade,D,22000.0,8494.46,13505.54,0.0,PENDING_DUE
ADM-2026-08402,Sneha Verma,12th Grade,D,22000.0,22000.0,0.0,0.0,COMPLETED
ADM-2026-08403,Amit Mehta,11th Grade,B,15000.0,7281.91,7718.09,0.0,PENDING_DUE
ADM-2026-08404,Aarav Joshi,12th Grade,D,18000.0,5218.17,12781.83,0.0,PENDING_DUE
ADM-2026-08405,Pooja Iyer,9th Grade,B,15000.0,15000.0,0.0,0.0,COMPLETED
ADM-2026-08406,Pari Pillai,9th Grade,D,18000.0,18000.0,0.0,0.0,COMPLETED
ADM-2026-08407,Riya Gupta,11th Grade,A,18000.0,3081.41,14918.59,1000.0,DEFAULT_AGED
ADM-2026-08408,Priya Iyer,10th Grade,A,18000.0,10512.9,7487.1,0.0,PENDING_DUE
ADM-2026-08409,Anjali Rao,12th Grade,C,15000.0,4975.88,10024.12,0.0,PENDING_DUE
ADM-2026-08410,Aadhya Malhotra,11th Grade,A,15000.0,6552.51,8447.49,0.0,PENDING_DUE
ADM-2026-08411,Diya Sen,12th Grade,C,22000.0,14289.59,7710.41,0.0,PENDING_DUE
ADM-2026-08412,Pari Deshmukh,10th Grade,A,22000.0,22000.0,0.0,0.0,COMPLETED
ADM-2026-08413,Arjun Bose,12th Grade,A,15000.0,6771.32,8228.68,0.0,PENDING_DUE
ADM-2026-08414,Sanya Sharma,11th Grade,B,12000.0,12000.0,0.0,0.0,COMPLETED
ADM-2026-08415,Anjali Choudhury,12th Grade,B,12000.0,12000.0,0.0,0.0,COMPLETED
ADM-2026-08416,Vivaan Rao,12th Grade,B,15000.0,5645.84,9354.16,0.0,PENDING_DUE
ADM-2026-08417,Vikas Kumar,9th Grade,C,18000.0,8501.53,9498.47,0.0,PENDING_DUE
ADM-2026-08418,Rahul Iyer,9th Grade,C,12000.0,12000.0,0.0,0.0,COMPLETED
ADM-2026-08419,Ananya Rao,10th Grade,C,12000.0,4422.25,7577.75,0.0,PENDING_DUE
ADM-2026-08420,Karan Das,10th Grade,C,18000.0,5100.06,12899.94,250.0,DEFAULT_AGED
ADM-2026-08421,Ayaan Kumar,11th Grade,C,22000.0,3019.99,18980.01,500.0,DEFAULT_AGED
ADM-2026-08422,Diya Sharma,10th Grade,B,15000.0,15000.0,0.0,0.0,COMPLETED
ADM-2026-08423,Kavita Kumar,12th Grade,A,15000.0,15000.0,0.0,0.0,COMPLETED
ADM-2026-08424,Priya Kumar,11th Grade,D,22000.0,22000.0,0.0,0.0,COMPLETED
ADM-2026-08425,Kavita Malhotra,12th Grade,B,12000.0,5885.26,6114.74,0.0,PENDING_DUE
ADM-2026-08426,Rohan Rao,12th Grade,D,22000.0,22000.0,0.0,0.0,COMPLETED
ADM-2026-08427,Anjali Rao,10th Grade,A,15000.0,15000.0,0.0,0.0,COMPLETED
ADM-2026-08428,Meera Joshi,10th Grade,D,15000.0,1634.36,13365.64,500.0,DEFAULT_AGED
ADM-2026-08429,Ayaan Das,11th Grade,B,18000.0,9743.13,8256.87,0.0,PENDING_DUE
ADM-2026-08430,Meera Reddy,10th Grade,D,15000.0,15000.0,0.0,0.0,COMPLETED
ADM-2026-08431,Ayaan Deshmukh,9th Grade,C,12000.0,12000.0,0.0,0.0,COMPLETED
ADM-2026-08432,Vihaan Kumar,12th Grade,B,22000.0,6586.43,15413.57,0.0,PENDING_DUE
ADM-2026-08433,Aarav Verma,12th Grade,A,12000.0,2129.79,9870.21,250.0,DEFAULT_AGED
ADM-2026-08434,Meera Deshmukh,9th Grade,B,18000.0,18000.0,0.0,0.0,COMPLETED
ADM-2026-08435,Reyansh Menon,11th Grade,A,22000.0,13851.62,8148.38,0.0,PENDING_DUE
ADM-2026-08436,Kavita Gupta,9th Grade,A,12000.0,12000.0,0.0,0.0,COMPLETED
ADM-2026-08437,Meera Deshmukh,12th Grade,A,12000.0,7802.56,4197.44,0.0,PENDING_DUE
ADM-2026-08438,Ishaan Nair,11th Grade,D,15000.0,15000.0,0.0,0.0,COMPLETED
ADM-2026-08439,Amit Menon,9th Grade,C,22000.0,14957.13,7042.87,0.0,PENDING_DUE
ADM-2026-08440,Ayaan Bose,12th Grade,C,12000.0,6604.06,5395.94,0.0,PENDING_DUE
ADM-2026-08441,Priya Malhotra,11th Grade,A,22000.0,22000.0,0.0,0.0,COMPLETED
ADM-2026-08442,Aarav Deshmukh,11th Grade,A,12000.0,12000.0,0.0,0.0,COMPLETED
ADM-2026-08443,Reyansh Deshmukh,9th Grade,A,15000.0,15000.0,0.0,0.0,COMPLETED
ADM-2026-08444,Meera Bose,9th Grade,C,22000.0,22000.0,0.0,0.0,COMPLETED
ADM-2026-08445,Anjali Gupta,9th Grade,B,22000.0,5847.89,16152.11,250.0,DEFAULT_AGED
ADM-2026-08446,Priya Sharma,10th Grade,D,12000.0,6390.88,5609.12,0.0,PENDING_DUE
ADM-2026-08447,Aditya Nair,11th Grade,C,12000.0,4415.41,7584.59,0.0,PENDING_DUE
ADM-2026-08448,Ayaan Deshmukh,10th Grade,A,18000.0,4771.47,13228.53,500.0,DEFAULT_AGED
ADM-2026-08449,Ishaan Deshmukh,11th Grade,B,15000.0,15000.0,0.0,0.0,COMPLETED
ADM-2026-08450,Ananya Gupta,11th Grade,A,15000.0,15000.0,0.0,0.0,COMPLETED
ADM-2026-08451,Diya Choudhury,10th Grade,A,18000.0,18000.0,0.0,0.0,COMPLETED
ADM-2026-08452,Sai Das,12th Grade,D,15000.0,15000.0,0.0,0.0,COMPLETED
ADM-2026-08453,Ishaan Joshi,11th Grade,B,12000.0,12000.0,0.0,0.0,COMPLETED
ADM-2026-08454,Priya Mehta,9th Grade,B,22000.0,9888.28,12111.72,0.0,PENDING_DUE
ADM-2026-08455,Sai Iyer,12th Grade,C,22000.0,6528.2,15471.8,0.0,PENDING_DUE
ADM-2026-08456,Neha Verma,9th Grade,D,18000.0,18000.0,0.0,0.0,COMPLETED
ADM-2026-08457,Priya Pillai,9th Grade,B,18000.0,18000.0,0.0,0.0,COMPLETED
ADM-2026-08458,Sanya Menon,12th Grade,D,12000.0,3090.37,8909.63,0.0,PENDING_DUE
ADM-2026-08459,Anjali Iyer,10th Grade,D,18000.0,9754.52,8245.48,0.0,PENDING_DUE
ADM-2026-08460,Vihaan Menon,11th Grade,D,12000.0,12000.0,0.0,0.0,COMPLETED
ADM-2026-08461,Riya Singh,9th Grade,A,15000.0,6335.41,8664.59,0.0,PENDING_DUE
ADM-2026-08462,Krishna Nair,11th Grade,D,15000.0,4492.78,10507.22,0.0,PENDING_DUE
ADM-2026-08463,Kavita Mehta,10th Grade,A,15000.0,7504.64,7495.36,0.0,PENDING_DUE
ADM-2026-08464,Meera Pillai,11th Grade,C,18000.0,8901.06,9098.94,0.0,PENDING_DUE
ADM-2026-08465,Kavita Mehta,12th Grade,A,15000.0,15000.0,0.0,0.0,COMPLETED
ADM-2026-08466,Reyansh Das,9th Grade,B,22000.0,22000.0,0.0,0.0,COMPLETED
ADM-2026-08467,Ananya Pillai,11th Grade,C,15000.0,15000.0,0.0,0.0,COMPLETED
ADM-2026-08468,Priya Choudhury,9th Grade,C,12000.0,12000.0,0.0,0.0,COMPLETED
ADM-2026-08469,Diya Sharma,9th Grade,D,18000.0,10636.23,7363.77,0.0,PENDING_DUE
ADM-2026-08470,Rohan Deshmukh,12th Grade,C,18000.0,5470.78,12529.22,0.0,PENDING_DUE
ADM-2026-08471,Rahul Choudhury,11th Grade,A,22000.0,12983.91,9016.09,0.0,PENDING_DUE
ADM-2026-08472,Reyansh Iyer,10th Grade,C,22000.0,22000.0,0.0,0.0,COMPLETED
ADM-2026-08473,Aadhya Gupta,12th Grade,A,15000.0,1940.77,13059.23,500.0,DEFAULT_AGED
ADM-2026-08474,Diya Das,12th Grade,A,18000.0,4089.07,13910.93,500.0,DEFAULT_AGED
ADM-2026-08475,Sanya Das,9th Grade,A,18000.0,2709.7,15290.3,1000.0,DEFAULT_AGED
ADM-2026-08476,Ayaan Deshmukh,9th Grade,B,18000.0,18000.0,0.0,0.0,COMPLETED
ADM-2026-08477,Reyansh Sharma,12th Grade,C,22000.0,22000.0,0.0,0.0,COMPLETED
ADM-2026-08478,Sanya Joshi,9th Grade,D,12000.0,12000.0,0.0,0.0,COMPLETED
ADM-2026-08479,Ananya Malhotra,10th Grade,B,15000.0,10117.35,4882.65,0.0,PENDING_DUE
ADM-2026-08480,Priya Bose,9th Grade,D,18000.0,18000.0,0.0,0.0,COMPLETED
ADM-2026-08481,Vikas Malhotra,9th Grade,A,12000.0,12000.0,0.0,0.0,COMPLETED
ADM-2026-08482,Pankaj Mehta,9th Grade,C,18000.0,18000.0,0.0,0.0,COMPLETED
ADM-2026-08483,Diya Rao,11th Grade,B,18000.0,8964.51,9035.49,0.0,PENDING_DUE
ADM-2026-08484,Sai Menon,9th Grade,A,12000.0,12000.0,0.0,0.0,COMPLETED
ADM-2026-08485,Vivaan Rao,11th Grade,D,15000.0,4121.18,10878.82,500.0,DEFAULT_AGED
ADM-2026-08486,Ananya Gupta,12th Grade,C,18000.0,18000.0,0.0,0.0,COMPLETED
ADM-2026-08487,Priya Bose,9th Grade,C,18000.0,18000.0,0.0,0.0,COMPLETED
ADM-2026-08488,Riya Patel,10th Grade,B,18000.0,5609.57,12390.43,0.0,PENDING_DUE
ADM-2026-08489,Sneha Choudhury,10th Grade,B,15000.0,3305.43,11694.57,0.0,PENDING_DUE
ADM-2026-08490,Diya Nair,9th Grade,D,15000.0,15000.0,0.0,0.0,COMPLETED
ADM-2026-08491,Diya Kumar,12th Grade,C,12000.0,12000.0,0.0,0.0,COMPLETED
ADM-2026-08492,Pankaj Choudhury,10th Grade,B,22000.0,22000.0,0.0,0.0,COMPLETED
ADM-2026-08493,Karan Deshmukh,10th Grade,A,15000.0,15000.0,0.0,0.0,COMPLETED
ADM-2026-08494,Aarav Choudhury,10th Grade,C,12000.0,12000.0,0.0,0.0,COMPLETED
ADM-2026-08495,Rahul Patel,9th Grade,D,15000.0,15000.0,0.0,0.0,COMPLETED
ADM-2026-08496,Aadhya Reddy,11th Grade,B,22000.0,22000.0,0.0,0.0,COMPLETED
ADM-2026-08497,Aadhya Menon,11th Grade,B,15000.0,5614.29,9385.71,0.0,PENDING_DUE
ADM-2026-08498,Pari Bose,10th Grade,C,12000.0,12000.0,0.0,0.0,COMPLETED
ADM-2026-08499,Krishna Rao,11th Grade,D,12000.0,12000.0,0.0,0.0,COMPLETED
ADM-2026-08500,Priya Iyer,12th Grade,D,18000.0,11284.05,6715.95,0.0,PENDING_DUE
ADM-2026-08501,Diya Choudhury,9th Grade,D,15000.0,3455.44,11544.56,0.0,PENDING_DUE
ADM-2026-08502,Priya Malhotra,10th Grade,C,22000.0,22000.0,0.0,0.0,COMPLETED
ADM-2026-08503,Pari Patel,9th Grade,B,12000.0,8031.58,3968.42,0.0,PENDING_DUE
ADM-2026-08504,Vikas Sharma,10th Grade,D,12000.0,12000.0,0.0,0.0,COMPLETED
ADM-2026-08505,Aadhya Kumar,10th Grade,B,12000.0,12000.0,0.0,0.0,COMPLETED
ADM-2026-08506,Priya Nair,11th Grade,A,15000.0,15000.0,0.0,0.0,COMPLETED
ADM-2026-08507,Rohan Patel,9th Grade,A,15000.0,9147.6,5852.4,0.0,PENDING_DUE
ADM-2026-08508,Neha Rao,9th Grade,D,12000.0,12000.0,0.0,0.0,COMPLETED
ADM-2026-08509,Kavita Singh,10th Grade,C,15000.0,7361.78,7638.22,0.0,PENDING_DUE
ADM-2026-08510,Reyansh Mehta,11th Grade,A,22000.0,22000.0,0.0,0.0,COMPLETED
ADM-2026-08511,Sai Sen,11th Grade,A,15000.0,10045.6,4954.4,0.0,PENDING_DUE
ADM-2026-08512,Ananya Malhotra,9th Grade,C,18000.0,18000.0,0.0,0.0,COMPLETED
ADM-2026-08513,Rohan Rao,12th Grade,B,12000.0,5384.45,6615.55,0.0,PENDING_DUE
ADM-2026-08514,Vikas Das,9th Grade,C,22000.0,22000.0,0.0,0.0,COMPLETED
ADM-2026-08515,Vihaan Verma,9th Grade,A,18000.0,18000.0,0.0,0.0,COMPLETED
ADM-2026-08516,Krishna Rao,11th Grade,B,22000.0,5368.81,16631.19,0.0,PENDING_DUE
ADM-2026-08517,Pari Iyer,10th Grade,A,22000.0,6449.5,15550.5,250.0,DEFAULT_AGED
ADM-2026-08518,Arjun Sen,9th Grade,C,22000.0,13290.22,8709.78,0.0,PENDING_DUE
ADM-2026-08519,Vikas Joshi,9th Grade,D,12000.0,12000.0,0.0,0.0,COMPLETED
ADM-2026-08520,Rahul Rao,10th Grade,B,18000.0,3261.98,14738.02,1000.0,DEFAULT_AGED
ADM-2026-08521,Riya Joshi,12th Grade,D,15000.0,15000.0,0.0,0.0,COMPLETED
ADM-2026-08522,Arjun Nair,9th Grade,C,15000.0,15000.0,0.0,0.0,COMPLETED
ADM-2026-08523,Vihaan Gupta,10th Grade,D,12000.0,12000.0,0.0,0.0,COMPLETED
ADM-2026-08524,Pooja Nair,11th Grade,C,12000.0,1360.05,10639.95,250.0,DEFAULT_AGED
ADM-2026-08525,Priya Singh,9th Grade,A,15000.0,147.42,14852.58,500.0,DEFAULT_AGED
ADM-2026-08526,Rahul Deshmukh,12th Grade,C,15000.0,5252.82,9747.18,0.0,PENDING_DUE
ADM-2026-08527,Sneha Kumar,10th Grade,A,12000.0,12000.0,0.0,0.0,COMPLETED
ADM-2026-08528,Priya Iyer,12th Grade,B,22000.0,2133.25,19866.75,1000.0,DEFAULT_AGED
ADM-2026-08529,Aarav Pillai,11th Grade,B,18000.0,7837.39,10162.61,0.0,PENDING_DUE
ADM-2026-08530,Anjali Malhotra,12th Grade,B,15000.0,15000.0,0.0,0.0,COMPLETED
ADM-2026-08531,Pooja Reddy,12th Grade,A,12000.0,781.92,11218.08,500.0,DEFAULT_AGED
ADM-2026-08532,Diya Sen,12th Grade,D,15000.0,15000.0,0.0,0.0,COMPLETED
ADM-2026-08533,Anjali Bose,10th Grade,D,15000.0,15000.0,0.0,0.0,COMPLETED
ADM-2026-08534,Diya Singh,12th Grade,D,15000.0,3286.8,11713.2,0.0,PENDING_DUE
ADM-2026-08535,Meera Iyer,10th Grade,B,22000.0,10493.08,11506.92,0.0,PENDING_DUE
ADM-2026-08536,Pooja Rao,9th Grade,C,22000.0,3009.53,18990.47,500.0,DEFAULT_AGED
ADM-2026-08537,Rohan Verma,12th Grade,D,15000.0,15000.0,0.0,0.0,COMPLETED
ADM-2026-08538,Rohan Iyer,9th Grade,B,12000.0,12000.0,0.0,0.0,COMPLETED
ADM-2026-08539,Sanya Gupta,10th Grade,D,18000.0,6503.99,11496.01,0.0,PENDING_DUE
ADM-2026-08540,Rohan Sen,9th Grade,A,22000.0,22000.0,0.0,0.0,COMPLETED
ADM-2026-08541,Vihaan Patel,10th Grade,C,15000.0,3381.13,11618.87,0.0,PENDING_DUE
ADM-2026-08542,Diya Nair,11th Grade,A,18000.0,6842.65,11157.35,0.0,PENDING_DUE
ADM-2026-08543,Aadhya Bose,10th Grade,D,15000.0,5647.35,9352.65,0.0,PENDING_DUE
ADM-2026-08544,Aarav Iyer,11th Grade,C,22000.0,22000.0,0.0,0.0,COMPLETED
ADM-2026-08545,Arjun Patel,11th Grade,C,18000.0,18000.0,0.0,0.0,COMPLETED
ADM-2026-08546,Vikas Patel,11th Grade,B,22000.0,4541.24,17458.76,0.0,PENDING_DUE
ADM-2026-08547,Karan Reddy,10th Grade,A,12000.0,7020.13,4979.87,0.0,PENDING_DUE
ADM-2026-08548,Vivaan Patel,9th Grade,A,22000.0,22000.0,0.0,0.0,COMPLETED
ADM-2026-08549,Sneha Verma,12th Grade,A,18000.0,12169.5,5830.5,0.0,PENDING_DUE
ADM-2026-08550,Karan Bose,9th Grade,A,18000.0,18000.0,0.0,0.0,COMPLETED
ADM-2026-08551,Aadhya Singh,10th Grade,A,15000.0,15000.0,0.0,0.0,COMPLETED
ADM-2026-08552,Pari Deshmukh,12th Grade,C,15000.0,8069.11,6930.89,0.0,PENDING_DUE
ADM-2026-08553,Riya Verma,9th Grade,D,18000.0,18000.0,0.0,0.0,COMPLETED
ADM-2026-08554,Amit Nair,9th Grade,D,22000.0,4981.16,17018.84,1000.0,DEFAULT_AGED
ADM-2026-08555,Rahul Sen,10th Grade,C,18000.0,18000.0,0.0,0.0,COMPLETED
ADM-2026-08556,Sai Sen,11th Grade,D,18000.0,4964.31,13035.69,0.0,PENDING_DUE
ADM-2026-08557,Neha Sen,12th Grade,C,22000.0,22000.0,0.0,0.0,COMPLETED
ADM-2026-08558,Reyansh Pillai,9th Grade,B,18000.0,18000.0,0.0,0.0,COMPLETED
ADM-2026-08559,Ananya Bose,9th Grade,C,18000.0,2938.78,15061.22,500.0,DEFAULT_AGED
ADM-2026-08560,Meera Menon,9th Grade,D,22000.0,22000.0,0.0,0.0,COMPLETED
ADM-2026-08561,Ananya Pillai,10th Grade,A,15000.0,6005.83,8994.17,0.0,PENDING_DUE
ADM-2026-08562,Reyansh Rao,10th Grade,C,18000.0,18000.0,0.0,0.0,COMPLETED
ADM-2026-08563,Aadhya Rao,9th Grade,D,12000.0,553.07,11446.93,1000.0,DEFAULT_AGED
ADM-2026-08564,Reyansh Sharma,9th Grade,D,12000.0,12000.0,0.0,0.0,COMPLETED
ADM-2026-08565,Rohan Menon,10th Grade,A,22000.0,22000.0,0.0,0.0,COMPLETED
ADM-2026-08566,Reyansh Nair,11th Grade,D,22000.0,22000.0,0.0,0.0,COMPLETED
ADM-2026-08567,Sanya Menon,11th Grade,C,12000.0,2799.9,9200.1,0.0,PENDING_DUE
ADM-2026-08568,Neha Iyer,12th Grade,B,15000.0,15000.0,0.0,0.0,COMPLETED
ADM-2026-08569,Aadhya Patel,12th Grade,C,12000.0,8142.81,3857.19,0.0,PENDING_DUE
ADM-2026-08570,Priya Sharma,12th Grade,D,12000.0,618.85,11381.15,500.0,DEFAULT_AGED
ADM-2026-08571,Meera Reddy,9th Grade,A,12000.0,234.11,11765.89,500.0,DEFAULT_AGED
ADM-2026-08572,Kavita Rao,12th Grade,A,22000.0,13290.21,8709.79,0.0,PENDING_DUE
ADM-2026-08573,Aarav Bose,12th Grade,D,15000.0,15000.0,0.0,0.0,COMPLETED
ADM-2026-08574,Vivaan Menon,9th Grade,D,22000.0,22000.0,0.0,0.0,COMPLETED
ADM-2026-08575,Meera Sen,12th Grade,C,18000.0,6210.55,11789.45,0.0,PENDING_DUE
ADM-2026-08576,Vikas Menon,11th Grade,C,22000.0,8113.27,13886.73,0.0,PENDING_DUE
ADM-2026-08577,Krishna Gupta,10th Grade,C,22000.0,4657.64,17342.36,0.0,PENDING_DUE
ADM-2026-08578,Ishaan Sharma,11th Grade,C,12000.0,12000.0,0.0,0.0,COMPLETED
ADM-2026-08579,Pooja Reddy,12th Grade,A,15000.0,15000.0,0.0,0.0,COMPLETED
ADM-2026-08580,Reyansh Kumar,10th Grade,A,22000.0,8266.09,13733.91,0.0,PENDING_DUE
ADM-2026-08581,Vikas Malhotra,11th Grade,D,12000.0,12000.0,0.0,0.0,COMPLETED
ADM-2026-08582,Neha Joshi,9th Grade,C,15000.0,15000.0,0.0,0.0,COMPLETED
ADM-2026-08583,Amit Sharma,10th Grade,D,18000.0,10909.92,7090.08,0.0,PENDING_DUE
ADM-2026-08584,Pari Patel,10th Grade,D,18000.0,18000.0,0.0,0.0,COMPLETED
ADM-2026-08585,Aditya Reddy,12th Grade,B,12000.0,3416.77,8583.23,250.0,DEFAULT_AGED
ADM-2026-08586,Vihaan Sharma,9th Grade,B,12000.0,4288.36,7711.64,0.0,PENDING_DUE
ADM-2026-08587,Arjun Joshi,9th Grade,A,15000.0,9139.47,5860.53,0.0,PENDING_DUE
ADM-2026-08588,Vikas Kumar,11th Grade,B,22000.0,22000.0,0.0,0.0,COMPLETED
ADM-2026-08589,Pooja Menon,12th Grade,A,12000.0,2214.18,9785.82,500.0,DEFAULT_AGED
ADM-2026-08590,Vivaan Choudhury,10th Grade,A,22000.0,22000.0,0.0,0.0,COMPLETED
ADM-2026-08591,Rohan Rao,11th Grade,A,22000.0,10493.22,11506.78,0.0,PENDING_DUE
ADM-2026-08592,Reyansh Patel,9th Grade,D,18000.0,18000.0,0.0,0.0,COMPLETED
ADM-2026-08593,Pankaj Das,10th Grade,B,22000.0,22000.0,0.0,0.0,COMPLETED
ADM-2026-08594,Sai Patel,12th Grade,A,12000.0,2067.43,9932.57,1000.0,DEFAULT_AGED
ADM-2026-08595,Sneha Kumar,12th Grade,C,22000.0,5651.84,16348.16,250.0,DEFAULT_AGED
ADM-2026-08596,Sanya Bose,9th Grade,C,12000.0,739.89,11260.11,250.0,DEFAULT_AGED
ADM-2026-08597,Pari Menon,9th Grade,D,12000.0,3978.13,8021.87,0.0,PENDING_DUE
ADM-2026-08598,Reyansh Rao,9th Grade,B,18000.0,3765.42,14234.58,0.0,PENDING_DUE
ADM-2026-08599,Ananya Nair,9th Grade,A,12000.0,12000.0,0.0,0.0,COMPLETED
ADM-2026-08600,Diya Menon,10th Grade,C,18000.0,18000.0,0.0,0.0,COMPLETED
ADM-2026-08601,Ishaan Sharma,12th Grade,B,12000.0,12000.0,0.0,0.0,COMPLETED
ADM-2026-08602,Amit Deshmukh,9th Grade,B,18000.0,18000.0,0.0,0.0,COMPLETED
ADM-2026-08603,Sanya Kumar,10th Grade,C,18000.0,3958.62,14041.38,0.0,PENDING_DUE
ADM-2026-08604,Diya Kumar,11th Grade,A,18000.0,9648.65,8351.35,0.0,PENDING_DUE
ADM-2026-08605,Aditya Das,12th Grade,C,15000.0,5067.87,9932.13,0.0,PENDING_DUE
ADM-2026-08606,Riya Kumar,12th Grade,B,12000.0,12000.0,0.0,0.0,COMPLETED
ADM-2026-08607,Riya Deshmukh,12th Grade,C,15000.0,15000.0,0.0,0.0,COMPLETED
ADM-2026-08608,Kavita Malhotra,10th Grade,C,22000.0,22000.0,0.0,0.0,COMPLETED
ADM-2026-08609,Reyansh Menon,11th Grade,C,12000.0,12000.0,0.0,0.0,COMPLETED
ADM-2026-08610,Vivaan Menon,9th Grade,D,22000.0,22000.0,0.0,0.0,COMPLETED
ADM-2026-08611,Aarav Sen,11th Grade,B,12000.0,12000.0,0.0,0.0,COMPLETED
ADM-2026-08612,Amit Gupta,9th Grade,D,15000.0,3679.59,11320.41,1000.0,DEFAULT_AGED
ADM-2026-08613,Meera Malhotra,11th Grade,B,18000.0,2367.77,15632.23,250.0,DEFAULT_AGED
ADM-2026-08614,Sai Bose,12th Grade,C,15000.0,8203.01,6796.99,0.0,PENDING_DUE
ADM-2026-08615,Meera Sharma,9th Grade,C,22000.0,8430.86,13569.14,0.0,PENDING_DUE
ADM-2026-08616,Meera Malhotra,11th Grade,D,12000.0,12000.0,0.0,0.0,COMPLETED
ADM-2026-08617,Rahul Patel,12th Grade,C,18000.0,1550.67,16449.33,1000.0,DEFAULT_AGED
ADM-2026-08618,Karan Malhotra,11th Grade,A,12000.0,4476.18,7523.82,0.0,PENDING_DUE
ADM-2026-08619,Anjali Patel,12th Grade,B,18000.0,4366.73,13633.27,1000.0,DEFAULT_AGED
ADM-2026-08620,Vihaan Sen,9th Grade,D,22000.0,22000.0,0.0,0.0,COMPLETED
ADM-2026-08621,Arjun Gupta,10th Grade,D,12000.0,12000.0,0.0,0.0,COMPLETED
ADM-2026-08622,Reyansh Rao,12th Grade,B,18000.0,1061.42,16938.58,500.0,DEFAULT_AGED
ADM-2026-08623,Sai Mehta,11th Grade,D,15000.0,5245.65,9754.35,0.0,PENDING_DUE
ADM-2026-08624,Aadhya Reddy,10th Grade,C,15000.0,15000.0,0.0,0.0,COMPLETED
ADM-2026-08625,Ananya Kumar,10th Grade,C,22000.0,22000.0,0.0,0.0,COMPLETED
ADM-2026-08626,Diya Mehta,12th Grade,D,15000.0,15000.0,0.0,0.0,COMPLETED
ADM-2026-08627,Karan Das,12th Grade,A,15000.0,1592.13,13407.87,500.0,DEFAULT_AGED
ADM-2026-08628,Amit Reddy,11th Grade,B,12000.0,3856.69,8143.31,0.0,PENDING_DUE
ADM-2026-08629,Aditya Verma,9th Grade,C,22000.0,22000.0,0.0,0.0,COMPLETED
ADM-2026-08630,Pankaj Nair,11th Grade,A,15000.0,15000.0,0.0,0.0,COMPLETED
ADM-2026-08631,Rohan Reddy,12th Grade,C,18000.0,7253.89,10746.11,0.0,PENDING_DUE
ADM-2026-08632,Anjali Sen,12th Grade,D,15000.0,7707.08,7292.92,0.0,PENDING_DUE
ADM-2026-08633,Aditya Kumar,12th Grade,B,18000.0,6222.56,11777.44,0.0,PENDING_DUE
ADM-2026-08634,Karan Choudhury,11th Grade,C,15000.0,15000.0,0.0,0.0,COMPLETED
ADM-2026-08635,Pari Reddy,11th Grade,C,22000.0,22000.0,0.0,0.0,COMPLETED
ADM-2026-08636,Vivaan Sharma,11th Grade,D,18000.0,18000.0,0.0,0.0,COMPLETED
ADM-2026-08637,Pari Malhotra,10th Grade,C,18000.0,18000.0,0.0,0.0,COMPLETED
ADM-2026-08638,Vihaan Menon,10th Grade,C,18000.0,4378.06,13621.94,250.0,DEFAULT_AGED
ADM-2026-08639,Vikas Rao,11th Grade,D,15000.0,4233.98,10766.02,0.0,PENDING_DUE
ADM-2026-08640,Sai Patel,12th Grade,A,12000.0,12000.0,0.0,0.0,COMPLETED
ADM-2026-08641,Krishna Mehta,12th Grade,B,22000.0,22000.0,0.0,0.0,COMPLETED
ADM-2026-08642,Rahul Nair,11th Grade,D,12000.0,4336.14,7663.86,0.0,PENDING_DUE
ADM-2026-08643,Pooja Singh,12th Grade,C,12000.0,12000.0,0.0,0.0,COMPLETED
ADM-2026-08644,Vivaan Gupta,10th Grade,B,12000.0,1661.34,10338.66,500.0,DEFAULT_AGED
ADM-2026-08645,Aditya Singh,11th Grade,B,15000.0,9879.51,5120.49,0.0,PENDING_DUE
ADM-2026-08646,Ishaan Choudhury,11th Grade,A,22000.0,22000.0,0.0,0.0,COMPLETED
ADM-2026-08647,Aarav Das,9th Grade,C,12000.0,7583.53,4416.47,0.0,PENDING_DUE
ADM-2026-08648,Sanya Joshi,9th Grade,A,12000.0,12000.0,0.0,0.0,COMPLETED
ADM-2026-08649,Pooja Patel,11th Grade,D,22000.0,2084.68,19915.32,250.0,DEFAULT_AGED
ADM-2026-08650,Vihaan Deshmukh,9th Grade,B,12000.0,12000.0,0.0,0.0,COMPLETED
ADM-2026-08651,Neha Menon,11th Grade,A,22000.0,22000.0,0.0,0.0,COMPLETED
ADM-2026-08652,Meera Singh,10th Grade,C,15000.0,867.28,14132.72,500.0,DEFAULT_AGED
ADM-2026-08653,Kavita Patel,12th Grade,C,15000.0,6891.94,8108.06,0.0,PENDING_DUE
ADM-2026-08654,Sanya Rao,12th Grade,B,18000.0,7510.09,10489.91,0.0,PENDING_DUE
ADM-2026-08655,Anjali Gupta,9th Grade,D,22000.0,22000.0,0.0,0.0,COMPLETED
ADM-2026-08656,Sai Iyer,9th Grade,D,18000.0,11832.28,6167.72,0.0,PENDING_DUE
ADM-2026-08657,Diya Joshi,10th Grade,D,15000.0,15000.0,0.0,0.0,COMPLETED
ADM-2026-08658,Amit Sen,11th Grade,D,15000.0,4551.52,10448.48,0.0,PENDING_DUE
ADM-2026-08659,Sanya Patel,10th Grade,B,18000.0,18000.0,0.0,0.0,COMPLETED
ADM-2026-08660,Kavita Kumar,9th Grade,B,15000.0,8571.68,6428.32,0.0,PENDING_DUE
ADM-2026-08661,Amit Gupta,10th Grade,D,12000.0,3480.83,8519.17,250.0,DEFAULT_AGED
ADM-2026-08662,Arjun Singh,11th Grade,C,22000.0,12086.99,9913.01,0.0,PENDING_DUE
ADM-2026-08663,Krishna Sen,9th Grade,D,12000.0,12000.0,0.0,0.0,COMPLETED
ADM-2026-08664,Meera Das,9th Grade,B,22000.0,11273.92,10726.08,0.0,PENDING_DUE
ADM-2026-08665,Reyansh Patel,11th Grade,B,22000.0,15150.83,6849.17,0.0,PENDING_DUE
ADM-2026-08666,Neha Menon,9th Grade,C,15000.0,15000.0,0.0,0.0,COMPLETED
ADM-2026-08667,Rohan Joshi,9th Grade,C,15000.0,4279.46,10720.54,1000.0,DEFAULT_AGED
ADM-2026-08668,Aarav Rao,9th Grade,C,18000.0,5906.13,12093.87,0.0,PENDING_DUE
ADM-2026-08669,Ishaan Nair,11th Grade,D,22000.0,22000.0,0.0,0.0,COMPLETED
ADM-2026-08670,Sanya Singh,12th Grade,C,15000.0,1041.66,13958.34,1000.0,DEFAULT_AGED
ADM-2026-08671,Vikas Nair,12th Grade,C,12000.0,7773.44,4226.56,0.0,PENDING_DUE
ADM-2026-08672,Vikas Verma,11th Grade,B,22000.0,10866.27,11133.73,0.0,PENDING_DUE
ADM-2026-08673,Pooja Sharma,12th Grade,B,12000.0,12000.0,0.0,0.0,COMPLETED
ADM-2026-08674,Aditya Singh,11th Grade,A,12000.0,12000.0,0.0,0.0,COMPLETED
ADM-2026-08675,Pooja Malhotra,10th Grade,C,15000.0,15000.0,0.0,0.0,COMPLETED
ADM-2026-08676,Pari Rao,12th Grade,D,12000.0,5056.24,6943.76,0.0,PENDING_DUE
ADM-2026-08677,Diya Choudhury,10th Grade,B,12000.0,3024.19,8975.81,0.0,PENDING_DUE
ADM-2026-08678,Ishaan Gupta,12th Grade,A,15000.0,7472.81,7527.19,0.0,PENDING_DUE
ADM-2026-08679,Ayaan Das,9th Grade,A,18000.0,5003.91,12996.09,0.0,PENDING_DUE
ADM-2026-08680,Rohan Rao,11th Grade,C,18000.0,10907.4,7092.6,0.0,PENDING_DUE
ADM-2026-08681,Vihaan Sen,9th Grade,A,22000.0,11274.93,10725.07,0.0,PENDING_DUE
ADM-2026-08682,Reyansh Kumar,12th Grade,B,15000.0,5898.85,9101.15,0.0,PENDING_DUE
ADM-2026-08683,Sanya Patel,11th Grade,B,22000.0,8630.71,13369.29,0.0,PENDING_DUE
ADM-2026-08684,Arjun Nair,9th Grade,B,18000.0,9730.64,8269.36,0.0,PENDING_DUE
ADM-2026-08685,Aadhya Mehta,9th Grade,C,22000.0,22000.0,0.0,0.0,COMPLETED
ADM-2026-08686,Sneha Reddy,10th Grade,A,18000.0,5534.29,12465.71,0.0,PENDING_DUE
ADM-2026-08687,Vihaan Sen,12th Grade,D,18000.0,5302.92,12697.08,0.0,PENDING_DUE
ADM-2026-08688,Ayaan Bose,11th Grade,A,12000.0,12000.0,0.0,0.0,COMPLETED
ADM-2026-08689,Riya Gupta,10th Grade,D,22000.0,22000.0,0.0,0.0,COMPLETED
ADM-2026-08690,Anjali Reddy,12th Grade,D,18000.0,18000.0,0.0,0.0,COMPLETED
ADM-2026-08691,Neha Nair,10th Grade,C,12000.0,1544.14,10455.86,500.0,DEFAULT_AGED
ADM-2026-08692,Sanya Singh,10th Grade,B,12000.0,4291.96,7708.04,0.0,PENDING_DUE
ADM-2026-08693,Pooja Joshi,12th Grade,D,12000.0,8021.75,3978.25,0.0,PENDING_DUE
ADM-2026-08694,Kavita Pillai,11th Grade,D,18000.0,1802.84,16197.16,250.0,DEFAULT_AGED
ADM-2026-08695,Krishna Sharma,11th Grade,D,22000.0,22000.0,0.0,0.0,COMPLETED
ADM-2026-08696,Sneha Choudhury,9th Grade,B,18000.0,8424.55,9575.45,0.0,PENDING_DUE
ADM-2026-08697,Aditya Joshi,9th Grade,C,12000.0,836.11,11163.89,1000.0,DEFAULT_AGED
ADM-2026-08698,Krishna Malhotra,10th Grade,B,12000.0,12000.0,0.0,0.0,COMPLETED
ADM-2026-08699,Amit Sen,10th Grade,C,18000.0,18000.0,0.0,0.0,COMPLETED
ADM-2026-08700,Arjun Menon,11th Grade,C,12000.0,12000.0,0.0,0.0,COMPLETED
ADM-2026-08701,Diya Kumar,11th Grade,A,18000.0,10080.89,7919.11,0.0,PENDING_DUE
ADM-2026-08702,Kavita Nair,10th Grade,C,22000.0,4559.07,17440.93,0.0,PENDING_DUE
ADM-2026-08703,Priya Verma,12th Grade,B,22000.0,8358.75,13641.25,0.0,PENDING_DUE
ADM-2026-08704,Diya Bose,11th Grade,B,15000.0,987.21,14012.79,250.0,DEFAULT_AGED
ADM-2026-08705,Priya Rao,12th Grade,B,18000.0,18000.0,0.0,0.0,COMPLETED
ADM-2026-08706,Sneha Joshi,11th Grade,B,15000.0,15000.0,0.0,0.0,COMPLETED
ADM-2026-08707,Rahul Mehta,12th Grade,B,18000.0,10268.36,7731.64,0.0,PENDING_DUE
ADM-2026-08708,Rohan Kumar,12th Grade,A,12000.0,4414.22,7585.78,0.0,PENDING_DUE
ADM-2026-08709,Ananya Patel,10th Grade,B,18000.0,18000.0,0.0,0.0,COMPLETED
ADM-2026-08710,Ayaan Mehta,10th Grade,A,12000.0,12000.0,0.0,0.0,COMPLETED
ADM-2026-08711,Kavita Deshmukh,10th Grade,C,12000.0,12000.0,0.0,0.0,COMPLETED
ADM-2026-08712,Pankaj Pillai,11th Grade,A,12000.0,12000.0,0.0,0.0,COMPLETED
ADM-2026-08713,Arjun Patel,9th Grade,C,18000.0,18000.0,0.0,0.0,COMPLETED
ADM-2026-08714,Anjali Gupta,11th Grade,C,22000.0,22000.0,0.0,0.0,COMPLETED
ADM-2026-08715,Amit Sen,12th Grade,B,22000.0,22000.0,0.0,0.0,COMPLETED
ADM-2026-08716,Meera Rao,9th Grade,C,18000.0,2552.28,15447.72,500.0,DEFAULT_AGED
ADM-2026-08717,Sai Pillai,12th Grade,B,12000.0,12000.0,0.0,0.0,COMPLETED
ADM-2026-08718,Sanya Kumar,10th Grade,D,12000.0,12000.0,0.0,0.0,COMPLETED
ADM-2026-08719,Vihaan Reddy,11th Grade,A,15000.0,15000.0,0.0,0.0,COMPLETED
ADM-2026-08720,Diya Das,12th Grade,C,18000.0,18000.0,0.0,0.0,COMPLETED
ADM-2026-08721,Aditya Sharma,9th Grade,B,12000.0,3335.11,8664.89,0.0,PENDING_DUE
ADM-2026-08722,Meera Menon,10th Grade,C,18000.0,3933.21,14066.79,0.0,PENDING_DUE
ADM-2026-08723,Kavita Reddy,12th Grade,A,22000.0,22000.0,0.0,0.0,COMPLETED
ADM-2026-08724,Reyansh Rao,9th Grade,C,18000.0,18000.0,0.0,0.0,COMPLETED
ADM-2026-08725,Reyansh Bose,11th Grade,D,12000.0,12000.0,0.0,0.0,COMPLETED
ADM-2026-08726,Sneha Nair,11th Grade,D,15000.0,15000.0,0.0,0.0,COMPLETED
ADM-2026-08727,Neha Nair,11th Grade,B,15000.0,15000.0,0.0,0.0,COMPLETED
ADM-2026-08728,Diya Verma,11th Grade,D,15000.0,15000.0,0.0,0.0,COMPLETED
ADM-2026-08729,Anjali Joshi,10th Grade,A,18000.0,18000.0,0.0,0.0,COMPLETED
ADM-2026-08730,Diya Sen,9th Grade,B,18000.0,9957.85,8042.15,0.0,PENDING_DUE
ADM-2026-08731,Ayaan Singh,10th Grade,B,22000.0,22000.0,0.0,0.0,COMPLETED
ADM-2026-08732,Aadhya Sharma,9th Grade,D,22000.0,22000.0,0.0,0.0,COMPLETED
ADM-2026-08733,Aditya Patel,11th Grade,A,22000.0,22000.0,0.0,0.0,COMPLETED
ADM-2026-08734,Diya Singh,12th Grade,B,22000.0,22000.0,0.0,0.0,COMPLETED
ADM-2026-08735,Priya Gupta,10th Grade,C,12000.0,3272.29,8727.71,0.0,PENDING_DUE
ADM-2026-08736,Ananya Iyer,9th Grade,B,15000.0,7633.82,7366.18,0.0,PENDING_DUE
ADM-2026-08737,Diya Deshmukh,12th Grade,B,12000.0,12000.0,0.0,0.0,COMPLETED
ADM-2026-08738,Ananya Deshmukh,10th Grade,D,18000.0,18000.0,0.0,0.0,COMPLETED
ADM-2026-08739,Diya Deshmukh,10th Grade,B,22000.0,22000.0,0.0,0.0,COMPLETED
ADM-2026-08740,Reyansh Sen,12th Grade,D,15000.0,7121.33,7878.67,0.0,PENDING_DUE
ADM-2026-08741,Krishna Nair,9th Grade,D,22000.0,10399.5,11600.5,0.0,PENDING_DUE
ADM-2026-08742,Kavita Iyer,11th Grade,D,22000.0,4613.2,17386.8,250.0,DEFAULT_AGED
ADM-2026-08743,Priya Mehta,10th Grade,D,18000.0,18000.0,0.0,0.0,COMPLETED
ADM-2026-08744,Pari Das,12th Grade,A,15000.0,10101.76,4898.24,0.0,PENDING_DUE
ADM-2026-08745,Karan Kumar,10th Grade,B,12000.0,12000.0,0.0,0.0,COMPLETED
ADM-2026-08746,Reyansh Pillai,12th Grade,A,18000.0,8143.38,9856.62,0.0,PENDING_DUE
ADM-2026-08747,Neha Pillai,12th Grade,A,18000.0,18000.0,0.0,0.0,COMPLETED
ADM-2026-08748,Amit Bose,11th Grade,A,22000.0,22000.0,0.0,0.0,COMPLETED
ADM-2026-08749,Pari Menon,12th Grade,A,18000.0,3528.04,14471.96,250.0,DEFAULT_AGED
ADM-2026-08750,Rohan Sen,10th Grade,C,12000.0,12000.0,0.0,0.0,COMPLETED
ADM-2026-08751,Kavita Choudhury,11th Grade,A,15000.0,88.86,14911.14,250.0,DEFAULT_AGED
ADM-2026-08752,Rohan Nair,10th Grade,C,18000.0,5556.87,12443.13,0.0,PENDING_DUE
ADM-2026-08753,Reyansh Rao,11th Grade,A,15000.0,15000.0,0.0,0.0,COMPLETED
ADM-2026-08754,Ayaan Mehta,10th Grade,D,15000.0,4129.1,10870.9,500.0,DEFAULT_AGED
ADM-2026-08755,Arjun Gupta,12th Grade,B,22000.0,8568.17,13431.83,0.0,PENDING_DUE
ADM-2026-08756,Ayaan Sharma,10th Grade,C,12000.0,12000.0,0.0,0.0,COMPLETED
ADM-2026-08757,Aarav Patel,9th Grade,A,18000.0,18000.0,0.0,0.0,COMPLETED
ADM-2026-08758,Pari Mehta,10th Grade,B,18000.0,5073.82,12926.18,0.0,PENDING_DUE
ADM-2026-08759,Ayaan Joshi,12th Grade,C,12000.0,5683.47,6316.53,0.0,PENDING_DUE
ADM-2026-08760,Aarav Rao,12th Grade,A,18000.0,18000.0,0.0,0.0,COMPLETED
ADM-2026-08761,Pankaj Malhotra,9th Grade,A,22000.0,22000.0,0.0,0.0,COMPLETED
ADM-2026-08762,Aadhya Joshi,11th Grade,A,15000.0,4787.68,10212.32,0.0,PENDING_DUE
ADM-2026-08763,Aditya Deshmukh,10th Grade,D,15000.0,15000.0,0.0,0.0,COMPLETED
ADM-2026-08764,Krishna Iyer,9th Grade,A,12000.0,12000.0,0.0,0.0,COMPLETED
ADM-2026-08765,Sanya Reddy,10th Grade,A,15000.0,15000.0,0.0,0.0,COMPLETED
ADM-2026-08766,Rahul Mehta,9th Grade,A,12000.0,3364.86,8635.14,0.0,PENDING_DUE
ADM-2026-08767,Priya Sen,10th Grade,B,18000.0,1050.93,16949.07,1000.0,DEFAULT_AGED
ADM-2026-08768,Aditya Bose,11th Grade,D,12000.0,2434.23,9565.77,0.0,PENDING_DUE
ADM-2026-08769,Aditya Bose,9th Grade,B,12000.0,12000.0,0.0,0.0,COMPLETED
ADM-2026-08770,Sneha Verma,10th Grade,A,22000.0,22000.0,0.0,0.0,COMPLETED
ADM-2026-08771,Pari Patel,11th Grade,A,22000.0,22000.0,0.0,0.0,COMPLETED
ADM-2026-08772,Priya Das,11th Grade,A,12000.0,12000.0,0.0,0.0,COMPLETED
ADM-2026-08773,Pooja Menon,12th Grade,D,18000.0,135.76,17864.24,250.0,DEFAULT_AGED
ADM-2026-08774,Arjun Nair,10th Grade,C,22000.0,11961.7,10038.3,0.0,PENDING_DUE
ADM-2026-08775,Diya Verma,9th Grade,C,22000.0,11077.0,10923.0,0.0,PENDING_DUE
ADM-2026-08776,Aarav Patel,9th Grade,D,18000.0,4248.94,13751.06,250.0,DEFAULT_AGED
ADM-2026-08777,Anjali Iyer,9th Grade,A,22000.0,22000.0,0.0,0.0,COMPLETED
ADM-2026-08778,Pooja Iyer,11th Grade,A,18000.0,3156.61,14843.39,250.0,DEFAULT_AGED
ADM-2026-08779,Ananya Gupta,11th Grade,D,18000.0,3500.9,14499.1,1000.0,DEFAULT_AGED
ADM-2026-08780,Sneha Choudhury,12th Grade,D,18000.0,4748.61,13251.39,1000.0,DEFAULT_AGED
ADM-2026-08781,Sai Iyer,12th Grade,B,12000.0,5372.96,6627.04,0.0,PENDING_DUE
ADM-2026-08782,Kavita Menon,9th Grade,B,22000.0,2358.52,19641.48,1000.0,DEFAULT_AGED
ADM-2026-08783,Rohan Singh,10th Grade,B,22000.0,22000.0,0.0,0.0,COMPLETED
ADM-2026-08784,Aditya Singh,11th Grade,B,15000.0,15000.0,0.0,0.0,COMPLETED
ADM-2026-08785,Aditya Sen,12th Grade,C,12000.0,12000.0,0.0,0.0,COMPLETED
ADM-2026-08786,Ananya Deshmukh,11th Grade,A,18000.0,5969.94,12030.06,0.0,PENDING_DUE
ADM-2026-08787,Kavita Deshmukh,11th Grade,B,15000.0,15000.0,0.0,0.0,COMPLETED
ADM-2026-08788,Arjun Iyer,11th Grade,D,15000.0,15000.0,0.0,0.0,COMPLETED
ADM-2026-08789,Pooja Sharma,11th Grade,C,18000.0,18000.0,0.0,0.0,COMPLETED
ADM-2026-08790,Sai Patel,12th Grade,A,22000.0,22000.0,0.0,0.0,COMPLETED
ADM-2026-08791,Krishna Bose,9th Grade,A,15000.0,6111.09,8888.91,0.0,PENDING_DUE
ADM-2026-08792,Diya Pillai,11th Grade,D,12000.0,4671.0,7329.0,0.0,PENDING_DUE
ADM-2026-08793,Anjali Joshi,9th Grade,D,18000.0,189.04,17810.96,1000.0,DEFAULT_AGED
ADM-2026-08794,Anjali Reddy,9th Grade,B,18000.0,9158.26,8841.74,0.0,PENDING_DUE
ADM-2026-08795,Sai Pillai,10th Grade,A,12000.0,12000.0,0.0,0.0,COMPLETED
ADM-2026-08796,Pooja Malhotra,11th Grade,D,18000.0,1467.69,16532.31,500.0,DEFAULT_AGED
ADM-2026-08797,Aditya Mehta,11th Grade,A,15000.0,1509.99,13490.01,1000.0,DEFAULT_AGED
ADM-2026-08798,Kavita Verma,10th Grade,A,15000.0,7214.89,7785.11,0.0,PENDING_DUE
ADM-2026-08799,Rahul Iyer,11th Grade,C,18000.0,18000.0,0.0,0.0,COMPLETED
ADM-2026-08800,Vihaan Reddy,9th Grade,D,18000.0,18000.0,0.0,0.0,COMPLETED
ADM-2026-08801,Diya Malhotra,11th Grade,C,12000.0,4103.14,7896.86,0.0,PENDING_DUE
ADM-2026-08802,Sai Menon,11th Grade,B,18000.0,2791.62,15208.38,250.0,DEFAULT_AGED
ADM-2026-08803,Sanya Verma,9th Grade,A,18000.0,11811.76,6188.24,0.0,PENDING_DUE
ADM-2026-08804,Vivaan Sharma,12th Grade,B,12000.0,12000.0,0.0,0.0,COMPLETED
ADM-2026-08805,Neha Verma,10th Grade,D,18000.0,18000.0,0.0,0.0,COMPLETED
ADM-2026-08806,Kavita Nair,11th Grade,C,22000.0,22000.0,0.0,0.0,COMPLETED
ADM-2026-08807,Pari Menon,12th Grade,D,18000.0,18000.0,0.0,0.0,COMPLETED
ADM-2026-08808,Ayaan Choudhury,12th Grade,A,12000.0,8270.23,3729.77,0.0,PENDING_DUE
ADM-2026-08809,Riya Iyer,10th Grade,A,12000.0,12000.0,0.0,0.0,COMPLETED
ADM-2026-08810,Ananya Choudhury,11th Grade,D,12000.0,2654.28,9345.72,1000.0,DEFAULT_AGED
ADM-2026-08811,Anjali Joshi,12th Grade,D,12000.0,4221.44,7778.56,0.0,PENDING_DUE
ADM-2026-08812,Diya Verma,11th Grade,A,22000.0,10034.42,11965.58,0.0,PENDING_DUE
ADM-2026-08813,Aarav Sen,10th Grade,C,15000.0,6864.16,8135.84,0.0,PENDING_DUE
ADM-2026-08814,Pooja Menon,12th Grade,A,12000.0,6262.17,5737.83,0.0,PENDING_DUE
ADM-2026-08815,Rohan Sen,9th Grade,C,22000.0,22000.0,0.0,0.0,COMPLETED
ADM-2026-08816,Meera Iyer,12th Grade,D,15000.0,15000.0,0.0,0.0,COMPLETED
ADM-2026-08817,Aarav Malhotra,10th Grade,D,18000.0,1353.57,16646.43,250.0,DEFAULT_AGED
ADM-2026-08818,Ananya Sharma,10th Grade,B,15000.0,949.55,14050.45,1000.0,DEFAULT_AGED
ADM-2026-08819,Meera Sharma,10th Grade,A,22000.0,22000.0,0.0,0.0,COMPLETED
ADM-2026-08820,Amit Rao,9th Grade,A,18000.0,2684.37,15315.63,500.0,DEFAULT_AGED
ADM-2026-08821,Diya Bose,10th Grade,A,18000.0,4187.25,13812.75,0.0,PENDING_DUE
ADM-2026-08822,Aarav Menon,11th Grade,D,15000.0,15000.0,0.0,0.0,COMPLETED
ADM-2026-08823,Riya Gupta,10th Grade,D,18000.0,4180.26,13819.74,0.0,PENDING_DUE
ADM-2026-08824,Pooja Bose,11th Grade,D,18000.0,18000.0,0.0,0.0,COMPLETED
ADM-2026-08825,Rahul Reddy,12th Grade,C,22000.0,7446.53,14553.47,0.0,PENDING_DUE
ADM-2026-08826,Riya Das,9th Grade,A,15000.0,15000.0,0.0,0.0,COMPLETED
ADM-2026-08827,Meera Iyer,10th Grade,D,22000.0,22000.0,0.0,0.0,COMPLETED
ADM-2026-08828,Rahul Menon,9th Grade,B,18000.0,1903.86,16096.14,1000.0,DEFAULT_AGED
ADM-2026-08829,Aadhya Singh,9th Grade,C,15000.0,8894.59,6105.41,0.0,PENDING_DUE
ADM-2026-08830,Sneha Patel,12th Grade,D,18000.0,18000.0,0.0,0.0,COMPLETED
ADM-2026-08831,Arjun Joshi,9th Grade,D,15000.0,15000.0,0.0,0.0,COMPLETED
ADM-2026-08832,Rahul Reddy,10th Grade,D,18000.0,3680.4,14319.6,250.0,DEFAULT_AGED
ADM-2026-08833,Aadhya Das,11th Grade,D,15000.0,7771.5,7228.5,0.0,PENDING_DUE
ADM-2026-08834,Rahul Gupta,11th Grade,D,22000.0,13723.86,8276.14,0.0,PENDING_DUE
ADM-2026-08835,Krishna Sen,9th Grade,B,18000.0,12318.46,5681.54,0.0,PENDING_DUE
ADM-2026-08836,Amit Patel,10th Grade,A,18000.0,18000.0,0.0,0.0,COMPLETED
ADM-2026-08837,Aadhya Patel,11th Grade,C,18000.0,10659.48,7340.52,0.0,PENDING_DUE
ADM-2026-08838,Sanya Kumar,10th Grade,C,15000.0,15000.0,0.0,0.0,COMPLETED
ADM-2026-08839,Ishaan Deshmukh,10th Grade,C,12000.0,12000.0,0.0,0.0,COMPLETED
ADM-2026-08840,Rohan Gupta,12th Grade,A,18000.0,9271.46,8728.54,0.0,PENDING_DUE
ADM-2026-08841,Krishna Patel,10th Grade,D,22000.0,22000.0,0.0,0.0,COMPLETED
ADM-2026-08842,Anjali Sen,10th Grade,B,18000.0,11307.08,6692.92,0.0,PENDING_DUE
ADM-2026-08843,Rohan Deshmukh,11th Grade,D,12000.0,3227.14,8772.86,0.0,PENDING_DUE
ADM-2026-08844,Priya Reddy,9th Grade,C,12000.0,12000.0,0.0,0.0,COMPLETED
ADM-2026-08845,Reyansh Patel,11th Grade,A,18000.0,18000.0,0.0,0.0,COMPLETED
ADM-2026-08846,Vivaan Kumar,10th Grade,C,15000.0,15000.0,0.0,0.0,COMPLETED
ADM-2026-08847,Anjali Sharma,12th Grade,B,15000.0,4290.09,10709.91,0.0,PENDING_DUE
ADM-2026-08848,Sai Nair,10th Grade,B,22000.0,5671.96,16328.04,250.0,DEFAULT_AGED
ADM-2026-08849,Vihaan Deshmukh,12th Grade,B,22000.0,22000.0,0.0,0.0,COMPLETED
ADM-2026-08850,Aditya Verma,10th Grade,C,15000.0,15000.0,0.0,0.0,COMPLETED
ADM-2026-08851,Reyansh Patel,12th Grade,A,15000.0,15000.0,0.0,0.0,COMPLETED
ADM-2026-08852,Pooja Mehta,12th Grade,A,22000.0,13100.69,8899.31,0.0,PENDING_DUE
ADM-2026-08853,Aadhya Rao,10th Grade,A,18000.0,18000.0,0.0,0.0,COMPLETED
ADM-2026-08854,Ishaan Reddy,12th Grade,C,15000.0,15000.0,0.0,0.0,COMPLETED
ADM-2026-08855,Pooja Bose,10th Grade,B,12000.0,3635.97,8364.03,0.0,PENDING_DUE
ADM-2026-08856,Diya Menon,11th Grade,D,15000.0,15000.0,0.0,0.0,COMPLETED
ADM-2026-08857,Reyansh Sen,11th Grade,D,22000.0,782.11,21217.89,1000.0,DEFAULT_AGED
ADM-2026-08858,Pari Das,12th Grade,D,22000.0,8905.97,13094.03,0.0,PENDING_DUE
ADM-2026-08859,Ananya Rao,9th Grade,C,15000.0,15000.0,0.0,0.0,COMPLETED
ADM-2026-08860,Sneha Malhotra,10th Grade,B,15000.0,5851.03,9148.97,0.0,PENDING_DUE
ADM-2026-08861,Kavita Rao,12th Grade,A,12000.0,12000.0,0.0,0.0,COMPLETED
ADM-2026-08862,Ishaan Reddy,12th Grade,A,15000.0,10335.54,4664.46,0.0,PENDING_DUE
ADM-2026-08863,Diya Malhotra,9th Grade,B,15000.0,990.91,14009.09,500.0,DEFAULT_AGED
ADM-2026-08864,Krishna Sen,12th Grade,C,12000.0,2960.81,9039.19,0.0,PENDING_DUE
ADM-2026-08865,Rahul Sen,10th Grade,B,18000.0,8030.88,9969.12,0.0,PENDING_DUE
ADM-2026-08866,Karan Patel,12th Grade,C,15000.0,7142.53,7857.47,0.0,PENDING_DUE
ADM-2026-08867,Pari Bose,10th Grade,C,18000.0,18000.0,0.0,0.0,COMPLETED
ADM-2026-08868,Diya Das,10th Grade,D,12000.0,12000.0,0.0,0.0,COMPLETED
ADM-2026-08869,Pankaj Pillai,11th Grade,B,15000.0,8860.21,6139.79,0.0,PENDING_DUE
ADM-2026-08870,Rohan Pillai,9th Grade,B,22000.0,10856.49,11143.51,0.0,PENDING_DUE
ADM-2026-08871,Aadhya Malhotra,11th Grade,A,22000.0,13504.24,8495.76,0.0,PENDING_DUE
ADM-2026-08872,Priya Pillai,12th Grade,C,12000.0,5404.04,6595.96,0.0,PENDING_DUE
ADM-2026-08873,Anjali Malhotra,10th Grade,B,18000.0,18000.0,0.0,0.0,COMPLETED
ADM-2026-08874,Meera Verma,12th Grade,D,22000.0,22000.0,0.0,0.0,COMPLETED
ADM-2026-08875,Ananya Verma,11th Grade,B,12000.0,12000.0,0.0,0.0,COMPLETED
ADM-2026-08876,Reyansh Pillai,10th Grade,D,12000.0,12000.0,0.0,0.0,COMPLETED
ADM-2026-08877,Sai Kumar,9th Grade,D,15000.0,3393.15,11606.85,0.0,PENDING_DUE
ADM-2026-08878,Rohan Deshmukh,9th Grade,A,18000.0,18000.0,0.0,0.0,COMPLETED
ADM-2026-08879,Sai Sharma,11th Grade,D,18000.0,18000.0,0.0,0.0,COMPLETED
ADM-2026-08880,Arjun Malhotra,10th Grade,C,18000.0,18000.0,0.0,0.0,COMPLETED
ADM-2026-08881,Aditya Choudhury,9th Grade,B,18000.0,1012.14,16987.86,250.0,DEFAULT_AGED
ADM-2026-08882,Arjun Iyer,10th Grade,D,18000.0,5001.37,12998.63,0.0,PENDING_DUE
ADM-2026-08883,Rohan Gupta,12th Grade,C,12000.0,12000.0,0.0,0.0,COMPLETED
ADM-2026-08884,Sneha Bose,9th Grade,D,12000.0,2399.34,9600.66,500.0,DEFAULT_AGED
ADM-2026-08885,Neha Sharma,9th Grade,B,15000.0,15000.0,0.0,0.0,COMPLETED
ADM-2026-08886,Diya Patel,9th Grade,B,15000.0,15000.0,0.0,0.0,COMPLETED
ADM-2026-08887,Pooja Verma,12th Grade,A,18000.0,18000.0,0.0,0.0,COMPLETED
ADM-2026-08888,Arjun Singh,11th Grade,A,12000.0,3278.0,8722.0,250.0,DEFAULT_AGED
ADM-2026-08889,Krishna Verma,11th Grade,D,12000.0,12000.0,0.0,0.0,COMPLETED
ADM-2026-08890,Aadhya Sen,11th Grade,C,22000.0,6815.29,15184.71,0.0,PENDING_DUE
ADM-2026-08891,Ishaan Sharma,9th Grade,B,12000.0,12000.0,0.0,0.0,COMPLETED
ADM-2026-08892,Vihaan Pillai,11th Grade,C,22000.0,4611.23,17388.77,0.0,PENDING_DUE
ADM-2026-08893,Ananya Kumar,10th Grade,B,12000.0,12000.0,0.0,0.0,COMPLETED
ADM-2026-08894,Rohan Malhotra,10th Grade,C,15000.0,15000.0,0.0,0.0,COMPLETED
ADM-2026-08895,Anjali Bose,10th Grade,D,18000.0,18000.0,0.0,0.0,COMPLETED
ADM-2026-08896,Rahul Malhotra,12th Grade,D,22000.0,7853.56,14146.44,0.0,PENDING_DUE
ADM-2026-08897,Diya Choudhury,12th Grade,C,18000.0,12120.8,5879.2,0.0,PENDING_DUE
ADM-2026-08898,Diya Singh,10th Grade,C,15000.0,1425.65,13574.35,1000.0,DEFAULT_AGED
ADM-2026-08899,Pankaj Kumar,12th Grade,B,12000.0,561.89,11438.11,500.0,DEFAULT_AGED
ADM-2026-08900,Rahul Patel,9th Grade,D,12000.0,4129.84,7870.16,0.0,PENDING_DUE
ADM-2026-08901,Karan Bose,12th Grade,A,22000.0,12387.88,9612.12,0.0,PENDING_DUE
ADM-2026-08902,Arjun Nair,9th Grade,B,12000.0,1429.62,10570.38,500.0,DEFAULT_AGED
ADM-2026-08903,Ishaan Singh,9th Grade,C,22000.0,22000.0,0.0,0.0,COMPLETED
ADM-2026-08904,Ananya Nair,9th Grade,B,18000.0,6222.6,11777.4,0.0,PENDING_DUE
ADM-2026-08905,Rahul Mehta,9th Grade,D,15000.0,3630.09,11369.91,250.0,DEFAULT_AGED
ADM-2026-08906,Ishaan Menon,12th Grade,C,12000.0,7435.73,4564.27,0.0,PENDING_DUE
ADM-2026-08907,Rohan Malhotra,12th Grade,D,22000.0,22000.0,0.0,0.0,COMPLETED
ADM-2026-08908,Diya Pillai,10th Grade,D,12000.0,153.4,11846.6,1000.0,DEFAULT_AGED
ADM-2026-08909,Aadhya Malhotra,11th Grade,C,15000.0,4759.65,10240.35,0.0,PENDING_DUE
ADM-2026-08910,Pari Patel,9th Grade,C,18000.0,18000.0,0.0,0.0,COMPLETED
ADM-2026-08911,Ananya Nair,10th Grade,A,12000.0,12000.0,0.0,0.0,COMPLETED
ADM-2026-08912,Diya Gupta,9th Grade,B,12000.0,6047.17,5952.83,0.0,PENDING_DUE
ADM-2026-08913,Neha Das,12th Grade,A,15000.0,15000.0,0.0,0.0,COMPLETED
ADM-2026-08914,Amit Menon,12th Grade,C,12000.0,12000.0,0.0,0.0,COMPLETED
ADM-2026-08915,Ananya Reddy,12th Grade,B,15000.0,3244.7,11755.3,500.0,DEFAULT_AGED
ADM-2026-08916,Karan Reddy,10th Grade,A,12000.0,2387.05,9612.95,1000.0,DEFAULT_AGED
ADM-2026-08917,Arjun Deshmukh,12th Grade,D,18000.0,2302.19,15697.81,1000.0,DEFAULT_AGED
ADM-2026-08918,Neha Singh,9th Grade,C,22000.0,22000.0,0.0,0.0,COMPLETED
ADM-2026-08919,Anjali Deshmukh,10th Grade,C,22000.0,344.65,21655.35,500.0,DEFAULT_AGED
ADM-2026-08920,Arjun Sen,9th Grade,C,18000.0,18000.0,0.0,0.0,COMPLETED
ADM-2026-08921,Reyansh Malhotra,10th Grade,C,12000.0,12000.0,0.0,0.0,COMPLETED
ADM-2026-08922,Rohan Joshi,9th Grade,B,22000.0,22000.0,0.0,0.0,COMPLETED
ADM-2026-08923,Rahul Malhotra,11th Grade,D,22000.0,22000.0,0.0,0.0,COMPLETED
ADM-2026-08924,Vivaan Sen,9th Grade,A,18000.0,6900.1,11099.9,0.0,PENDING_DUE
ADM-2026-08925,Reyansh Bose,10th Grade,B,18000.0,18000.0,0.0,0.0,COMPLETED
ADM-2026-08926,Aadhya Gupta,12th Grade,C,18000.0,12290.8,5709.2,0.0,PENDING_DUE
ADM-2026-08927,Aditya Rao,10th Grade,B,18000.0,18000.0,0.0,0.0,COMPLETED
ADM-2026-08928,Anjali Nair,12th Grade,D,15000.0,15000.0,0.0,0.0,COMPLETED
ADM-2026-08929,Karan Choudhury,12th Grade,C,22000.0,22000.0,0.0,0.0,COMPLETED
ADM-2026-08930,Krishna Bose,9th Grade,C,15000.0,9070.29,5929.71,0.0,PENDING_DUE
ADM-2026-08931,Ananya Mehta,10th Grade,B,12000.0,12000.0,0.0,0.0,COMPLETED
ADM-2026-08932,Meera Menon,10th Grade,B,22000.0,22000.0,0.0,0.0,COMPLETED
ADM-2026-08933,Kavita Mehta,12th Grade,A,18000.0,3912.44,14087.56,0.0,PENDING_DUE
ADM-2026-08934,Neha Kumar,11th Grade,A,22000.0,13540.15,8459.85,0.0,PENDING_DUE
ADM-2026-08935,Aarav Sharma,10th Grade,B,22000.0,10264.2,11735.8,0.0,PENDING_DUE
ADM-2026-08936,Neha Bose,10th Grade,D,15000.0,15000.0,0.0,0.0,COMPLETED
ADM-2026-08937,Pari Iyer,11th Grade,D,22000.0,8276.47,13723.53,0.0,PENDING_DUE
ADM-2026-08938,Ananya Verma,10th Grade,C,22000.0,5865.33,16134.67,0.0,PENDING_DUE
ADM-2026-08939,Pooja Mehta,12th Grade,D,15000.0,3148.82,11851.18,0.0,PENDING_DUE
ADM-2026-08940,Vihaan Iyer,11th Grade,D,22000.0,4845.47,17154.53,0.0,PENDING_DUE
ADM-2026-08941,Pooja Sharma,10th Grade,C,15000.0,15000.0,0.0,0.0,COMPLETED
ADM-2026-08942,Ishaan Nair,12th Grade,D,15000.0,8453.14,6546.86,0.0,PENDING_DUE
ADM-2026-08943,Rohan Deshmukh,10th Grade,D,22000.0,8887.76,13112.24,0.0,PENDING_DUE
ADM-2026-08944,Vihaan Patel,12th Grade,C,15000.0,15000.0,0.0,0.0,COMPLETED
ADM-2026-08945,Vikas Malhotra,12th Grade,C,22000.0,10315.72,11684.28,0.0,PENDING_DUE
ADM-2026-08946,Diya Singh,12th Grade,B,15000.0,15000.0,0.0,0.0,COMPLETED
ADM-2026-08947,Anjali Joshi,10th Grade,D,22000.0,22000.0,0.0,0.0,COMPLETED
ADM-2026-08948,Vikas Sen,10th Grade,B,22000.0,22000.0,0.0,0.0,COMPLETED
ADM-2026-08949,Ishaan Bose,12th Grade,C,18000.0,18000.0,0.0,0.0,COMPLETED
ADM-2026-08950,Pooja Sen,10th Grade,C,18000.0,18000.0,0.0,0.0,COMPLETED
ADM-2026-08951,Pooja Sen,11th Grade,A,18000.0,18000.0,0.0,0.0,COMPLETED
ADM-2026-08952,Pooja Mehta,9th Grade,C,12000.0,7088.46,4911.54,0.0,PENDING_DUE
ADM-2026-08953,Meera Pillai,10th Grade,A,22000.0,7697.8,14302.2,0.0,PENDING_DUE
ADM-2026-08954,Ananya Choudhury,11th Grade,C,15000.0,15000.0,0.0,0.0,COMPLETED
ADM-2026-08955,Sai Sharma,9th Grade,B,18000.0,18000.0,0.0,0.0,COMPLETED
ADM-2026-08956,Rahul Gupta,12th Grade,D,18000.0,18000.0,0.0,0.0,COMPLETED
ADM-2026-08957,Aditya Verma,11th Grade,D,18000.0,18000.0,0.0,0.0,COMPLETED
ADM-2026-08958,Anjali Patel,11th Grade,A,18000.0,10486.9,7513.1,0.0,PENDING_DUE
ADM-2026-08959,Aditya Reddy,12th Grade,D,22000.0,22000.0,0.0,0.0,COMPLETED
ADM-2026-08960,Aadhya Patel,11th Grade,C,18000.0,3150.89,14849.11,250.0,DEFAULT_AGED
ADM-2026-08961,Amit Choudhury,12th Grade,A,18000.0,18000.0,0.0,0.0,COMPLETED
ADM-2026-08962,Neha Sen,11th Grade,B,18000.0,18000.0,0.0,0.0,COMPLETED
ADM-2026-08963,Diya Bose,12th Grade,B,22000.0,5827.29,16172.71,500.0,DEFAULT_AGED
ADM-2026-08964,Priya Das,9th Grade,B,12000.0,2854.65,9145.35,0.0,PENDING_DUE
ADM-2026-08965,Rahul Singh,12th Grade,B,15000.0,15000.0,0.0,0.0,COMPLETED
ADM-2026-08966,Amit Rao,10th Grade,D,18000.0,6816.51,11183.49,0.0,PENDING_DUE
ADM-2026-08967,Vihaan Mehta,12th Grade,A,15000.0,15000.0,0.0,0.0,COMPLETED
ADM-2026-08968,Priya Nair,9th Grade,C,12000.0,12000.0,0.0,0.0,COMPLETED
ADM-2026-08969,Amit Patel,11th Grade,D,22000.0,22000.0,0.0,0.0,COMPLETED
ADM-2026-08970,Aarav Iyer,10th Grade,C,15000.0,5383.06,9616.94,0.0,PENDING_DUE
ADM-2026-08971,Reyansh Singh,9th Grade,A,22000.0,22000.0,0.0,0.0,COMPLETED
ADM-2026-08972,Sneha Bose,12th Grade,B,22000.0,11857.53,10142.47,0.0,PENDING_DUE
ADM-2026-08973,Pankaj Mehta,10th Grade,C,15000.0,4409.14,10590.86,1000.0,DEFAULT_AGED
ADM-2026-08974,Arjun Choudhury,11th Grade,B,15000.0,15000.0,0.0,0.0,COMPLETED
ADM-2026-08975,Reyansh Menon,12th Grade,D,18000.0,3805.83,14194.17,500.0,DEFAULT_AGED
ADM-2026-08976,Ananya Kumar,11th Grade,D,18000.0,18000.0,0.0,0.0,COMPLETED
ADM-2026-08977,Arjun Gupta,9th Grade,A,18000.0,1785.12,16214.88,500.0,DEFAULT_AGED
ADM-2026-08978,Sai Reddy,9th Grade,A,15000.0,15000.0,0.0,0.0,COMPLETED
ADM-2026-08979,Rahul Deshmukh,11th Grade,D,22000.0,5103.38,16896.62,0.0,PENDING_DUE
ADM-2026-08980,Kavita Sen,11th Grade,A,15000.0,15000.0,0.0,0.0,COMPLETED
ADM-2026-08981,Anjali Kumar,12th Grade,B,22000.0,22000.0,0.0,0.0,COMPLETED
ADM-2026-08982,Vihaan Nair,11th Grade,D,22000.0,22000.0,0.0,0.0,COMPLETED
ADM-2026-08983,Anjali Singh,11th Grade,C,22000.0,6343.74,15656.26,0.0,PENDING_DUE
ADM-2026-08984,Diya Bose,11th Grade,B,18000.0,4608.84,13391.16,0.0,PENDING_DUE
ADM-2026-08985,Krishna Nair,9th Grade,D,18000.0,4316.42,13683.58,250.0,DEFAULT_AGED
ADM-2026-08986,Ayaan Choudhury,12th Grade,B,22000.0,22000.0,0.0,0.0,COMPLETED
ADM-2026-08987,Ayaan Bose,10th Grade,A,22000.0,22000.0,0.0,0.0,COMPLETED
ADM-2026-08988,Riya Das,11th Grade,B,22000.0,11043.62,10956.38,0.0,PENDING_DUE
ADM-2026-08989,Ananya Sen,9th Grade,A,22000.0,22000.0,0.0,0.0,COMPLETED
ADM-2026-08990,Aarav Gupta,11th Grade,D,22000.0,22000.0,0.0,0.0,COMPLETED
ADM-2026-08991,Amit Singh,9th Grade,A,22000.0,14947.45,7052.55,0.0,PENDING_DUE
ADM-2026-08992,Neha Menon,9th Grade,D,12000.0,2917.99,9082.01,0.0,PENDING_DUE
ADM-2026-08993,Vihaan Singh,11th Grade,D,18000.0,1248.27,16751.73,250.0,DEFAULT_AGED
ADM-2026-08994,Anjali Nair,10th Grade,B,18000.0,9470.89,8529.11,0.0,PENDING_DUE
ADM-2026-08995,Kavita Mehta,9th Grade,B,18000.0,18000.0,0.0,0.0,COMPLETED
ADM-2026-08996,Sai Nair,9th Grade,A,22000.0,22000.0,0.0,0.0,COMPLETED
ADM-2026-08997,Vivaan Gupta,11th Grade,B,18000.0,18000.0,0.0,0.0,COMPLETED
ADM-2026-08998,Karan Verma,11th Grade,C,15000.0,15000.0,0.0,0.0,COMPLETED
ADM-2026-08999,Rahul Nair,12th Grade,B,12000.0,12000.0,0.0,0.0,COMPLETED
ADM-2026-09000,Meera Pillai,11th Grade,A,22000.0,22000.0,0.0,0.0,COMPLETED
ADM-2026-09001,Vihaan Rao,11th Grade,D,18000.0,18000.0,0.0,0.0,COMPLETED
ADM-2026-09002,Rahul Mehta,10th Grade,C,18000.0,10332.77,7667.23,0.0,PENDING_DUE
ADM-2026-09003,Karan Das,12th Grade,B,22000.0,6147.32,15852.68,1000.0,DEFAULT_AGED
ADM-2026-09004,Anjali Bose,10th Grade,B,15000.0,15000.0,0.0,0.0,COMPLETED
ADM-2026-09005,Vivaan Singh,12th Grade,B,15000.0,3293.54,11706.46,250.0,DEFAULT_AGED
ADM-2026-09006,Riya Bose,12th Grade,A,15000.0,15000.0,0.0,0.0,COMPLETED
ADM-2026-09007,Aarav Rao,12th Grade,D,22000.0,22000.0,0.0,0.0,COMPLETED
ADM-2026-09008,Diya Pillai,9th Grade,B,22000.0,22000.0,0.0,0.0,COMPLETED
ADM-2026-09009,Amit Mehta,10th Grade,C,22000.0,15136.01,6863.99,0.0,PENDING_DUE
ADM-2026-09010,Diya Menon,9th Grade,C,18000.0,18000.0,0.0,0.0,COMPLETED
ADM-2026-09011,Kavita Nair,12th Grade,D,12000.0,12000.0,0.0,0.0,COMPLETED
ADM-2026-09012,Arjun Mehta,10th Grade,D,12000.0,12000.0,0.0,0.0,COMPLETED
ADM-2026-09013,Pankaj Joshi,12th Grade,A,22000.0,1489.5,20510.5,500.0,DEFAULT_AGED
ADM-2026-09014,Vivaan Malhotra,10th Grade,A,15000.0,15000.0,0.0,0.0,COMPLETED
ADM-2026-09015,Sanya Gupta,11th Grade,D,18000.0,18000.0,0.0,0.0,COMPLETED
ADM-2026-09016,Pankaj Menon,11th Grade,C,22000.0,12740.7,9259.3,0.0,PENDING_DUE
ADM-2026-09017,Pari Singh,10th Grade,D,12000.0,12000.0,0.0,0.0,COMPLETED
ADM-2026-09018,Vihaan Kumar,11th Grade,D,22000.0,3729.97,18270.03,250.0,DEFAULT_AGED
ADM-2026-09019,Vihaan Gupta,10th Grade,B,18000.0,18000.0,0.0,0.0,COMPLETED
ADM-2026-09020,Meera Singh,12th Grade,B,15000.0,15000.0,0.0,0.0,COMPLETED
ADM-2026-09021,Ishaan Bose,11th Grade,A,12000.0,12000.0,0.0,0.0,COMPLETED
ADM-2026-09022,Pari Joshi,11th Grade,A,18000.0,9696.42,8303.58,0.0,PENDING_DUE
ADM-2026-09023,Arjun Verma,11th Grade,A,22000.0,22000.0,0.0,0.0,COMPLETED
ADM-2026-09024,Vivaan Gupta,9th Grade,C,12000.0,12000.0,0.0,0.0,COMPLETED
ADM-2026-09025,Ayaan Choudhury,10th Grade,D,18000.0,12041.37,5958.63,0.0,PENDING_DUE
ADM-2026-09026,Karan Verma,12th Grade,D,18000.0,693.34,17306.66,250.0,DEFAULT_AGED
ADM-2026-09027,Amit Deshmukh,10th Grade,B,12000.0,3945.85,8054.15,0.0,PENDING_DUE
ADM-2026-09028,Rohan Malhotra,10th Grade,D,22000.0,5879.38,16120.62,0.0,PENDING_DUE
ADM-2026-09029,Arjun Nair,10th Grade,A,15000.0,4740.21,10259.79,0.0,PENDING_DUE
ADM-2026-09030,Rohan Sharma,11th Grade,D,18000.0,18000.0,0.0,0.0,COMPLETED
ADM-2026-09031,Sanya Reddy,12th Grade,A,22000.0,22000.0,0.0,0.0,COMPLETED
ADM-2026-09032,Kavita Rao,9th Grade,A,12000.0,149.66,11850.34,500.0,DEFAULT_AGED
ADM-2026-09033,Aarav Iyer,12th Grade,A,15000.0,15000.0,0.0,0.0,COMPLETED
ADM-2026-09034,Ayaan Sharma,9th Grade,D,18000.0,12346.17,5653.83,0.0,PENDING_DUE
ADM-2026-09035,Ayaan Nair,12th Grade,D,22000.0,8231.94,13768.06,0.0,PENDING_DUE
ADM-2026-09036,Pari Bose,9th Grade,B,15000.0,15000.0,0.0,0.0,COMPLETED
ADM-2026-09037,Ayaan Gupta,9th Grade,C,12000.0,628.36,11371.64,500.0,DEFAULT_AGED
ADM-2026-09038,Amit Sharma,10th Grade,C,22000.0,5367.06,16632.94,0.0,PENDING_DUE
ADM-2026-09039,Pankaj Gupta,9th Grade,B,18000.0,4588.37,13411.63,1000.0,DEFAULT_AGED
ADM-2026-09040,Neha Mehta,10th Grade,D,22000.0,8681.78,13318.22,0.0,PENDING_DUE
ADM-2026-09041,Diya Pillai,10th Grade,C,18000.0,18000.0,0.0,0.0,COMPLETED
ADM-2026-09042,Pankaj Joshi,11th Grade,A,22000.0,22000.0,0.0,0.0,COMPLETED
ADM-2026-09043,Vihaan Nair,10th Grade,C,12000.0,5731.73,6268.27,0.0,PENDING_DUE
ADM-2026-09044,Ananya Deshmukh,12th Grade,D,15000.0,15000.0,0.0,0.0,COMPLETED
ADM-2026-09045,Pooja Sen,9th Grade,A,22000.0,22000.0,0.0,0.0,COMPLETED
ADM-2026-09046,Neha Patel,9th Grade,B,12000.0,7227.23,4772.77,0.0,PENDING_DUE
ADM-2026-09047,Pooja Bose,9th Grade,A,18000.0,18000.0,0.0,0.0,COMPLETED
ADM-2026-09048,Ayaan Menon,12th Grade,A,18000.0,6464.4,11535.6,0.0,PENDING_DUE
ADM-2026-09049,Aditya Gupta,10th Grade,B,12000.0,3181.09,8818.91,250.0,DEFAULT_AGED
ADM-2026-09050,Neha Das,9th Grade,D,18000.0,7589.71,10410.29,0.0,PENDING_DUE
ADM-2026-09051,Ayaan Patel,12th Grade,C,22000.0,5329.58,16670.42,250.0,DEFAULT_AGED
ADM-2026-09052,Vikas Menon,12th Grade,A,22000.0,22000.0,0.0,0.0,COMPLETED
ADM-2026-09053,Diya Nair,10th Grade,D,15000.0,10369.02,4630.98,0.0,PENDING_DUE
ADM-2026-09054,Aditya Verma,11th Grade,B,12000.0,3048.86,8951.14,1000.0,DEFAULT_AGED
ADM-2026-09055,Diya Sharma,9th Grade,A,18000.0,12129.95,5870.05,0.0,PENDING_DUE
ADM-2026-09056,Vikas Nair,9th Grade,B,18000.0,556.21,17443.79,1000.0,DEFAULT_AGED
ADM-2026-09057,Karan Nair,11th Grade,C,12000.0,12000.0,0.0,0.0,COMPLETED
ADM-2026-09058,Kavita Das,12th Grade,C,18000.0,8133.39,9866.61,0.0,PENDING_DUE
ADM-2026-09059,Vikas Deshmukh,11th Grade,B,12000.0,4593.87,7406.13,0.0,PENDING_DUE
ADM-2026-09060,Diya Joshi,12th Grade,D,15000.0,9839.54,5160.46,0.0,PENDING_DUE
ADM-2026-09061,Ayaan Patel,11th Grade,A,12000.0,12000.0,0.0,0.0,COMPLETED
ADM-2026-09062,Reyansh Verma,12th Grade,A,18000.0,9292.69,8707.31,0.0,PENDING_DUE
ADM-2026-09063,Amit Sharma,10th Grade,A,22000.0,22000.0,0.0,0.0,COMPLETED
ADM-2026-09064,Kavita Malhotra,10th Grade,D,22000.0,22000.0,0.0,0.0,COMPLETED
ADM-2026-09065,Karan Verma,11th Grade,A,22000.0,6006.33,15993.67,0.0,PENDING_DUE
ADM-2026-09066,Aarav Sharma,11th Grade,C,15000.0,4894.21,10105.79,0.0,PENDING_DUE
ADM-2026-09067,Karan Patel,9th Grade,C,12000.0,12000.0,0.0,0.0,COMPLETED
ADM-2026-09068,Anjali Reddy,11th Grade,C,15000.0,1095.31,13904.69,250.0,DEFAULT_AGED
ADM-2026-09069,Ananya Menon,11th Grade,C,12000.0,12000.0,0.0,0.0,COMPLETED
ADM-2026-09070,Pari Reddy,11th Grade,A,18000.0,18000.0,0.0,0.0,COMPLETED
ADM-2026-09071,Sneha Nair,10th Grade,D,22000.0,10997.75,11002.25,0.0,PENDING_DUE
ADM-2026-09072,Meera Gupta,12th Grade,A,22000.0,3672.24,18327.76,250.0,DEFAULT_AGED
ADM-2026-09073,Karan Sharma,10th Grade,A,12000.0,12000.0,0.0,0.0,COMPLETED
ADM-2026-09074,Vivaan Kumar,11th Grade,C,15000.0,10170.26,4829.74,0.0,PENDING_DUE
ADM-2026-09075,Sai Joshi,10th Grade,A,15000.0,15000.0,0.0,0.0,COMPLETED
ADM-2026-09076,Vihaan Singh,10th Grade,B,15000.0,6931.44,8068.56,0.0,PENDING_DUE
ADM-2026-09077,Aditya Mehta,12th Grade,C,12000.0,7618.55,4381.45,0.0,PENDING_DUE
ADM-2026-09078,Aadhya Nair,12th Grade,A,15000.0,15000.0,0.0,0.0,COMPLETED
ADM-2026-09079,Pooja Das,12th Grade,D,22000.0,22000.0,0.0,0.0,COMPLETED
ADM-2026-09080,Vihaan Deshmukh,12th Grade,D,12000.0,6496.8,5503.2,0.0,PENDING_DUE
ADM-2026-09081,Kavita Menon,11th Grade,D,15000.0,15000.0,0.0,0.0,COMPLETED
ADM-2026-09082,Rahul Gupta,11th Grade,D,22000.0,12054.24,9945.76,0.0,PENDING_DUE
ADM-2026-09083,Ananya Sen,9th Grade,D,12000.0,12000.0,0.0,0.0,COMPLETED
ADM-2026-09084,Rohan Das,10th Grade,D,22000.0,22000.0,0.0,0.0,COMPLETED
ADM-2026-09085,Priya Choudhury,11th Grade,C,12000.0,3056.06,8943.94,0.0,PENDING_DUE
ADM-2026-09086,Ayaan Rao,9th Grade,C,15000.0,15000.0,0.0,0.0,COMPLETED
ADM-2026-09087,Ananya Reddy,9th Grade,B,15000.0,1445.22,13554.78,500.0,DEFAULT_AGED
ADM-2026-09088,Vihaan Patel,9th Grade,C,15000.0,4204.6,10795.4,0.0,PENDING_DUE
ADM-2026-09089,Priya Verma,10th Grade,D,18000.0,18000.0,0.0,0.0,COMPLETED
ADM-2026-09090,Pari Pillai,12th Grade,B,12000.0,12000.0,0.0,0.0,COMPLETED
ADM-2026-09091,Vikas Reddy,10th Grade,B,18000.0,5614.07,12385.93,0.0,PENDING_DUE
ADM-2026-09092,Vikas Bose,11th Grade,D,15000.0,1760.91,13239.09,500.0,DEFAULT_AGED
ADM-2026-09093,Kavita Gupta,10th Grade,A,15000.0,15000.0,0.0,0.0,COMPLETED
ADM-2026-09094,Ananya Sharma,10th Grade,A,18000.0,8481.81,9518.19,0.0,PENDING_DUE
ADM-2026-09095,Ayaan Verma,11th Grade,B,15000.0,15000.0,0.0,0.0,COMPLETED
ADM-2026-09096,Anjali Nair,10th Grade,A,15000.0,15000.0,0.0,0.0,COMPLETED
ADM-2026-09097,Anjali Patel,12th Grade,B,22000.0,22000.0,0.0,0.0,COMPLETED
ADM-2026-09098,Diya Das,9th Grade,C,12000.0,6854.7,5145.3,0.0,PENDING_DUE
ADM-2026-09099,Pankaj Patel,12th Grade,C,22000.0,22000.0,0.0,0.0,COMPLETED
ADM-2026-09100,Sneha Joshi,10th Grade,A,12000.0,12000.0,0.0,0.0,COMPLETED
ADM-2026-09101,Pankaj Bose,9th Grade,B,18000.0,11529.29,6470.71,0.0,PENDING_DUE
ADM-2026-09102,Pooja Verma,11th Grade,A,12000.0,3547.92,8452.08,0.0,PENDING_DUE
ADM-2026-09103,Riya Joshi,11th Grade,D,15000.0,9785.88,5214.12,0.0,PENDING_DUE
ADM-2026-09104,Neha Choudhury,12th Grade,D,12000.0,6850.47,5149.53,0.0,PENDING_DUE
ADM-2026-09105,Sai Verma,10th Grade,D,22000.0,22000.0,0.0,0.0,COMPLETED
ADM-2026-09106,Neha Nair,9th Grade,C,15000.0,1998.07,13001.93,500.0,DEFAULT_AGED
ADM-2026-09107,Vihaan Singh,11th Grade,A,18000.0,18000.0,0.0,0.0,COMPLETED
ADM-2026-09108,Neha Singh,10th Grade,D,12000.0,7362.43,4637.57,0.0,PENDING_DUE
ADM-2026-09109,Pooja Sen,10th Grade,A,15000.0,3646.99,11353.01,0.0,PENDING_DUE
ADM-2026-09110,Ayaan Sen,12th Grade,A,22000.0,6021.12,15978.88,250.0,DEFAULT_AGED
ADM-2026-09111,Rahul Bose,12th Grade,A,18000.0,2361.86,15638.14,250.0,DEFAULT_AGED
ADM-2026-09112,Reyansh Choudhury,11th Grade,C,18000.0,9363.96,8636.04,0.0,PENDING_DUE
ADM-2026-09113,Krishna Rao,10th Grade,D,18000.0,10345.46,7654.54,0.0,PENDING_DUE
ADM-2026-09114,Sai Sharma,12th Grade,D,15000.0,15000.0,0.0,0.0,COMPLETED
ADM-2026-09115,Aditya Kumar,11th Grade,A,18000.0,10487.56,7512.44,0.0,PENDING_DUE
ADM-2026-09116,Sai Mehta,10th Grade,A,18000.0,18000.0,0.0,0.0,COMPLETED
ADM-2026-09117,Krishna Sharma,11th Grade,B,22000.0,426.06,21573.94,250.0,DEFAULT_AGED
ADM-2026-09118,Priya Choudhury,11th Grade,C,12000.0,12000.0,0.0,0.0,COMPLETED
ADM-2026-09119,Sneha Mehta,10th Grade,A,15000.0,15000.0,0.0,0.0,COMPLETED
ADM-2026-09120,Diya Choudhury,9th Grade,B,12000.0,12000.0,0.0,0.0,COMPLETED
ADM-2026-09121,Anjali Menon,11th Grade,C,22000.0,10126.15,11873.85,0.0,PENDING_DUE
ADM-2026-09122,Arjun Iyer,12th Grade,B,22000.0,1047.53,20952.47,250.0,DEFAULT_AGED
ADM-2026-09123,Riya Pillai,11th Grade,A,22000.0,22000.0,0.0,0.0,COMPLETED
ADM-2026-09124,Aditya Reddy,12th Grade,D,12000.0,3380.13,8619.87,1000.0,DEFAULT_AGED
ADM-2026-09125,Reyansh Singh,9th Grade,A,12000.0,2348.86,9651.14,250.0,DEFAULT_AGED
ADM-2026-09126,Diya Joshi,10th Grade,A,18000.0,18000.0,0.0,0.0,COMPLETED
ADM-2026-09127,Rohan Nair,12th Grade,B,12000.0,2411.22,9588.78,1000.0,DEFAULT_AGED
ADM-2026-09128,Neha Gupta,10th Grade,C,12000.0,3814.98,8185.02,0.0,PENDING_DUE
ADM-2026-09129,Rahul Patel,10th Grade,B,22000.0,12360.56,9639.44,0.0,PENDING_DUE
ADM-2026-09130,Anjali Sen,10th Grade,B,15000.0,4007.53,10992.47,0.0,PENDING_DUE
ADM-2026-09131,Neha Choudhury,9th Grade,B,15000.0,5531.62,9468.38,0.0,PENDING_DUE
ADM-2026-09132,Anjali Pillai,9th Grade,A,15000.0,8982.99,6017.01,0.0,PENDING_DUE
ADM-2026-09133,Meera Nair,9th Grade,A,18000.0,18000.0,0.0,0.0,COMPLETED
ADM-2026-09134,Pooja Deshmukh,9th Grade,C,18000.0,18000.0,0.0,0.0,COMPLETED
ADM-2026-09135,Vivaan Rao,12th Grade,D,18000.0,1085.65,16914.35,250.0,DEFAULT_AGED
ADM-2026-09136,Neha Malhotra,12th Grade,D,18000.0,7261.55,10738.45,0.0,PENDING_DUE
ADM-2026-09137,Sanya Iyer,12th Grade,B,18000.0,18000.0,0.0,0.0,COMPLETED
ADM-2026-09138,Ananya Deshmukh,12th Grade,C,18000.0,18000.0,0.0,0.0,COMPLETED
ADM-2026-09139,Riya Patel,11th Grade,B,12000.0,8188.7,3811.3,0.0,PENDING_DUE
ADM-2026-09140,Aadhya Menon,11th Grade,D,15000.0,4356.0,10644.0,0.0,PENDING_DUE
ADM-2026-09141,Vihaan Das,12th Grade,C,12000.0,7718.28,4281.72,0.0,PENDING_DUE
ADM-2026-09142,Ayaan Sharma,10th Grade,C,18000.0,18000.0,0.0,0.0,COMPLETED
ADM-2026-09143,Pari Kumar,9th Grade,B,22000.0,5930.58,16069.42,0.0,PENDING_DUE
ADM-2026-09144,Vihaan Sharma,11th Grade,D,15000.0,15000.0,0.0,0.0,COMPLETED
ADM-2026-09145,Anjali Choudhury,12th Grade,C,12000.0,12000.0,0.0,0.0,COMPLETED
ADM-2026-09146,Rohan Verma,9th Grade,C,12000.0,12000.0,0.0,0.0,COMPLETED
ADM-2026-09147,Diya Iyer,10th Grade,A,22000.0,13526.05,8473.95,0.0,PENDING_DUE
ADM-2026-09148,Kavita Bose,11th Grade,B,15000.0,3011.43,11988.57,0.0,PENDING_DUE
ADM-2026-09149,Sanya Rao,9th Grade,C,22000.0,22000.0,0.0,0.0,COMPLETED
ADM-2026-09150,Rohan Deshmukh,11th Grade,A,12000.0,6496.22,5503.78,0.0,PENDING_DUE
ADM-2026-09151,Amit Rao,11th Grade,D,18000.0,6362.82,11637.18,0.0,PENDING_DUE
ADM-2026-09152,Anjali Malhotra,11th Grade,B,12000.0,5754.97,6245.03,0.0,PENDING_DUE
ADM-2026-09153,Amit Nair,10th Grade,A,18000.0,12363.48,5636.52,0.0,PENDING_DUE
ADM-2026-09154,Reyansh Sharma,10th Grade,B,22000.0,22000.0,0.0,0.0,COMPLETED
ADM-2026-09155,Meera Choudhury,11th Grade,D,18000.0,18000.0,0.0,0.0,COMPLETED
ADM-2026-09156,Pankaj Pillai,9th Grade,C,15000.0,15000.0,0.0,0.0,COMPLETED
ADM-2026-09157,Diya Verma,9th Grade,C,18000.0,5141.42,12858.58,0.0,PENDING_DUE
ADM-2026-09158,Vivaan Reddy,9th Grade,A,15000.0,804.24,14195.76,1000.0,DEFAULT_AGED
ADM-2026-09159,Aadhya Choudhury,11th Grade,C,18000.0,18000.0,0.0,0.0,COMPLETED
ADM-2026-09160,Aadhya Sen,12th Grade,B,15000.0,8840.17,6159.83,0.0,PENDING_DUE
ADM-2026-09161,Pooja Reddy,12th Grade,A,22000.0,13069.3,8930.7,0.0,PENDING_DUE
ADM-2026-09162,Pari Pillai,10th Grade,B,15000.0,15000.0,0.0,0.0,COMPLETED
ADM-2026-09163,Pankaj Das,11th Grade,C,15000.0,15000.0,0.0,0.0,COMPLETED
ADM-2026-09164,Ayaan Patel,9th Grade,C,22000.0,10256.91,11743.09,0.0,PENDING_DUE
ADM-2026-09165,Pankaj Singh,12th Grade,A,15000.0,15000.0,0.0,0.0,COMPLETED
ADM-2026-09166,Ananya Reddy,10th Grade,B,12000.0,12000.0,0.0,0.0,COMPLETED
ADM-2026-09167,Pari Malhotra,10th Grade,B,15000.0,6862.07,8137.93,0.0,PENDING_DUE
ADM-2026-09168,Karan Reddy,12th Grade,A,12000.0,12000.0,0.0,0.0,COMPLETED
ADM-2026-09169,Vihaan Kumar,9th Grade,C,18000.0,4282.04,13717.96,500.0,DEFAULT_AGED
ADM-2026-09170,Reyansh Pillai,9th Grade,A,12000.0,12000.0,0.0,0.0,COMPLETED
ADM-2026-09171,Rahul Bose,9th Grade,D,12000.0,12000.0,0.0,0.0,COMPLETED
ADM-2026-09172,Sneha Bose,11th Grade,A,12000.0,2427.03,9572.97,0.0,PENDING_DUE
ADM-2026-09173,Krishna Deshmukh,9th Grade,B,15000.0,3177.01,11822.99,0.0,PENDING_DUE
ADM-2026-09174,Diya Reddy,11th Grade,D,18000.0,8871.84,9128.16,0.0,PENDING_DUE
ADM-2026-09175,Ishaan Das,11th Grade,B,15000.0,4610.4,10389.6,0.0,PENDING_DUE
ADM-2026-09176,Priya Gupta,10th Grade,A,12000.0,3266.53,8733.47,250.0,DEFAULT_AGED
ADM-2026-09177,Riya Bose,11th Grade,B,12000.0,1042.4,10957.6,1000.0,DEFAULT_AGED
ADM-2026-09178,Sneha Sharma,9th Grade,D,15000.0,973.45,14026.55,500.0,DEFAULT_AGED
ADM-2026-09179,Vivaan Malhotra,9th Grade,A,15000.0,6062.16,8937.84,0.0,PENDING_DUE
ADM-2026-09180,Pari Malhotra,12th Grade,B,15000.0,8984.31,6015.69,0.0,PENDING_DUE
ADM-2026-09181,Aarav Malhotra,9th Grade,C,12000.0,784.07,11215.93,250.0,DEFAULT_AGED
ADM-2026-09182,Ayaan Gupta,9th Grade,D,18000.0,18000.0,0.0,0.0,COMPLETED
ADM-2026-09183,Priya Choudhury,12th Grade,D,22000.0,22000.0,0.0,0.0,COMPLETED
ADM-2026-09184,Arjun Choudhury,12th Grade,B,12000.0,12000.0,0.0,0.0,COMPLETED
ADM-2026-09185,Sneha Singh,9th Grade,C,22000.0,22000.0,0.0,0.0,COMPLETED
ADM-2026-09186,Ishaan Das,9th Grade,C,15000.0,6983.76,8016.24,0.0,PENDING_DUE
ADM-2026-09187,Neha Patel,10th Grade,D,12000.0,12000.0,0.0,0.0,COMPLETED
ADM-2026-09188,Neha Singh,12th Grade,D,22000.0,4474.24,17525.76,0.0,PENDING_DUE
ADM-2026-09189,Ishaan Deshmukh,12th Grade,C,22000.0,14869.03,7130.97,0.0,PENDING_DUE
ADM-2026-09190,Ishaan Pillai,9th Grade,D,22000.0,5833.54,16166.46,500.0,DEFAULT_AGED
ADM-2026-09191,Rohan Iyer,9th Grade,C,18000.0,9555.84,8444.16,0.0,PENDING_DUE
ADM-2026-09192,Anjali Singh,9th Grade,A,18000.0,18000.0,0.0,0.0,COMPLETED
ADM-2026-09193,Vihaan Menon,10th Grade,C,18000.0,18000.0,0.0,0.0,COMPLETED
ADM-2026-09194,Karan Menon,11th Grade,B,18000.0,3956.87,14043.13,0.0,PENDING_DUE
ADM-2026-09195,Meera Malhotra,12th Grade,C,12000.0,7202.29,4797.71,0.0,PENDING_DUE
ADM-2026-09196,Sneha Mehta,9th Grade,D,22000.0,22000.0,0.0,0.0,COMPLETED
ADM-2026-09197,Neha Das,10th Grade,C,18000.0,18000.0,0.0,0.0,COMPLETED
ADM-2026-09198,Vivaan Kumar,10th Grade,B,22000.0,22000.0,0.0,0.0,COMPLETED
ADM-2026-09199,Priya Das,12th Grade,B,22000.0,12246.71,9753.29,0.0,PENDING_DUE
ADM-2026-09200,Ananya Kumar,11th Grade,A,18000.0,18000.0,0.0,0.0,COMPLETED
ADM-2026-09201,Sai Das,9th Grade,B,15000.0,15000.0,0.0,0.0,COMPLETED
ADM-2026-09202,Diya Singh,11th Grade,A,15000.0,5430.58,9569.42,0.0,PENDING_DUE
ADM-2026-09203,Karan Das,9th Grade,D,18000.0,18000.0,0.0,0.0,COMPLETED
ADM-2026-09204,Sai Deshmukh,12th Grade,A,18000.0,6860.52,11139.48,0.0,PENDING_DUE
ADM-2026-09205,Ayaan Verma,10th Grade,B,15000.0,1498.98,13501.02,1000.0,DEFAULT_AGED
ADM-2026-09206,Krishna Verma,12th Grade,C,22000.0,5518.58,16481.42,1000.0,DEFAULT_AGED
ADM-2026-09207,Priya Pillai,11th Grade,B,15000.0,15000.0,0.0,0.0,COMPLETED
ADM-2026-09208,Sanya Kumar,10th Grade,B,22000.0,374.93,21625.07,500.0,DEFAULT_AGED
ADM-2026-09209,Kavita Mehta,10th Grade,B,18000.0,2041.95,15958.05,500.0,DEFAULT_AGED
ADM-2026-09210,Amit Bose,9th Grade,C,22000.0,22000.0,0.0,0.0,COMPLETED
ADM-2026-09211,Aditya Reddy,12th Grade,A,12000.0,12000.0,0.0,0.0,COMPLETED
ADM-2026-09212,Rohan Das,12th Grade,B,12000.0,5241.46,6758.54,0.0,PENDING_DUE
ADM-2026-09213,Neha Singh,10th Grade,C,15000.0,15000.0,0.0,0.0,COMPLETED
ADM-2026-09214,Ayaan Reddy,11th Grade,D,15000.0,15000.0,0.0,0.0,COMPLETED
ADM-2026-09215,Rohan Mehta,10th Grade,C,15000.0,15000.0,0.0,0.0,COMPLETED
ADM-2026-09216,Reyansh Iyer,9th Grade,B,15000.0,15000.0,0.0,0.0,COMPLETED
ADM-2026-09217,Pankaj Verma,9th Grade,A,22000.0,22000.0,0.0,0.0,COMPLETED
ADM-2026-09218,Neha Reddy,12th Grade,A,12000.0,2551.01,9448.99,0.0,PENDING_DUE
ADM-2026-09219,Sanya Menon,9th Grade,B,12000.0,974.28,11025.72,500.0,DEFAULT_AGED
ADM-2026-09220,Krishna Mehta,9th Grade,B,18000.0,1104.53,16895.47,250.0,DEFAULT_AGED
ADM-2026-09221,Pankaj Bose,12th Grade,D,12000.0,12000.0,0.0,0.0,COMPLETED
ADM-2026-09222,Meera Gupta,12th Grade,C,22000.0,22000.0,0.0,0.0,COMPLETED
ADM-2026-09223,Ayaan Reddy,10th Grade,C,15000.0,6050.38,8949.62,0.0,PENDING_DUE
ADM-2026-09224,Vihaan Das,10th Grade,A,15000.0,963.13,14036.87,1000.0,DEFAULT_AGED
ADM-2026-09225,Diya Sharma,10th Grade,C,18000.0,18000.0,0.0,0.0,COMPLETED
ADM-2026-09226,Vihaan Kumar,10th Grade,B,12000.0,545.81,11454.19,500.0,DEFAULT_AGED
ADM-2026-09227,Rohan Das,9th Grade,D,18000.0,18000.0,0.0,0.0,COMPLETED
ADM-2026-09228,Pari Singh,11th Grade,C,22000.0,22000.0,0.0,0.0,COMPLETED
ADM-2026-09229,Sanya Deshmukh,12th Grade,A,15000.0,15000.0,0.0,0.0,COMPLETED
ADM-2026-09230,Anjali Iyer,10th Grade,B,15000.0,3738.53,11261.47,500.0,DEFAULT_AGED
ADM-2026-09231,Sneha Reddy,12th Grade,A,12000.0,8297.91,3702.09,0.0,PENDING_DUE
ADM-2026-09232,Sneha Verma,11th Grade,D,15000.0,15000.0,0.0,0.0,COMPLETED
ADM-2026-09233,Aarav Sharma,10th Grade,A,12000.0,12000.0,0.0,0.0,COMPLETED
ADM-2026-09234,Ananya Bose,10th Grade,D,22000.0,14465.67,7534.33,0.0,PENDING_DUE
ADM-2026-09235,Ananya Iyer,11th Grade,B,12000.0,930.39,11069.61,250.0,DEFAULT_AGED
ADM-2026-09236,Ananya Rao,11th Grade,A,18000.0,2917.23,15082.77,1000.0,DEFAULT_AGED
ADM-2026-09237,Sanya Menon,9th Grade,B,22000.0,22000.0,0.0,0.0,COMPLETED
ADM-2026-09238,Diya Rao,10th Grade,D,22000.0,10323.65,11676.35,0.0,PENDING_DUE
ADM-2026-09239,Pooja Reddy,9th Grade,D,18000.0,8019.61,9980.39,0.0,PENDING_DUE
ADM-2026-09240,Sneha Gupta,10th Grade,A,18000.0,12589.03,5410.97,0.0,PENDING_DUE
ADM-2026-09241,Vihaan Choudhury,12th Grade,D,15000.0,1616.67,13383.33,250.0,DEFAULT_AGED
ADM-2026-09242,Arjun Deshmukh,9th Grade,B,12000.0,5580.44,6419.56,0.0,PENDING_DUE
ADM-2026-09243,Pooja Sharma,9th Grade,C,12000.0,12000.0,0.0,0.0,COMPLETED
ADM-2026-09244,Vihaan Joshi,9th Grade,A,15000.0,15000.0,0.0,0.0,COMPLETED
ADM-2026-09245,Karan Sen,9th Grade,B,18000.0,9567.98,8432.02,0.0,PENDING_DUE
ADM-2026-09246,Kavita Kumar,11th Grade,C,22000.0,12423.13,9576.87,0.0,PENDING_DUE
ADM-2026-09247,Amit Menon,12th Grade,C,18000.0,18000.0,0.0,0.0,COMPLETED
ADM-2026-09248,Vihaan Mehta,11th Grade,A,12000.0,5898.34,6101.66,0.0,PENDING_DUE
ADM-2026-09249,Meera Kumar,9th Grade,D,12000.0,12000.0,0.0,0.0,COMPLETED
ADM-2026-09250,Kavita Kumar,9th Grade,C,22000.0,22000.0,0.0,0.0,COMPLETED
ADM-2026-09251,Ananya Kumar,11th Grade,B,18000.0,1248.23,16751.77,1000.0,DEFAULT_AGED
ADM-2026-09252,Krishna Nair,10th Grade,A,18000.0,18000.0,0.0,0.0,COMPLETED
ADM-2026-09253,Karan Nair,11th Grade,A,15000.0,7359.83,7640.17,0.0,PENDING_DUE
ADM-2026-09254,Neha Das,11th Grade,C,18000.0,18000.0,0.0,0.0,COMPLETED
ADM-2026-09255,Vivaan Sharma,10th Grade,B,15000.0,5830.4,9169.6,0.0,PENDING_DUE
ADM-2026-09256,Priya Gupta,9th Grade,B,12000.0,3885.35,8114.65,0.0,PENDING_DUE
ADM-2026-09257,Ananya Kumar,12th Grade,D,22000.0,22000.0,0.0,0.0,COMPLETED
ADM-2026-09258,Sai Malhotra,10th Grade,B,12000.0,7602.29,4397.71,0.0,PENDING_DUE
ADM-2026-09259,Meera Choudhury,9th Grade,C,22000.0,1373.16,20626.84,1000.0,DEFAULT_AGED
ADM-2026-09260,Reyansh Deshmukh,12th Grade,C,12000.0,12000.0,0.0,0.0,COMPLETED
ADM-2026-09261,Karan Gupta,10th Grade,C,15000.0,15000.0,0.0,0.0,COMPLETED
ADM-2026-09262,Neha Sen,11th Grade,D,22000.0,22000.0,0.0,0.0,COMPLETED
ADM-2026-09263,Sai Patel,9th Grade,A,18000.0,5000.96,12999.04,0.0,PENDING_DUE
ADM-2026-09264,Neha Menon,10th Grade,C,18000.0,3383.44,14616.56,1000.0,DEFAULT_AGED
ADM-2026-09265,Rahul Reddy,11th Grade,C,22000.0,22000.0,0.0,0.0,COMPLETED
ADM-2026-09266,Aditya Sharma,12th Grade,D,22000.0,22000.0,0.0,0.0,COMPLETED
ADM-2026-09267,Diya Patel,11th Grade,B,15000.0,1758.93,13241.07,1000.0,DEFAULT_AGED
ADM-2026-09268,Vikas Das,12th Grade,B,15000.0,15000.0,0.0,0.0,COMPLETED
ADM-2026-09269,Ayaan Rao,9th Grade,A,18000.0,3895.39,14104.61,0.0,PENDING_DUE
ADM-2026-09270,Pankaj Iyer,9th Grade,A,18000.0,3188.35,14811.65,250.0,DEFAULT_AGED
ADM-2026-09271,Aadhya Menon,10th Grade,B,22000.0,5006.09,16993.91,500.0,DEFAULT_AGED
ADM-2026-09272,Meera Nair,9th Grade,A,18000.0,4988.27,13011.73,0.0,PENDING_DUE
ADM-2026-09273,Ananya Gupta,9th Grade,A,18000.0,4573.38,13426.62,1000.0,DEFAULT_AGED
ADM-2026-09274,Neha Deshmukh,11th Grade,C,22000.0,6943.59,15056.41,0.0,PENDING_DUE
ADM-2026-09275,Vikas Nair,10th Grade,D,22000.0,12245.34,9754.66,0.0,PENDING_DUE
ADM-2026-09276,Vivaan Iyer,12th Grade,B,12000.0,8189.94,3810.06,0.0,PENDING_DUE
ADM-2026-09277,Pari Das,9th Grade,B,22000.0,12122.42,9877.58,0.0,PENDING_DUE
ADM-2026-09278,Priya Verma,10th Grade,B,12000.0,12000.0,0.0,0.0,COMPLETED
ADM-2026-09279,Meera Menon,10th Grade,C,18000.0,18000.0,0.0,0.0,COMPLETED
ADM-2026-09280,Arjun Gupta,11th Grade,D,15000.0,15000.0,0.0,0.0,COMPLETED
ADM-2026-09281,Arjun Patel,10th Grade,A,18000.0,18000.0,0.0,0.0,COMPLETED
ADM-2026-09282,Riya Kumar,12th Grade,D,22000.0,6540.73,15459.27,0.0,PENDING_DUE
ADM-2026-09283,Ayaan Rao,10th Grade,A,15000.0,3397.96,11602.04,1000.0,DEFAULT_AGED
ADM-2026-09284,Karan Iyer,9th Grade,D,12000.0,2550.18,9449.82,500.0,DEFAULT_AGED
ADM-2026-09285,Priya Malhotra,11th Grade,B,12000.0,12000.0,0.0,0.0,COMPLETED
ADM-2026-09286,Ishaan Sen,9th Grade,D,15000.0,9077.01,5922.99,0.0,PENDING_DUE
ADM-2026-09287,Kavita Kumar,11th Grade,C,12000.0,12000.0,0.0,0.0,COMPLETED
ADM-2026-09288,Anjali Patel,10th Grade,C,15000.0,15000.0,0.0,0.0,COMPLETED
ADM-2026-09289,Ishaan Nair,12th Grade,B,18000.0,18000.0,0.0,0.0,COMPLETED
ADM-2026-09290,Aarav Choudhury,12th Grade,A,22000.0,22000.0,0.0,0.0,COMPLETED
ADM-2026-09291,Pooja Sen,11th Grade,B,15000.0,4291.2,10708.8,1000.0,DEFAULT_AGED
ADM-2026-09292,Amit Rao,10th Grade,A,15000.0,15000.0,0.0,0.0,COMPLETED
ADM-2026-09293,Ishaan Joshi,11th Grade,B,22000.0,5761.84,16238.16,1000.0,DEFAULT_AGED
ADM-2026-09294,Aadhya Mehta,12th Grade,B,18000.0,4350.32,13649.68,250.0,DEFAULT_AGED
ADM-2026-09295,Vivaan Iyer,11th Grade,C,18000.0,12029.69,5970.31,0.0,PENDING_DUE
ADM-2026-09296,Sanya Nair,11th Grade,D,15000.0,941.31,14058.69,250.0,DEFAULT_AGED
ADM-2026-09297,Aditya Deshmukh,9th Grade,C,18000.0,763.55,17236.45,250.0,DEFAULT_AGED
ADM-2026-09298,Vikas Gupta,9th Grade,A,22000.0,14460.74,7539.26,0.0,PENDING_DUE
ADM-2026-09299,Priya Verma,12th Grade,D,12000.0,7335.43,4664.57,0.0,PENDING_DUE
ADM-2026-09300,Ananya Das,12th Grade,B,12000.0,4944.25,7055.75,0.0,PENDING_DUE
ADM-2026-09301,Aditya Sharma,9th Grade,B,22000.0,22000.0,0.0,0.0,COMPLETED
ADM-2026-09302,Krishna Bose,10th Grade,C,15000.0,15000.0,0.0,0.0,COMPLETED
ADM-2026-09303,Riya Rao,10th Grade,A,15000.0,15000.0,0.0,0.0,COMPLETED
ADM-2026-09304,Aadhya Verma,9th Grade,A,18000.0,7185.22,10814.78,0.0,PENDING_DUE
ADM-2026-09305,Kavita Kumar,10th Grade,A,22000.0,22000.0,0.0,0.0,COMPLETED
ADM-2026-09306,Rahul Patel,10th Grade,C,15000.0,15000.0,0.0,0.0,COMPLETED
ADM-2026-09307,Pari Gupta,10th Grade,D,15000.0,35.66,14964.34,1000.0,DEFAULT_AGED
ADM-2026-09308,Pooja Patel,11th Grade,B,18000.0,18000.0,0.0,0.0,COMPLETED
ADM-2026-09309,Neha Deshmukh,11th Grade,D,22000.0,9356.63,12643.37,0.0,PENDING_DUE
ADM-2026-09310,Amit Malhotra,12th Grade,B,12000.0,12000.0,0.0,0.0,COMPLETED
ADM-2026-09311,Anjali Kumar,10th Grade,B,15000.0,15000.0,0.0,0.0,COMPLETED
ADM-2026-09312,Sanya Sharma,12th Grade,C,12000.0,2448.89,9551.11,250.0,DEFAULT_AGED
ADM-2026-09313,Ishaan Choudhury,9th Grade,B,15000.0,15000.0,0.0,0.0,COMPLETED
ADM-2026-09314,Sneha Pillai,12th Grade,B,22000.0,1671.57,20328.43,1000.0,DEFAULT_AGED
ADM-2026-09315,Rohan Rao,11th Grade,D,22000.0,1132.2,20867.8,500.0,DEFAULT_AGED
ADM-2026-09316,Pooja Reddy,11th Grade,A,15000.0,15000.0,0.0,0.0,COMPLETED
ADM-2026-09317,Ayaan Deshmukh,12th Grade,A,15000.0,15000.0,0.0,0.0,COMPLETED
ADM-2026-09318,Rahul Verma,11th Grade,B,22000.0,22000.0,0.0,0.0,COMPLETED
ADM-2026-09319,Pooja Malhotra,11th Grade,A,18000.0,18000.0,0.0,0.0,COMPLETED
ADM-2026-09320,Sai Mehta,11th Grade,B,12000.0,12000.0,0.0,0.0,COMPLETED
ADM-2026-09321,Sanya Singh,9th Grade,B,15000.0,15000.0,0.0,0.0,COMPLETED
ADM-2026-09322,Vihaan Singh,11th Grade,A,15000.0,15000.0,0.0,0.0,COMPLETED
ADM-2026-09323,Krishna Nair,11th Grade,C,22000.0,22000.0,0.0,0.0,COMPLETED
ADM-2026-09324,Vihaan Sharma,12th Grade,B,22000.0,12723.8,9276.2,0.0,PENDING_DUE
ADM-2026-09325,Rohan Nair,11th Grade,C,15000.0,15000.0,0.0,0.0,COMPLETED
ADM-2026-09326,Aadhya Joshi,9th Grade,D,12000.0,12000.0,0.0,0.0,COMPLETED
ADM-2026-09327,Krishna Sharma,12th Grade,A,22000.0,12728.56,9271.44,0.0,PENDING_DUE
ADM-2026-09328,Aadhya Choudhury,9th Grade,D,15000.0,3051.95,11948.05,0.0,PENDING_DUE
ADM-2026-09329,Riya Pillai,12th Grade,D,18000.0,18000.0,0.0,0.0,COMPLETED
ADM-2026-09330,Reyansh Joshi,9th Grade,A,22000.0,22000.0,0.0,0.0,COMPLETED
ADM-2026-09331,Aditya Bose,10th Grade,B,22000.0,14453.99,7546.01,0.0,PENDING_DUE
ADM-2026-09332,Amit Gupta,9th Grade,D,12000.0,3156.34,8843.66,0.0,PENDING_DUE
ADM-2026-09333,Aditya Rao,11th Grade,D,22000.0,1303.73,20696.27,500.0,DEFAULT_AGED
ADM-2026-09334,Diya Nair,11th Grade,B,18000.0,10892.49,7107.51,0.0,PENDING_DUE
ADM-2026-09335,Neha Gupta,12th Grade,C,18000.0,12571.71,5428.29,0.0,PENDING_DUE
ADM-2026-09336,Pari Patel,12th Grade,C,15000.0,6600.26,8399.74,0.0,PENDING_DUE
ADM-2026-09337,Rahul Mehta,12th Grade,D,22000.0,2125.16,19874.84,1000.0,DEFAULT_AGED
ADM-2026-09338,Reyansh Malhotra,12th Grade,A,15000.0,15000.0,0.0,0.0,COMPLETED
ADM-2026-09339,Diya Patel,11th Grade,A,12000.0,4676.16,7323.84,0.0,PENDING_DUE
ADM-2026-09340,Rahul Patel,9th Grade,C,12000.0,7114.44,4885.56,0.0,PENDING_DUE
ADM-2026-09341,Sai Deshmukh,10th Grade,C,12000.0,4372.19,7627.81,0.0,PENDING_DUE
ADM-2026-09342,Aadhya Deshmukh,12th Grade,C,18000.0,3764.95,14235.05,0.0,PENDING_DUE
ADM-2026-09343,Kavita Joshi,11th Grade,B,18000.0,18000.0,0.0,0.0,COMPLETED
ADM-2026-09344,Vikas Sen,9th Grade,C,15000.0,15000.0,0.0,0.0,COMPLETED
ADM-2026-09345,Ayaan Patel,11th Grade,D,12000.0,12000.0,0.0,0.0,COMPLETED
ADM-2026-09346,Aditya Iyer,10th Grade,A,12000.0,12000.0,0.0,0.0,COMPLETED
ADM-2026-09347,Pankaj Patel,9th Grade,A,22000.0,13368.21,8631.79,0.0,PENDING_DUE
ADM-2026-09348,Reyansh Gupta,12th Grade,B,15000.0,1767.16,13232.84,1000.0,DEFAULT_AGED
ADM-2026-09349,Sai Reddy,9th Grade,D,12000.0,5376.5,6623.5,0.0,PENDING_DUE
ADM-2026-09350,Rahul Das,11th Grade,A,12000.0,3129.93,8870.07,1000.0,DEFAULT_AGED
ADM-2026-09351,Amit Rao,12th Grade,B,15000.0,15000.0,0.0,0.0,COMPLETED
ADM-2026-09352,Sai Das,9th Grade,D,15000.0,15000.0,0.0,0.0,COMPLETED
ADM-2026-09353,Ayaan Rao,10th Grade,A,22000.0,12994.47,9005.53,0.0,PENDING_DUE
ADM-2026-09354,Riya Patel,9th Grade,C,18000.0,18000.0,0.0,0.0,COMPLETED
ADM-2026-09355,Sai Gupta,11th Grade,D,18000.0,5006.56,12993.44,0.0,PENDING_DUE
ADM-2026-09356,Aditya Bose,12th Grade,B,12000.0,2463.58,9536.42,0.0,PENDING_DUE
ADM-2026-09357,Amit Patel,12th Grade,B,15000.0,15000.0,0.0,0.0,COMPLETED
ADM-2026-09358,Kavita Sharma,11th Grade,D,22000.0,5345.52,16654.48,250.0,DEFAULT_AGED
ADM-2026-09359,Arjun Malhotra,10th Grade,C,18000.0,4174.25,13825.75,1000.0,DEFAULT_AGED
ADM-2026-09360,Riya Deshmukh,10th Grade,D,18000.0,6337.87,11662.13,0.0,PENDING_DUE
ADM-2026-09361,Vikas Kumar,9th Grade,A,18000.0,18000.0,0.0,0.0,COMPLETED
ADM-2026-09362,Vihaan Patel,12th Grade,D,12000.0,3517.35,8482.65,500.0,DEFAULT_AGED
ADM-2026-09363,Pankaj Singh,11th Grade,D,18000.0,18000.0,0.0,0.0,COMPLETED
ADM-2026-09364,Reyansh Malhotra,10th Grade,D,22000.0,22000.0,0.0,0.0,COMPLETED
ADM-2026-09365,Diya Patel,12th Grade,A,22000.0,11240.63,10759.37,0.0,PENDING_DUE
ADM-2026-09366,Sai Reddy,10th Grade,C,22000.0,22000.0,0.0,0.0,COMPLETED
ADM-2026-09367,Kavita Pillai,10th Grade,D,15000.0,6872.62,8127.38,0.0,PENDING_DUE
ADM-2026-09368,Aarav Sen,12th Grade,A,18000.0,879.04,17120.96,500.0,DEFAULT_AGED
ADM-2026-09369,Aadhya Pillai,9th Grade,A,18000.0,18000.0,0.0,0.0,COMPLETED
ADM-2026-09370,Sanya Sharma,11th Grade,D,22000.0,3215.14,18784.86,250.0,DEFAULT_AGED
ADM-2026-09371,Pankaj Deshmukh,9th Grade,C,12000.0,12000.0,0.0,0.0,COMPLETED
ADM-2026-09372,Ayaan Bose,11th Grade,D,15000.0,15000.0,0.0,0.0,COMPLETED
ADM-2026-09373,Meera Gupta,10th Grade,C,12000.0,5952.16,6047.84,0.0,PENDING_DUE
ADM-2026-09374,Ananya Kumar,10th Grade,D,12000.0,6329.59,5670.41,0.0,PENDING_DUE
ADM-2026-09375,Ananya Sharma,11th Grade,C,22000.0,22000.0,0.0,0.0,COMPLETED
ADM-2026-09376,Priya Sharma,9th Grade,A,18000.0,18000.0,0.0,0.0,COMPLETED
ADM-2026-09377,Sanya Menon,12th Grade,D,12000.0,7729.38,4270.62,0.0,PENDING_DUE
ADM-2026-09378,Aarav Deshmukh,12th Grade,C,12000.0,12000.0,0.0,0.0,COMPLETED
ADM-2026-09379,Pooja Rao,10th Grade,A,18000.0,18000.0,0.0,0.0,COMPLETED
ADM-2026-09380,Vihaan Nair,12th Grade,D,12000.0,12000.0,0.0,0.0,COMPLETED
ADM-2026-09381,Pankaj Malhotra,11th Grade,C,15000.0,15000.0,0.0,0.0,COMPLETED
ADM-2026-09382,Sanya Gupta,9th Grade,A,12000.0,1659.27,10340.73,250.0,DEFAULT_AGED
ADM-2026-09383,Ishaan Das,9th Grade,A,12000.0,7897.02,4102.98,0.0,PENDING_DUE
ADM-2026-09384,Sanya Mehta,11th Grade,C,12000.0,12000.0,0.0,0.0,COMPLETED
ADM-2026-09385,Riya Joshi,12th Grade,C,15000.0,15000.0,0.0,0.0,COMPLETED
ADM-2026-09386,Rahul Reddy,10th Grade,B,15000.0,54.94,14945.06,500.0,DEFAULT_AGED
ADM-2026-09387,Rahul Pillai,10th Grade,C,22000.0,8746.74,13253.26,0.0,PENDING_DUE
ADM-2026-09388,Anjali Reddy,9th Grade,B,22000.0,3869.09,18130.91,250.0,DEFAULT_AGED
ADM-2026-09389,Arjun Menon,9th Grade,C,18000.0,18000.0,0.0,0.0,COMPLETED
ADM-2026-09390,Rohan Malhotra,10th Grade,B,12000.0,12000.0,0.0,0.0,COMPLETED
ADM-2026-09391,Ayaan Malhotra,12th Grade,A,18000.0,2099.78,15900.22,1000.0,DEFAULT_AGED
ADM-2026-09392,Rahul Singh,9th Grade,B,18000.0,18000.0,0.0,0.0,COMPLETED
ADM-2026-09393,Ishaan Nair,12th Grade,D,18000.0,5738.09,12261.91,0.0,PENDING_DUE
ADM-2026-09394,Vikas Deshmukh,11th Grade,D,22000.0,22000.0,0.0,0.0,COMPLETED
ADM-2026-09395,Priya Gupta,12th Grade,C,12000.0,12000.0,0.0,0.0,COMPLETED
ADM-2026-09396,Pooja Reddy,10th Grade,D,22000.0,4973.89,17026.11,1000.0,DEFAULT_AGED
ADM-2026-09397,Meera Gupta,12th Grade,C,12000.0,1495.51,10504.49,250.0,DEFAULT_AGED
ADM-2026-09398,Karan Mehta,10th Grade,A,12000.0,12000.0,0.0,0.0,COMPLETED
ADM-2026-09399,Aadhya Kumar,12th Grade,C,12000.0,3645.95,8354.05,0.0,PENDING_DUE
ADM-2026-09400,Vihaan Iyer,11th Grade,B,12000.0,12000.0,0.0,0.0,COMPLETED
ADM-2026-09401,Riya Sen,9th Grade,A,22000.0,12495.79,9504.21,0.0,PENDING_DUE
ADM-2026-09402,Sanya Pillai,10th Grade,A,15000.0,3408.81,11591.19,0.0,PENDING_DUE
ADM-2026-09403,Anjali Sen,9th Grade,A,12000.0,6805.67,5194.33,0.0,PENDING_DUE
ADM-2026-09404,Diya Deshmukh,12th Grade,A,22000.0,22000.0,0.0,0.0,COMPLETED
ADM-2026-09405,Karan Pillai,10th Grade,A,22000.0,9066.59,12933.41,0.0,PENDING_DUE
ADM-2026-09406,Arjun Gupta,11th Grade,A,15000.0,9840.96,5159.04,0.0,PENDING_DUE
ADM-2026-09407,Sai Nair,11th Grade,C,12000.0,12000.0,0.0,0.0,COMPLETED
ADM-2026-09408,Diya Iyer,10th Grade,D,18000.0,18000.0,0.0,0.0,COMPLETED
ADM-2026-09409,Sneha Gupta,10th Grade,A,15000.0,15000.0,0.0,0.0,COMPLETED
ADM-2026-09410,Sai Iyer,9th Grade,D,18000.0,7671.73,10328.27,0.0,PENDING_DUE
ADM-2026-09411,Ananya Sen,12th Grade,A,15000.0,15000.0,0.0,0.0,COMPLETED
ADM-2026-09412,Reyansh Sharma,12th Grade,B,15000.0,2604.04,12395.96,250.0,DEFAULT_AGED
ADM-2026-09413,Aadhya Bose,12th Grade,B,15000.0,8379.91,6620.09,0.0,PENDING_DUE
ADM-2026-09414,Sanya Mehta,9th Grade,D,12000.0,12000.0,0.0,0.0,COMPLETED
ADM-2026-09415,Rahul Singh,11th Grade,B,18000.0,5506.68,12493.32,0.0,PENDING_DUE
ADM-2026-09416,Vivaan Kumar,11th Grade,B,18000.0,4237.64,13762.36,0.0,PENDING_DUE
ADM-2026-09417,Sai Menon,12th Grade,D,15000.0,10358.6,4641.4,0.0,PENDING_DUE
ADM-2026-09418,Aarav Choudhury,11th Grade,C,12000.0,12000.0,0.0,0.0,COMPLETED
ADM-2026-09419,Aditya Iyer,9th Grade,A,15000.0,15000.0,0.0,0.0,COMPLETED
ADM-2026-09420,Ananya Mehta,9th Grade,A,12000.0,485.85,11514.15,250.0,DEFAULT_AGED
ADM-2026-09421,Aadhya Mehta,12th Grade,C,22000.0,3299.86,18700.14,1000.0,DEFAULT_AGED
ADM-2026-09422,Vikas Joshi,12th Grade,D,22000.0,5864.71,16135.29,0.0,PENDING_DUE
ADM-2026-09423,Diya Reddy,10th Grade,C,12000.0,12000.0,0.0,0.0,COMPLETED
ADM-2026-09424,Diya Nair,9th Grade,B,18000.0,18000.0,0.0,0.0,COMPLETED
ADM-2026-09425,Reyansh Bose,10th Grade,A,18000.0,18000.0,0.0,0.0,COMPLETED
ADM-2026-09426,Priya Choudhury,10th Grade,B,18000.0,12015.34,5984.66,0.0,PENDING_DUE
ADM-2026-09427,Rohan Kumar,9th Grade,A,22000.0,4529.42,17470.58,250.0,DEFAULT_AGED
ADM-2026-09428,Diya Menon,9th Grade,D,12000.0,3027.15,8972.85,0.0,PENDING_DUE
ADM-2026-09429,Diya Patel,12th Grade,B,12000.0,12000.0,0.0,0.0,COMPLETED
ADM-2026-09430,Kavita Verma,9th Grade,A,18000.0,18000.0,0.0,0.0,COMPLETED
ADM-2026-09431,Rohan Pillai,11th Grade,B,15000.0,15000.0,0.0,0.0,COMPLETED
ADM-2026-09432,Amit Menon,9th Grade,A,15000.0,15000.0,0.0,0.0,COMPLETED
ADM-2026-09433,Vikas Choudhury,11th Grade,A,22000.0,22000.0,0.0,0.0,COMPLETED
ADM-2026-09434,Aditya Sen,9th Grade,A,12000.0,3151.32,8848.68,0.0,PENDING_DUE
ADM-2026-09435,Rahul Kumar,10th Grade,B,18000.0,18000.0,0.0,0.0,COMPLETED
ADM-2026-09436,Aarav Menon,12th Grade,A,15000.0,3493.45,11506.55,0.0,PENDING_DUE
ADM-2026-09437,Krishna Pillai,10th Grade,C,18000.0,18000.0,0.0,0.0,COMPLETED
ADM-2026-09438,Ayaan Menon,9th Grade,A,15000.0,15000.0,0.0,0.0,COMPLETED
ADM-2026-09439,Pari Mehta,11th Grade,D,12000.0,12000.0,0.0,0.0,COMPLETED
ADM-2026-09440,Vihaan Deshmukh,10th Grade,B,12000.0,12000.0,0.0,0.0,COMPLETED
ADM-2026-09441,Kavita Iyer,9th Grade,B,15000.0,7135.69,7864.31,0.0,PENDING_DUE
ADM-2026-09442,Ananya Rao,12th Grade,C,22000.0,22000.0,0.0,0.0,COMPLETED
ADM-2026-09443,Ishaan Sharma,12th Grade,C,22000.0,22000.0,0.0,0.0,COMPLETED
ADM-2026-09444,Sanya Reddy,12th Grade,D,22000.0,22000.0,0.0,0.0,COMPLETED
ADM-2026-09445,Arjun Choudhury,12th Grade,C,18000.0,6346.16,11653.84,0.0,PENDING_DUE
ADM-2026-09446,Rohan Gupta,9th Grade,B,15000.0,8764.52,6235.48,0.0,PENDING_DUE
ADM-2026-09447,Amit Gupta,12th Grade,B,22000.0,10907.09,11092.91,0.0,PENDING_DUE
ADM-2026-09448,Ayaan Pillai,12th Grade,B,15000.0,969.73,14030.27,500.0,DEFAULT_AGED
ADM-2026-09449,Arjun Deshmukh,10th Grade,D,22000.0,10627.85,11372.15,0.0,PENDING_DUE
ADM-2026-09450,Vihaan Kumar,10th Grade,B,15000.0,105.39,14894.61,500.0,DEFAULT_AGED
ADM-2026-09451,Sai Verma,9th Grade,B,12000.0,12000.0,0.0,0.0,COMPLETED
ADM-2026-09452,Vikas Bose,9th Grade,A,22000.0,22000.0,0.0,0.0,COMPLETED
ADM-2026-09453,Karan Patel,12th Grade,C,22000.0,22000.0,0.0,0.0,COMPLETED
ADM-2026-09454,Riya Bose,12th Grade,A,18000.0,10184.54,7815.46,0.0,PENDING_DUE
ADM-2026-09455,Rahul Das,9th Grade,C,22000.0,6147.6,15852.4,0.0,PENDING_DUE
ADM-2026-09456,Karan Menon,10th Grade,B,22000.0,4846.54,17153.46,500.0,DEFAULT_AGED
ADM-2026-09457,Priya Patel,9th Grade,A,12000.0,4510.49,7489.51,0.0,PENDING_DUE
ADM-2026-09458,Pari Verma,9th Grade,C,18000.0,18000.0,0.0,0.0,COMPLETED
ADM-2026-09459,Diya Patel,12th Grade,B,22000.0,11561.07,10438.93,0.0,PENDING_DUE
ADM-2026-09460,Arjun Joshi,9th Grade,D,22000.0,2202.11,19797.89,250.0,DEFAULT_AGED
ADM-2026-09461,Pooja Singh,11th Grade,A,18000.0,4526.17,13473.83,0.0,PENDING_DUE
ADM-2026-09462,Priya Verma,11th Grade,A,12000.0,12000.0,0.0,0.0,COMPLETED
ADM-2026-09463,Diya Patel,10th Grade,C,22000.0,9209.1,12790.9,0.0,PENDING_DUE
ADM-2026-09464,Neha Gupta,10th Grade,A,12000.0,12000.0,0.0,0.0,COMPLETED
ADM-2026-09465,Vivaan Patel,9th Grade,D,12000.0,2450.22,9549.78,0.0,PENDING_DUE
ADM-2026-09466,Krishna Menon,11th Grade,A,15000.0,15000.0,0.0,0.0,COMPLETED
ADM-2026-09467,Sneha Das,11th Grade,D,12000.0,528.03,11471.97,250.0,DEFAULT_AGED
ADM-2026-09468,Reyansh Reddy,9th Grade,C,12000.0,3395.13,8604.87,0.0,PENDING_DUE
ADM-2026-09469,Pari Sharma,9th Grade,D,15000.0,15000.0,0.0,0.0,COMPLETED
ADM-2026-09470,Priya Nair,10th Grade,A,12000.0,12000.0,0.0,0.0,COMPLETED
ADM-2026-09471,Sneha Iyer,11th Grade,D,15000.0,15000.0,0.0,0.0,COMPLETED
ADM-2026-09472,Diya Rao,11th Grade,A,12000.0,2363.09,9636.91,250.0,DEFAULT_AGED
ADM-2026-09473,Pari Reddy,9th Grade,C,22000.0,10324.18,11675.82,0.0,PENDING_DUE
ADM-2026-09474,Ananya Iyer,12th Grade,A,18000.0,18000.0,0.0,0.0,COMPLETED
ADM-2026-09475,Pari Singh,9th Grade,A,18000.0,18000.0,0.0,0.0,COMPLETED
ADM-2026-09476,Rohan Pillai,9th Grade,C,18000.0,18000.0,0.0,0.0,COMPLETED
ADM-2026-09477,Aditya Verma,9th Grade,A,18000.0,10881.12,7118.88,0.0,PENDING_DUE
ADM-2026-09478,Anjali Pillai,12th Grade,B,12000.0,5048.55,6951.45,0.0,PENDING_DUE
ADM-2026-09479,Riya Menon,12th Grade,A,12000.0,12000.0,0.0,0.0,COMPLETED
ADM-2026-09480,Diya Menon,12th Grade,D,12000.0,12000.0,0.0,0.0,COMPLETED
ADM-2026-09481,Anjali Iyer,10th Grade,B,22000.0,22000.0,0.0,0.0,COMPLETED
ADM-2026-09482,Pankaj Malhotra,11th Grade,B,22000.0,22000.0,0.0,0.0,COMPLETED
ADM-2026-09483,Reyansh Menon,12th Grade,C,18000.0,18000.0,0.0,0.0,COMPLETED
ADM-2026-09484,Vivaan Reddy,10th Grade,D,22000.0,6008.01,15991.99,250.0,DEFAULT_AGED
ADM-2026-09485,Ishaan Gupta,11th Grade,A,12000.0,12000.0,0.0,0.0,COMPLETED
ADM-2026-09486,Rohan Choudhury,12th Grade,D,15000.0,15000.0,0.0,0.0,COMPLETED
ADM-2026-09487,Diya Sharma,9th Grade,D,15000.0,15000.0,0.0,0.0,COMPLETED
ADM-2026-09488,Ishaan Rao,12th Grade,C,18000.0,18000.0,0.0,0.0,COMPLETED
ADM-2026-09489,Sai Joshi,11th Grade,B,18000.0,18000.0,0.0,0.0,COMPLETED
ADM-2026-09490,Meera Malhotra,10th Grade,A,12000.0,12000.0,0.0,0.0,COMPLETED
ADM-2026-09491,Ananya Deshmukh,11th Grade,A,15000.0,15000.0,0.0,0.0,COMPLETED
ADM-2026-09492,Pooja Reddy,11th Grade,C,15000.0,15000.0,0.0,0.0,COMPLETED
ADM-2026-09493,Anjali Malhotra,10th Grade,B,12000.0,12000.0,0.0,0.0,COMPLETED
ADM-2026-09494,Vikas Choudhury,10th Grade,D,18000.0,18000.0,0.0,0.0,COMPLETED
ADM-2026-09495,Aditya Patel,9th Grade,C,22000.0,15286.71,6713.29,0.0,PENDING_DUE
ADM-2026-09496,Pooja Kumar,10th Grade,B,12000.0,2534.33,9465.67,500.0,DEFAULT_AGED
ADM-2026-09497,Karan Bose,9th Grade,A,18000.0,18000.0,0.0,0.0,COMPLETED
ADM-2026-09498,Krishna Deshmukh,11th Grade,C,22000.0,6993.8,15006.2,0.0,PENDING_DUE
ADM-2026-09499,Neha Das,9th Grade,A,15000.0,15000.0,0.0,0.0,COMPLETED
ADM-2026-09500,Diya Reddy,11th Grade,C,15000.0,8902.53,6097.47,0.0,PENDING_DUE
ADM-2026-09501,Rohan Reddy,11th Grade,D,12000.0,12000.0,0.0,0.0,COMPLETED
ADM-2026-09502,Meera Sharma,11th Grade,D,15000.0,15000.0,0.0,0.0,COMPLETED
ADM-2026-09503,Sanya Iyer,9th Grade,D,12000.0,12000.0,0.0,0.0,COMPLETED
ADM-2026-09504,Anjali Kumar,10th Grade,C,15000.0,6406.79,8593.21,0.0,PENDING_DUE
ADM-2026-09505,Arjun Iyer,12th Grade,C,12000.0,3130.95,8869.05,0.0,PENDING_DUE
ADM-2026-09506,Arjun Kumar,11th Grade,C,15000.0,7490.38,7509.62,0.0,PENDING_DUE
ADM-2026-09507,Rohan Kumar,9th Grade,D,15000.0,2784.95,12215.05,500.0,DEFAULT_AGED
ADM-2026-09508,Aadhya Singh,12th Grade,A,15000.0,15000.0,0.0,0.0,COMPLETED
ADM-2026-09509,Vihaan Malhotra,10th Grade,B,18000.0,18000.0,0.0,0.0,COMPLETED
ADM-2026-09510,Ishaan Patel,9th Grade,C,12000.0,2645.05,9354.95,500.0,DEFAULT_AGED
ADM-2026-09511,Ayaan Das,10th Grade,D,18000.0,10973.25,7026.75,0.0,PENDING_DUE
ADM-2026-09512,Reyansh Reddy,11th Grade,A,12000.0,12000.0,0.0,0.0,COMPLETED
ADM-2026-09513,Karan Iyer,11th Grade,D,22000.0,22000.0,0.0,0.0,COMPLETED
ADM-2026-09514,Vihaan Das,12th Grade,A,22000.0,11491.44,10508.56,0.0,PENDING_DUE
ADM-2026-09515,Amit Joshi,11th Grade,B,15000.0,15000.0,0.0,0.0,COMPLETED
ADM-2026-09516,Sneha Singh,11th Grade,D,22000.0,8917.1,13082.9,0.0,PENDING_DUE
ADM-2026-09517,Pankaj Deshmukh,9th Grade,D,12000.0,12000.0,0.0,0.0,COMPLETED
ADM-2026-09518,Aditya Deshmukh,10th Grade,A,22000.0,22000.0,0.0,0.0,COMPLETED
ADM-2026-09519,Diya Choudhury,10th Grade,A,15000.0,4159.11,10840.89,0.0,PENDING_DUE
ADM-2026-09520,Ananya Bose,10th Grade,A,12000.0,7689.94,4310.06,0.0,PENDING_DUE
ADM-2026-09521,Vihaan Deshmukh,9th Grade,D,22000.0,22000.0,0.0,0.0,COMPLETED
ADM-2026-09522,Vihaan Reddy,12th Grade,B,15000.0,15000.0,0.0,0.0,COMPLETED
ADM-2026-09523,Riya Sharma,9th Grade,A,12000.0,12000.0,0.0,0.0,COMPLETED
ADM-2026-09524,Rohan Sharma,10th Grade,D,15000.0,9803.82,5196.18,0.0,PENDING_DUE
ADM-2026-09525,Diya Bose,10th Grade,B,12000.0,12000.0,0.0,0.0,COMPLETED
ADM-2026-09526,Rahul Joshi,9th Grade,A,18000.0,11389.79,6610.21,0.0,PENDING_DUE
ADM-2026-09527,Karan Verma,11th Grade,D,22000.0,22000.0,0.0,0.0,COMPLETED
ADM-2026-09528,Aarav Malhotra,11th Grade,A,18000.0,18000.0,0.0,0.0,COMPLETED
ADM-2026-09529,Aadhya Rao,12th Grade,A,12000.0,12000.0,0.0,0.0,COMPLETED
ADM-2026-09530,Sanya Malhotra,11th Grade,A,18000.0,7231.68,10768.32,0.0,PENDING_DUE
ADM-2026-09531,Priya Malhotra,9th Grade,C,15000.0,7793.8,7206.2,0.0,PENDING_DUE
ADM-2026-09532,Rahul Sen,10th Grade,A,12000.0,12000.0,0.0,0.0,COMPLETED
ADM-2026-09533,Reyansh Verma,12th Grade,D,15000.0,9179.51,5820.49,0.0,PENDING_DUE
ADM-2026-09534,Sai Reddy,11th Grade,D,18000.0,4492.75,13507.25,0.0,PENDING_DUE
ADM-2026-09535,Ananya Deshmukh,12th Grade,A,12000.0,12000.0,0.0,0.0,COMPLETED
ADM-2026-09536,Aarav Gupta,10th Grade,C,12000.0,12000.0,0.0,0.0,COMPLETED
ADM-2026-09537,Priya Reddy,11th Grade,D,22000.0,3308.48,18691.52,250.0,DEFAULT_AGED
ADM-2026-09538,Sneha Patel,9th Grade,B,18000.0,3329.51,14670.49,500.0,DEFAULT_AGED
ADM-2026-09539,Ananya Sen,9th Grade,D,15000.0,3910.54,11089.46,0.0,PENDING_DUE
ADM-2026-09540,Rohan Bose,9th Grade,C,15000.0,5572.02,9427.98,0.0,PENDING_DUE
ADM-2026-09541,Diya Joshi,10th Grade,C,18000.0,3473.39,14526.61,1000.0,DEFAULT_AGED
ADM-2026-09542,Reyansh Mehta,9th Grade,B,12000.0,12000.0,0.0,0.0,COMPLETED
ADM-2026-09543,Diya Choudhury,10th Grade,D,22000.0,7031.3,14968.7,0.0,PENDING_DUE
ADM-2026-09544,Aditya Mehta,10th Grade,C,15000.0,10325.72,4674.28,0.0,PENDING_DUE
ADM-2026-09545,Vivaan Patel,10th Grade,D,18000.0,18000.0,0.0,0.0,COMPLETED
ADM-2026-09546,Sai Iyer,12th Grade,C,15000.0,15000.0,0.0,0.0,COMPLETED
ADM-2026-09547,Rohan Menon,10th Grade,A,12000.0,6417.42,5582.58,0.0,PENDING_DUE
ADM-2026-09548,Pari Reddy,11th Grade,C,22000.0,22000.0,0.0,0.0,COMPLETED
ADM-2026-09549,Pari Das,12th Grade,B,12000.0,12000.0,0.0,0.0,COMPLETED
ADM-2026-09550,Sneha Sharma,10th Grade,A,22000.0,596.16,21403.84,500.0,DEFAULT_AGED
ADM-2026-09551,Aarav Choudhury,12th Grade,A,12000.0,6903.04,5096.96,0.0,PENDING_DUE
ADM-2026-09552,Neha Sen,9th Grade,B,18000.0,18000.0,0.0,0.0,COMPLETED
ADM-2026-09553,Meera Kumar,9th Grade,C,22000.0,4791.15,17208.85,0.0,PENDING_DUE
ADM-2026-09554,Pankaj Joshi,9th Grade,D,22000.0,22000.0,0.0,0.0,COMPLETED
ADM-2026-09555,Riya Choudhury,11th Grade,C,15000.0,15000.0,0.0,0.0,COMPLETED
ADM-2026-09556,Riya Pillai,10th Grade,D,15000.0,15000.0,0.0,0.0,COMPLETED
ADM-2026-09557,Ananya Mehta,11th Grade,D,22000.0,2291.95,19708.05,1000.0,DEFAULT_AGED
ADM-2026-09558,Kavita Iyer,12th Grade,B,18000.0,18000.0,0.0,0.0,COMPLETED
ADM-2026-09559,Meera Malhotra,11th Grade,D,22000.0,12937.15,9062.85,0.0,PENDING_DUE
ADM-2026-09560,Sai Patel,9th Grade,A,18000.0,18000.0,0.0,0.0,COMPLETED
ADM-2026-09561,Amit Das,11th Grade,C,15000.0,15000.0,0.0,0.0,COMPLETED
ADM-2026-09562,Vihaan Gupta,12th Grade,C,22000.0,22000.0,0.0,0.0,COMPLETED
ADM-2026-09563,Sai Deshmukh,12th Grade,B,12000.0,6485.77,5514.23,0.0,PENDING_DUE
ADM-2026-09564,Rahul Nair,11th Grade,D,22000.0,1722.91,20277.09,500.0,DEFAULT_AGED
ADM-2026-09565,Neha Mehta,10th Grade,A,15000.0,6290.51,8709.49,0.0,PENDING_DUE
ADM-2026-09566,Anjali Mehta,9th Grade,D,18000.0,18000.0,0.0,0.0,COMPLETED
ADM-2026-09567,Arjun Sen,9th Grade,A,12000.0,12000.0,0.0,0.0,COMPLETED
ADM-2026-09568,Ishaan Reddy,11th Grade,D,22000.0,22000.0,0.0,0.0,COMPLETED
ADM-2026-09569,Rahul Menon,12th Grade,D,12000.0,4682.56,7317.44,0.0,PENDING_DUE
ADM-2026-09570,Sneha Kumar,12th Grade,D,18000.0,18000.0,0.0,0.0,COMPLETED
ADM-2026-09571,Priya Reddy,10th Grade,D,12000.0,12000.0,0.0,0.0,COMPLETED
ADM-2026-09572,Priya Sen,10th Grade,C,22000.0,22000.0,0.0,0.0,COMPLETED
ADM-2026-09573,Amit Reddy,9th Grade,D,22000.0,22000.0,0.0,0.0,COMPLETED
ADM-2026-09574,Priya Das,11th Grade,A,12000.0,2568.27,9431.73,0.0,PENDING_DUE
ADM-2026-09575,Pankaj Malhotra,9th Grade,D,12000.0,1973.61,10026.39,1000.0,DEFAULT_AGED
ADM-2026-09576,Rohan Menon,11th Grade,B,12000.0,4668.45,7331.55,0.0,PENDING_DUE
ADM-2026-09577,Pooja Das,10th Grade,A,12000.0,970.63,11029.37,1000.0,DEFAULT_AGED
ADM-2026-09578,Pooja Sen,9th Grade,B,15000.0,4695.63,10304.37,0.0,PENDING_DUE
ADM-2026-09579,Sai Pillai,12th Grade,B,18000.0,8252.79,9747.21,0.0,PENDING_DUE
ADM-2026-09580,Pooja Nair,12th Grade,A,18000.0,18000.0,0.0,0.0,COMPLETED
ADM-2026-09581,Diya Bose,12th Grade,C,15000.0,8556.15,6443.85,0.0,PENDING_DUE
ADM-2026-09582,Aarav Das,12th Grade,C,22000.0,22000.0,0.0,0.0,COMPLETED
ADM-2026-09583,Ananya Gupta,12th Grade,D,22000.0,22000.0,0.0,0.0,COMPLETED
ADM-2026-09584,Kavita Malhotra,11th Grade,C,22000.0,6808.77,15191.23,0.0,PENDING_DUE
ADM-2026-09585,Aditya Kumar,10th Grade,C,15000.0,733.01,14266.99,250.0,DEFAULT_AGED
ADM-2026-09586,Pooja Sen,10th Grade,D,22000.0,22000.0,0.0,0.0,COMPLETED
ADM-2026-09587,Rohan Pillai,10th Grade,B,12000.0,3528.75,8471.25,250.0,DEFAULT_AGED
ADM-2026-09588,Vihaan Joshi,10th Grade,A,18000.0,18000.0,0.0,0.0,COMPLETED
ADM-2026-09589,Ayaan Das,9th Grade,B,12000.0,6900.65,5099.35,0.0,PENDING_DUE
ADM-2026-09590,Ayaan Kumar,12th Grade,A,22000.0,22000.0,0.0,0.0,COMPLETED
ADM-2026-09591,Ishaan Sharma,12th Grade,A,15000.0,15000.0,0.0,0.0,COMPLETED
ADM-2026-09592,Ishaan Mehta,12th Grade,D,22000.0,12837.14,9162.86,0.0,PENDING_DUE
ADM-2026-09593,Riya Rao,12th Grade,A,12000.0,12000.0,0.0,0.0,COMPLETED
ADM-2026-09594,Riya Verma,12th Grade,A,18000.0,18000.0,0.0,0.0,COMPLETED
ADM-2026-09595,Sai Iyer,12th Grade,B,12000.0,3166.72,8833.28,500.0,DEFAULT_AGED
ADM-2026-09596,Sanya Reddy,10th Grade,C,12000.0,906.04,11093.96,250.0,DEFAULT_AGED
ADM-2026-09597,Sai Sen,9th Grade,D,15000.0,15000.0,0.0,0.0,COMPLETED
ADM-2026-09598,Pari Nair,12th Grade,A,12000.0,887.28,11112.72,1000.0,DEFAULT_AGED
ADM-2026-09599,Ayaan Verma,12th Grade,B,22000.0,22000.0,0.0,0.0,COMPLETED
ADM-2026-09600,Ananya Mehta,10th Grade,B,12000.0,4959.11,7040.89,0.0,PENDING_DUE
ADM-2026-09601,Ayaan Pillai,11th Grade,B,18000.0,980.06,17019.94,250.0,DEFAULT_AGED
ADM-2026-09602,Pankaj Iyer,9th Grade,D,22000.0,22000.0,0.0,0.0,COMPLETED
ADM-2026-09603,Amit Patel,10th Grade,B,18000.0,3814.2,14185.8,1000.0,DEFAULT_AGED
ADM-2026-09604,Rahul Reddy,11th Grade,C,22000.0,22000.0,0.0,0.0,COMPLETED
ADM-2026-09605,Neha Malhotra,10th Grade,C,18000.0,18000.0,0.0,0.0,COMPLETED
ADM-2026-09606,Pankaj Pillai,12th Grade,B,15000.0,9127.55,5872.45,0.0,PENDING_DUE
ADM-2026-09607,Pankaj Gupta,12th Grade,A,22000.0,14189.02,7810.98,0.0,PENDING_DUE
ADM-2026-09608,Pari Mehta,9th Grade,A,15000.0,4463.72,10536.28,500.0,DEFAULT_AGED
ADM-2026-09609,Vivaan Menon,12th Grade,D,12000.0,12000.0,0.0,0.0,COMPLETED
ADM-2026-09610,Neha Choudhury,9th Grade,B,12000.0,2600.98,9399.02,0.0,PENDING_DUE
ADM-2026-09611,Riya Nair,11th Grade,B,18000.0,18000.0,0.0,0.0,COMPLETED
ADM-2026-09612,Riya Gupta,11th Grade,A,22000.0,22000.0,0.0,0.0,COMPLETED
ADM-2026-09613,Priya Das,11th Grade,C,18000.0,18000.0,0.0,0.0,COMPLETED
ADM-2026-09614,Meera Patel,9th Grade,A,15000.0,15000.0,0.0,0.0,COMPLETED
ADM-2026-09615,Vihaan Deshmukh,9th Grade,B,15000.0,15000.0,0.0,0.0,COMPLETED
ADM-2026-09616,Kavita Menon,11th Grade,C,22000.0,22000.0,0.0,0.0,COMPLETED
ADM-2026-09617,Karan Reddy,10th Grade,A,12000.0,12000.0,0.0,0.0,COMPLETED
ADM-2026-09618,Sanya Patel,9th Grade,D,18000.0,12423.68,5576.32,0.0,PENDING_DUE
ADM-2026-09619,Meera Rao,12th Grade,B,12000.0,692.66,11307.34,250.0,DEFAULT_AGED
ADM-2026-09620,Sneha Patel,9th Grade,B,22000.0,13061.48,8938.52,0.0,PENDING_DUE
ADM-2026-09621,Vihaan Das,12th Grade,D,22000.0,22000.0,0.0,0.0,COMPLETED
ADM-2026-09622,Sai Rao,12th Grade,A,12000.0,12000.0,0.0,0.0,COMPLETED
ADM-2026-09623,Diya Gupta,11th Grade,B,12000.0,1131.4,10868.6,250.0,DEFAULT_AGED
ADM-2026-09624,Ayaan Malhotra,10th Grade,B,22000.0,11014.77,10985.23,0.0,PENDING_DUE
ADM-2026-09625,Karan Deshmukh,11th Grade,B,18000.0,529.0,17471.0,250.0,DEFAULT_AGED
ADM-2026-09626,Rahul Joshi,9th Grade,A,18000.0,18000.0,0.0,0.0,COMPLETED
ADM-2026-09627,Diya Sharma,10th Grade,C,18000.0,18000.0,0.0,0.0,COMPLETED
ADM-2026-09628,Sneha Menon,11th Grade,C,15000.0,3834.69,11165.31,1000.0,DEFAULT_AGED
ADM-2026-09629,Sanya Verma,11th Grade,C,18000.0,18000.0,0.0,0.0,COMPLETED
ADM-2026-09630,Pankaj Patel,12th Grade,D,22000.0,22000.0,0.0,0.0,COMPLETED
ADM-2026-09631,Kavita Patel,10th Grade,D,12000.0,12000.0,0.0,0.0,COMPLETED
ADM-2026-09632,Rahul Deshmukh,9th Grade,B,22000.0,22000.0,0.0,0.0,COMPLETED
ADM-2026-09633,Rohan Sharma,10th Grade,D,22000.0,9824.21,12175.79,0.0,PENDING_DUE
ADM-2026-09634,Pankaj Verma,10th Grade,B,18000.0,7605.87,10394.13,0.0,PENDING_DUE
ADM-2026-09635,Aadhya Verma,12th Grade,B,12000.0,12000.0,0.0,0.0,COMPLETED
ADM-2026-09636,Rohan Gupta,11th Grade,D,18000.0,18000.0,0.0,0.0,COMPLETED
ADM-2026-09637,Karan Reddy,11th Grade,A,12000.0,3145.54,8854.46,1000.0,DEFAULT_AGED
ADM-2026-09638,Meera Kumar,12th Grade,A,18000.0,2265.35,15734.65,250.0,DEFAULT_AGED
ADM-2026-09639,Diya Mehta,10th Grade,B,12000.0,12000.0,0.0,0.0,COMPLETED
ADM-2026-09640,Meera Deshmukh,9th Grade,A,12000.0,6866.13,5133.87,0.0,PENDING_DUE
ADM-2026-09641,Aadhya Iyer,10th Grade,B,15000.0,348.43,14651.57,250.0,DEFAULT_AGED
ADM-2026-09642,Aadhya Sen,12th Grade,C,22000.0,22000.0,0.0,0.0,COMPLETED
ADM-2026-09643,Priya Mehta,10th Grade,A,22000.0,22000.0,0.0,0.0,COMPLETED
ADM-2026-09644,Pankaj Singh,10th Grade,D,12000.0,12000.0,0.0,0.0,COMPLETED
ADM-2026-09645,Krishna Reddy,9th Grade,A,22000.0,22000.0,0.0,0.0,COMPLETED
ADM-2026-09646,Arjun Kumar,10th Grade,A,18000.0,18000.0,0.0,0.0,COMPLETED
ADM-2026-09647,Ayaan Rao,12th Grade,A,18000.0,18000.0,0.0,0.0,COMPLETED
ADM-2026-09648,Kavita Deshmukh,10th Grade,D,22000.0,22000.0,0.0,0.0,COMPLETED
ADM-2026-09649,Vihaan Joshi,11th Grade,B,22000.0,22000.0,0.0,0.0,COMPLETED
ADM-2026-09650,Pooja Deshmukh,10th Grade,D,18000.0,18000.0,0.0,0.0,COMPLETED
ADM-2026-09651,Amit Rao,10th Grade,D,12000.0,12000.0,0.0,0.0,COMPLETED
ADM-2026-09652,Anjali Nair,11th Grade,D,15000.0,15000.0,0.0,0.0,COMPLETED
ADM-2026-09653,Vikas Kumar,11th Grade,B,22000.0,10035.35,11964.65,0.0,PENDING_DUE
ADM-2026-09654,Vikas Bose,10th Grade,B,18000.0,18000.0,0.0,0.0,COMPLETED
ADM-2026-09655,Ishaan Kumar,9th Grade,A,22000.0,2156.68,19843.32,500.0,DEFAULT_AGED
ADM-2026-09656,Aarav Sen,11th Grade,D,12000.0,4482.75,7517.25,0.0,PENDING_DUE
ADM-2026-09657,Neha Gupta,12th Grade,D,22000.0,9007.55,12992.45,0.0,PENDING_DUE
ADM-2026-09658,Ayaan Das,9th Grade,C,15000.0,15000.0,0.0,0.0,COMPLETED
ADM-2026-09659,Riya Gupta,11th Grade,C,12000.0,7636.07,4363.93,0.0,PENDING_DUE
ADM-2026-09660,Priya Sen,12th Grade,C,18000.0,18000.0,0.0,0.0,COMPLETED
ADM-2026-09661,Rohan Patel,12th Grade,D,12000.0,12000.0,0.0,0.0,COMPLETED
ADM-2026-09662,Aditya Iyer,12th Grade,C,22000.0,22000.0,0.0,0.0,COMPLETED
ADM-2026-09663,Kavita Bose,11th Grade,C,12000.0,12000.0,0.0,0.0,COMPLETED
ADM-2026-09664,Neha Iyer,11th Grade,D,22000.0,22000.0,0.0,0.0,COMPLETED
ADM-2026-09665,Amit Menon,12th Grade,A,15000.0,15000.0,0.0,0.0,COMPLETED
ADM-2026-09666,Vivaan Sen,9th Grade,C,15000.0,7427.96,7572.04,0.0,PENDING_DUE
ADM-2026-09667,Diya Mehta,10th Grade,B,12000.0,12000.0,0.0,0.0,COMPLETED
ADM-2026-09668,Meera Deshmukh,10th Grade,B,18000.0,12114.39,5885.61,0.0,PENDING_DUE
ADM-2026-09669,Karan Iyer,9th Grade,D,22000.0,5007.8,16992.2,0.0,PENDING_DUE
ADM-2026-09670,Vivaan Reddy,10th Grade,B,12000.0,12000.0,0.0,0.0,COMPLETED
ADM-2026-09671,Pooja Menon,9th Grade,A,15000.0,1578.7,13421.3,500.0,DEFAULT_AGED
ADM-2026-09672,Rahul Iyer,9th Grade,C,15000.0,15000.0,0.0,0.0,COMPLETED
ADM-2026-09673,Priya Reddy,9th Grade,A,18000.0,18000.0,0.0,0.0,COMPLETED
ADM-2026-09674,Neha Rao,9th Grade,B,22000.0,4594.78,17405.22,0.0,PENDING_DUE
ADM-2026-09675,Pankaj Deshmukh,10th Grade,D,18000.0,18000.0,0.0,0.0,COMPLETED
ADM-2026-09676,Meera Gupta,10th Grade,D,12000.0,1927.33,10072.67,250.0,DEFAULT_AGED
ADM-2026-09677,Neha Joshi,10th Grade,C,18000.0,5815.82,12184.18,0.0,PENDING_DUE
ADM-2026-09678,Pooja Sharma,9th Grade,B,18000.0,8907.78,9092.22,0.0,PENDING_DUE
ADM-2026-09679,Anjali Das,12th Grade,D,15000.0,5862.4,9137.6,0.0,PENDING_DUE
ADM-2026-09680,Sai Nair,10th Grade,A,22000.0,22000.0,0.0,0.0,COMPLETED
ADM-2026-09681,Priya Rao,11th Grade,D,18000.0,18000.0,0.0,0.0,COMPLETED
ADM-2026-09682,Reyansh Reddy,12th Grade,A,22000.0,22000.0,0.0,0.0,COMPLETED
ADM-2026-09683,Neha Das,11th Grade,B,12000.0,12000.0,0.0,0.0,COMPLETED
ADM-2026-09684,Aarav Malhotra,9th Grade,B,15000.0,9587.27,5412.73,0.0,PENDING_DUE
ADM-2026-09685,Riya Joshi,11th Grade,B,15000.0,8992.81,6007.19,0.0,PENDING_DUE
ADM-2026-09686,Sneha Sharma,9th Grade,C,18000.0,18000.0,0.0,0.0,COMPLETED
ADM-2026-09687,Rahul Bose,11th Grade,C,12000.0,12000.0,0.0,0.0,COMPLETED
ADM-2026-09688,Aarav Reddy,10th Grade,A,22000.0,22000.0,0.0,0.0,COMPLETED
ADM-2026-09689,Diya Nair,12th Grade,C,18000.0,18000.0,0.0,0.0,COMPLETED
ADM-2026-09690,Ayaan Nair,11th Grade,C,22000.0,9489.59,12510.41,0.0,PENDING_DUE
ADM-2026-09691,Kavita Pillai,12th Grade,D,22000.0,7711.07,14288.93,0.0,PENDING_DUE
ADM-2026-09692,Amit Deshmukh,12th Grade,C,22000.0,22000.0,0.0,0.0,COMPLETED
ADM-2026-09693,Ananya Joshi,10th Grade,D,15000.0,15000.0,0.0,0.0,COMPLETED
ADM-2026-09694,Anjali Iyer,9th Grade,D,22000.0,10002.45,11997.55,0.0,PENDING_DUE
ADM-2026-09695,Pankaj Kumar,10th Grade,B,15000.0,15000.0,0.0,0.0,COMPLETED
ADM-2026-09696,Pooja Das,9th Grade,D,22000.0,22000.0,0.0,0.0,COMPLETED
ADM-2026-09697,Vivaan Rao,12th Grade,A,12000.0,7933.1,4066.9,0.0,PENDING_DUE
ADM-2026-09698,Aarav Bose,12th Grade,C,22000.0,9718.96,12281.04,0.0,PENDING_DUE
ADM-2026-09699,Rohan Pillai,11th Grade,B,12000.0,7495.18,4504.82,0.0,PENDING_DUE
ADM-2026-09700,Krishna Mehta,10th Grade,A,22000.0,12478.3,9521.7,0.0,PENDING_DUE
ADM-2026-09701,Sai Rao,9th Grade,C,15000.0,6547.93,8452.07,0.0,PENDING_DUE
ADM-2026-09702,Rahul Mehta,11th Grade,D,12000.0,12000.0,0.0,0.0,COMPLETED
ADM-2026-09703,Pankaj Nair,9th Grade,D,12000.0,4133.84,7866.16,0.0,PENDING_DUE
ADM-2026-09704,Aarav Kumar,10th Grade,B,12000.0,7640.29,4359.71,0.0,PENDING_DUE
ADM-2026-09705,Aditya Patel,12th Grade,B,18000.0,1416.99,16583.01,500.0,DEFAULT_AGED
ADM-2026-09706,Vihaan Joshi,11th Grade,A,12000.0,12000.0,0.0,0.0,COMPLETED
ADM-2026-09707,Vihaan Sharma,11th Grade,D,18000.0,18000.0,0.0,0.0,COMPLETED
ADM-2026-09708,Reyansh Das,9th Grade,C,18000.0,10296.38,7703.62,0.0,PENDING_DUE
ADM-2026-09709,Ishaan Deshmukh,10th Grade,A,12000.0,3935.01,8064.99,0.0,PENDING_DUE
ADM-2026-09710,Reyansh Nair,11th Grade,A,22000.0,15135.92,6864.08,0.0,PENDING_DUE
ADM-2026-09711,Neha Choudhury,11th Grade,A,18000.0,5207.02,12792.98,250.0,DEFAULT_AGED
ADM-2026-09712,Aditya Singh,12th Grade,C,18000.0,18000.0,0.0,0.0,COMPLETED
ADM-2026-09713,Sneha Gupta,12th Grade,C,12000.0,5926.52,6073.48,0.0,PENDING_DUE
ADM-2026-09714,Aarav Rao,12th Grade,B,22000.0,5188.89,16811.11,0.0,PENDING_DUE
ADM-2026-09715,Rahul Sharma,12th Grade,B,12000.0,12000.0,0.0,0.0,COMPLETED
ADM-2026-09716,Ayaan Patel,10th Grade,C,18000.0,8856.3,9143.7,0.0,PENDING_DUE
ADM-2026-09717,Pooja Deshmukh,9th Grade,D,15000.0,15000.0,0.0,0.0,COMPLETED
ADM-2026-09718,Meera Pillai,12th Grade,D,12000.0,12000.0,0.0,0.0,COMPLETED
ADM-2026-09719,Riya Gupta,12th Grade,B,18000.0,5456.16,12543.84,0.0,PENDING_DUE
ADM-2026-09720,Reyansh Singh,12th Grade,B,15000.0,15000.0,0.0,0.0,COMPLETED
ADM-2026-09721,Priya Sharma,10th Grade,A,12000.0,12000.0,0.0,0.0,COMPLETED
ADM-2026-09722,Sanya Reddy,12th Grade,B,15000.0,15000.0,0.0,0.0,COMPLETED
ADM-2026-09723,Aarav Verma,11th Grade,B,18000.0,18000.0,0.0,0.0,COMPLETED
ADM-2026-09724,Sneha Menon,9th Grade,D,18000.0,9735.85,8264.15,0.0,PENDING_DUE
ADM-2026-09725,Amit Singh,12th Grade,C,12000.0,12000.0,0.0,0.0,COMPLETED
ADM-2026-09726,Ananya Joshi,11th Grade,A,15000.0,15000.0,0.0,0.0,COMPLETED
ADM-2026-09727,Vivaan Pillai,10th Grade,B,12000.0,12000.0,0.0,0.0,COMPLETED
ADM-2026-09728,Pari Malhotra,11th Grade,A,12000.0,12000.0,0.0,0.0,COMPLETED
ADM-2026-09729,Reyansh Mehta,11th Grade,B,22000.0,22000.0,0.0,0.0,COMPLETED
ADM-2026-09730,Diya Malhotra,9th Grade,C,18000.0,18000.0,0.0,0.0,COMPLETED
ADM-2026-09731,Meera Patel,10th Grade,D,22000.0,22000.0,0.0,0.0,COMPLETED
ADM-2026-09732,Krishna Das,10th Grade,B,22000.0,5579.57,16420.43,0.0,PENDING_DUE
ADM-2026-09733,Diya Choudhury,10th Grade,C,15000.0,15000.0,0.0,0.0,COMPLETED
ADM-2026-09734,Sanya Reddy,9th Grade,A,22000.0,7994.44,14005.56,0.0,PENDING_DUE
ADM-2026-09735,Pooja Menon,10th Grade,A,15000.0,15000.0,0.0,0.0,COMPLETED
ADM-2026-09736,Pooja Choudhury,12th Grade,A,12000.0,12000.0,0.0,0.0,COMPLETED
ADM-2026-09737,Riya Verma,12th Grade,B,12000.0,12000.0,0.0,0.0,COMPLETED
ADM-2026-09738,Karan Sharma,12th Grade,C,15000.0,3562.11,11437.89,1000.0,DEFAULT_AGED
ADM-2026-09739,Ayaan Mehta,10th Grade,B,22000.0,22000.0,0.0,0.0,COMPLETED
ADM-2026-09740,Ananya Joshi,9th Grade,D,15000.0,9337.89,5662.11,0.0,PENDING_DUE
ADM-2026-09741,Arjun Deshmukh,10th Grade,B,15000.0,3890.77,11109.23,0.0,PENDING_DUE
ADM-2026-09742,Karan Bose,11th Grade,A,22000.0,9779.55,12220.45,0.0,PENDING_DUE
ADM-2026-09743,Ishaan Singh,10th Grade,C,22000.0,22000.0,0.0,0.0,COMPLETED
ADM-2026-09744,Riya Sen,10th Grade,A,15000.0,1418.51,13581.49,500.0,DEFAULT_AGED
ADM-2026-09745,Rohan Pillai,11th Grade,D,18000.0,545.9,17454.1,1000.0,DEFAULT_AGED
ADM-2026-09746,Karan Sharma,12th Grade,B,22000.0,7139.85,14860.15,0.0,PENDING_DUE
ADM-2026-09747,Aadhya Kumar,10th Grade,C,15000.0,9906.22,5093.78,0.0,PENDING_DUE
ADM-2026-09748,Pooja Rao,12th Grade,C,18000.0,2373.95,15626.05,1000.0,DEFAULT_AGED
ADM-2026-09749,Diya Mehta,10th Grade,D,22000.0,6897.83,15102.17,0.0,PENDING_DUE
ADM-2026-09750,Sanya Das,11th Grade,C,12000.0,12000.0,0.0,0.0,COMPLETED
ADM-2026-09751,Ayaan Gupta,11th Grade,A,12000.0,12000.0,0.0,0.0,COMPLETED
ADM-2026-09752,Pari Mehta,9th Grade,C,12000.0,2865.32,9134.68,0.0,PENDING_DUE
ADM-2026-09753,Reyansh Bose,12th Grade,C,15000.0,15000.0,0.0,0.0,COMPLETED
ADM-2026-09754,Pooja Choudhury,11th Grade,D,18000.0,9360.41,8639.59,0.0,PENDING_DUE
ADM-2026-09755,Kavita Iyer,9th Grade,C,18000.0,18000.0,0.0,0.0,COMPLETED
ADM-2026-09756,Amit Kumar,9th Grade,B,12000.0,3561.53,8438.47,0.0,PENDING_DUE
ADM-2026-09757,Pari Sen,11th Grade,A,22000.0,22000.0,0.0,0.0,COMPLETED
ADM-2026-09758,Arjun Kumar,12th Grade,C,18000.0,8021.04,9978.96,0.0,PENDING_DUE
ADM-2026-09759,Sanya Kumar,11th Grade,D,12000.0,12000.0,0.0,0.0,COMPLETED
ADM-2026-09760,Vikas Patel,12th Grade,D,22000.0,22000.0,0.0,0.0,COMPLETED
ADM-2026-09761,Riya Iyer,12th Grade,B,22000.0,6105.5,15894.5,250.0,DEFAULT_AGED
ADM-2026-09762,Pari Rao,10th Grade,C,15000.0,15000.0,0.0,0.0,COMPLETED
ADM-2026-09763,Aditya Das,11th Grade,D,18000.0,3740.74,14259.26,0.0,PENDING_DUE
ADM-2026-09764,Karan Malhotra,12th Grade,C,15000.0,2420.8,12579.2,500.0,DEFAULT_AGED
ADM-2026-09765,Karan Iyer,9th Grade,B,15000.0,15000.0,0.0,0.0,COMPLETED
ADM-2026-09766,Reyansh Rao,12th Grade,D,22000.0,9960.05,12039.95,0.0,PENDING_DUE
ADM-2026-09767,Pari Verma,9th Grade,D,15000.0,15000.0,0.0,0.0,COMPLETED
ADM-2026-09768,Reyansh Malhotra,10th Grade,A,22000.0,22000.0,0.0,0.0,COMPLETED
ADM-2026-09769,Rahul Iyer,12th Grade,C,18000.0,18000.0,0.0,0.0,COMPLETED
ADM-2026-09770,Pankaj Nair,10th Grade,D,18000.0,10614.41,7385.59,0.0,PENDING_DUE
ADM-2026-09771,Pankaj Patel,9th Grade,C,22000.0,13647.37,8352.63,0.0,PENDING_DUE
ADM-2026-09772,Pari Malhotra,12th Grade,B,18000.0,8730.07,9269.93,0.0,PENDING_DUE
ADM-2026-09773,Aadhya Nair,11th Grade,A,15000.0,15000.0,0.0,0.0,COMPLETED
ADM-2026-09774,Aditya Sharma,10th Grade,D,12000.0,1480.42,10519.58,1000.0,DEFAULT_AGED
ADM-2026-09775,Rahul Deshmukh,9th Grade,D,18000.0,4679.95,13320.05,0.0,PENDING_DUE
ADM-2026-09776,Sneha Sharma,10th Grade,B,18000.0,18000.0,0.0,0.0,COMPLETED
ADM-2026-09777,Sanya Rao,10th Grade,C,22000.0,4881.97,17118.03,0.0,PENDING_DUE
ADM-2026-09778,Ishaan Pillai,9th Grade,D,22000.0,22000.0,0.0,0.0,COMPLETED
ADM-2026-09779,Pankaj Choudhury,12th Grade,B,18000.0,18000.0,0.0,0.0,COMPLETED
ADM-2026-09780,Anjali Mehta,9th Grade,D,15000.0,6507.93,8492.07,0.0,PENDING_DUE
ADM-2026-09781,Aadhya Bose,9th Grade,C,12000.0,5952.99,6047.01,0.0,PENDING_DUE
ADM-2026-09782,Rahul Menon,10th Grade,B,15000.0,6340.68,8659.32,0.0,PENDING_DUE
ADM-2026-09783,Vivaan Kumar,10th Grade,A,12000.0,7509.91,4490.09,0.0,PENDING_DUE
ADM-2026-09784,Karan Singh,11th Grade,B,12000.0,370.68,11629.32,250.0,DEFAULT_AGED
ADM-2026-09785,Ananya Sharma,11th Grade,C,12000.0,5907.66,6092.34,0.0,PENDING_DUE
ADM-2026-09786,Amit Sen,9th Grade,C,15000.0,3143.96,11856.04,250.0,DEFAULT_AGED
ADM-2026-09787,Priya Gupta,10th Grade,D,22000.0,22000.0,0.0,0.0,COMPLETED
ADM-2026-09788,Krishna Patel,9th Grade,D,18000.0,2936.6,15063.4,500.0,DEFAULT_AGED
ADM-2026-09789,Pankaj Reddy,10th Grade,A,12000.0,12000.0,0.0,0.0,COMPLETED
ADM-2026-09790,Sanya Nair,10th Grade,D,15000.0,4615.64,10384.36,0.0,PENDING_DUE
ADM-2026-09791,Amit Sharma,12th Grade,A,22000.0,13057.46,8942.54,0.0,PENDING_DUE
ADM-2026-09792,Ananya Patel,11th Grade,D,22000.0,22000.0,0.0,0.0,COMPLETED
ADM-2026-09793,Aadhya Iyer,10th Grade,B,22000.0,9435.47,12564.53,0.0,PENDING_DUE
ADM-2026-09794,Sai Rao,12th Grade,B,12000.0,2626.65,9373.35,500.0,DEFAULT_AGED
ADM-2026-09795,Vivaan Sen,12th Grade,B,12000.0,2527.32,9472.68,0.0,PENDING_DUE
ADM-2026-09796,Vivaan Iyer,10th Grade,D,18000.0,18000.0,0.0,0.0,COMPLETED
ADM-2026-09797,Arjun Patel,10th Grade,D,22000.0,9587.97,12412.03,0.0,PENDING_DUE
ADM-2026-09798,Anjali Das,10th Grade,A,18000.0,8812.0,9188.0,0.0,PENDING_DUE
ADM-2026-09799,Ishaan Kumar,10th Grade,A,18000.0,18000.0,0.0,0.0,COMPLETED
ADM-2026-09800,Reyansh Mehta,11th Grade,C,22000.0,22000.0,0.0,0.0,COMPLETED
ADM-2026-09801,Amit Singh,10th Grade,A,22000.0,22000.0,0.0,0.0,COMPLETED
ADM-2026-09802,Vivaan Singh,10th Grade,D,12000.0,12000.0,0.0,0.0,COMPLETED
ADM-2026-09803,Sai Das,9th Grade,D,15000.0,15000.0,0.0,0.0,COMPLETED
ADM-2026-09804,Reyansh Sharma,10th Grade,D,22000.0,13492.23,8507.77,0.0,PENDING_DUE
ADM-2026-09805,Sneha Malhotra,9th Grade,A,15000.0,15000.0,0.0,0.0,COMPLETED
ADM-2026-09806,Aarav Rao,11th Grade,C,18000.0,3589.37,14410.63,1000.0,DEFAULT_AGED
ADM-2026-09807,Vikas Verma,11th Grade,C,22000.0,22000.0,0.0,0.0,COMPLETED
ADM-2026-09808,Krishna Patel,9th Grade,B,15000.0,1694.0,13306.0,250.0,DEFAULT_AGED
ADM-2026-09809,Vihaan Das,10th Grade,B,12000.0,12000.0,0.0,0.0,COMPLETED
ADM-2026-09810,Amit Joshi,10th Grade,B,18000.0,18000.0,0.0,0.0,COMPLETED
ADM-2026-09811,Ishaan Choudhury,9th Grade,A,12000.0,12000.0,0.0,0.0,COMPLETED
ADM-2026-09812,Priya Patel,11th Grade,B,22000.0,22000.0,0.0,0.0,COMPLETED
ADM-2026-09813,Rahul Iyer,10th Grade,A,22000.0,4764.58,17235.42,0.0,PENDING_DUE
ADM-2026-09814,Amit Rao,11th Grade,B,12000.0,8338.46,3661.54,0.0,PENDING_DUE
ADM-2026-09815,Ishaan Verma,10th Grade,B,15000.0,15000.0,0.0,0.0,COMPLETED
ADM-2026-09816,Anjali Reddy,9th Grade,A,12000.0,3696.09,8303.91,0.0,PENDING_DUE
ADM-2026-09817,Aarav Rao,11th Grade,C,18000.0,18000.0,0.0,0.0,COMPLETED
ADM-2026-09818,Diya Kumar,12th Grade,D,15000.0,15000.0,0.0,0.0,COMPLETED
ADM-2026-09819,Vivaan Malhotra,9th Grade,A,12000.0,12000.0,0.0,0.0,COMPLETED
ADM-2026-09820,Aadhya Deshmukh,9th Grade,C,12000.0,12000.0,0.0,0.0,COMPLETED
ADM-2026-09821,Riya Joshi,9th Grade,A,12000.0,7006.61,4993.39,0.0,PENDING_DUE
ADM-2026-09822,Pooja Choudhury,11th Grade,D,22000.0,22000.0,0.0,0.0,COMPLETED
ADM-2026-09823,Krishna Verma,10th Grade,D,12000.0,1086.37,10913.63,250.0,DEFAULT_AGED
ADM-2026-09824,Karan Choudhury,12th Grade,C,15000.0,15000.0,0.0,0.0,COMPLETED
ADM-2026-09825,Ayaan Choudhury,9th Grade,B,15000.0,1129.51,13870.49,250.0,DEFAULT_AGED
ADM-2026-09826,Aadhya Choudhury,11th Grade,D,15000.0,15000.0,0.0,0.0,COMPLETED
ADM-2026-09827,Priya Bose,10th Grade,D,15000.0,15000.0,0.0,0.0,COMPLETED
ADM-2026-09828,Amit Sen,12th Grade,A,18000.0,7545.34,10454.66,0.0,PENDING_DUE
ADM-2026-09829,Karan Sen,10th Grade,D,15000.0,8645.87,6354.13,0.0,PENDING_DUE
ADM-2026-09830,Aarav Deshmukh,10th Grade,D,15000.0,8099.84,6900.16,0.0,PENDING_DUE
ADM-2026-09831,Vivaan Choudhury,11th Grade,A,12000.0,12000.0,0.0,0.0,COMPLETED
ADM-2026-09832,Meera Sharma,12th Grade,C,18000.0,8937.32,9062.68,0.0,PENDING_DUE
ADM-2026-09833,Vihaan Singh,12th Grade,D,18000.0,6140.58,11859.42,0.0,PENDING_DUE
ADM-2026-09834,Priya Bose,9th Grade,A,15000.0,4430.63,10569.37,0.0,PENDING_DUE
ADM-2026-09835,Anjali Kumar,12th Grade,A,12000.0,2417.66,9582.34,250.0,DEFAULT_AGED
ADM-2026-09836,Pooja Iyer,11th Grade,C,12000.0,8127.22,3872.78,0.0,PENDING_DUE
ADM-2026-09837,Arjun Pillai,11th Grade,D,12000.0,12000.0,0.0,0.0,COMPLETED
ADM-2026-09838,Kavita Joshi,11th Grade,D,18000.0,18000.0,0.0,0.0,COMPLETED
ADM-2026-09839,Vikas Pillai,9th Grade,A,12000.0,12000.0,0.0,0.0,COMPLETED
ADM-2026-09840,Riya Reddy,9th Grade,A,18000.0,18000.0,0.0,0.0,COMPLETED
ADM-2026-09841,Diya Reddy,11th Grade,D,15000.0,4249.79,10750.21,1000.0,DEFAULT_AGED
ADM-2026-09842,Diya Nair,12th Grade,A,18000.0,2588.66,15411.34,1000.0,DEFAULT_AGED
ADM-2026-09843,Pari Das,11th Grade,A,12000.0,12000.0,0.0,0.0,COMPLETED
ADM-2026-09844,Rohan Pillai,9th Grade,A,18000.0,18000.0,0.0,0.0,COMPLETED
ADM-2026-09845,Riya Malhotra,12th Grade,B,12000.0,2327.95,9672.05,1000.0,DEFAULT_AGED
ADM-2026-09846,Sai Nair,11th Grade,D,12000.0,1023.04,10976.96,1000.0,DEFAULT_AGED
ADM-2026-09847,Aadhya Malhotra,10th Grade,B,15000.0,3454.12,11545.88,0.0,PENDING_DUE
ADM-2026-09848,Ananya Das,9th Grade,C,22000.0,22000.0,0.0,0.0,COMPLETED
ADM-2026-09849,Reyansh Gupta,12th Grade,C,12000.0,594.51,11405.49,1000.0,DEFAULT_AGED
ADM-2026-09850,Sai Choudhury,10th Grade,A,15000.0,15000.0,0.0,0.0,COMPLETED
ADM-2026-09851,Kavita Gupta,9th Grade,C,22000.0,22000.0,0.0,0.0,COMPLETED
ADM-2026-09852,Meera Deshmukh,12th Grade,A,15000.0,15000.0,0.0,0.0,COMPLETED
ADM-2026-09853,Amit Pillai,9th Grade,B,15000.0,15000.0,0.0,0.0,COMPLETED
ADM-2026-09854,Aarav Patel,12th Grade,C,15000.0,15000.0,0.0,0.0,COMPLETED
ADM-2026-09855,Karan Joshi,9th Grade,D,12000.0,12000.0,0.0,0.0,COMPLETED
ADM-2026-09856,Vihaan Rao,9th Grade,D,18000.0,4611.3,13388.7,500.0,DEFAULT_AGED
ADM-2026-09857,Neha Kumar,10th Grade,A,12000.0,12000.0,0.0,0.0,COMPLETED
ADM-2026-09858,Rahul Bose,10th Grade,A,18000.0,18000.0,0.0,0.0,COMPLETED
ADM-2026-09859,Krishna Gupta,11th Grade,B,22000.0,22000.0,0.0,0.0,COMPLETED
ADM-2026-09860,Ishaan Mehta,12th Grade,B,22000.0,22000.0,0.0,0.0,COMPLETED
ADM-2026-09861,Neha Joshi,9th Grade,D,15000.0,15000.0,0.0,0.0,COMPLETED
ADM-2026-09862,Riya Patel,12th Grade,D,12000.0,3862.55,8137.45,0.0,PENDING_DUE
ADM-2026-09863,Amit Malhotra,11th Grade,B,18000.0,18000.0,0.0,0.0,COMPLETED
ADM-2026-09864,Sanya Rao,11th Grade,B,18000.0,6856.0,11144.0,0.0,PENDING_DUE
ADM-2026-09865,Pari Patel,10th Grade,D,18000.0,6320.77,11679.23,0.0,PENDING_DUE
ADM-2026-09866,Sanya Menon,9th Grade,C,12000.0,7772.96,4227.04,0.0,PENDING_DUE
ADM-2026-09867,Amit Kumar,10th Grade,D,18000.0,18000.0,0.0,0.0,COMPLETED
ADM-2026-09868,Amit Patel,11th Grade,B,22000.0,22000.0,0.0,0.0,COMPLETED
ADM-2026-09869,Kavita Menon,10th Grade,B,22000.0,22000.0,0.0,0.0,COMPLETED
ADM-2026-09870,Meera Rao,9th Grade,A,15000.0,15000.0,0.0,0.0,COMPLETED
ADM-2026-09871,Pooja Kumar,11th Grade,D,18000.0,8776.34,9223.66,0.0,PENDING_DUE
ADM-2026-09872,Ishaan Sharma,11th Grade,C,15000.0,2732.75,12267.25,1000.0,DEFAULT_AGED
ADM-2026-09873,Sai Deshmukh,12th Grade,A,22000.0,11143.12,10856.88,0.0,PENDING_DUE
ADM-2026-09874,Meera Reddy,12th Grade,D,22000.0,22000.0,0.0,0.0,COMPLETED
ADM-2026-09875,Priya Sen,10th Grade,C,15000.0,15000.0,0.0,0.0,COMPLETED
ADM-2026-09876,Arjun Deshmukh,10th Grade,C,15000.0,15000.0,0.0,0.0,COMPLETED
ADM-2026-09877,Amit Bose,10th Grade,B,18000.0,18000.0,0.0,0.0,COMPLETED
ADM-2026-09878,Reyansh Pillai,12th Grade,C,15000.0,15000.0,0.0,0.0,COMPLETED
ADM-2026-09879,Krishna Nair,9th Grade,A,15000.0,15000.0,0.0,0.0,COMPLETED
ADM-2026-09880,Sanya Iyer,11th Grade,B,18000.0,18000.0,0.0,0.0,COMPLETED
ADM-2026-09881,Anjali Iyer,10th Grade,B,22000.0,13020.66,8979.34,0.0,PENDING_DUE
ADM-2026-09882,Kavita Kumar,10th Grade,A,15000.0,2806.53,12193.47,250.0,DEFAULT_AGED
ADM-2026-09883,Ananya Das,9th Grade,C,12000.0,3064.36,8935.64,0.0,PENDING_DUE
ADM-2026-09884,Sneha Malhotra,12th Grade,B,18000.0,18000.0,0.0,0.0,COMPLETED
ADM-2026-09885,Arjun Rao,9th Grade,C,18000.0,11243.18,6756.82,0.0,PENDING_DUE
ADM-2026-09886,Diya Sen,10th Grade,B,22000.0,14718.42,7281.58,0.0,PENDING_DUE
ADM-2026-09887,Rahul Malhotra,9th Grade,C,12000.0,12000.0,0.0,0.0,COMPLETED
ADM-2026-09888,Rahul Rao,11th Grade,D,18000.0,18000.0,0.0,0.0,COMPLETED
ADM-2026-09889,Sanya Mehta,10th Grade,D,12000.0,3808.11,8191.89,0.0,PENDING_DUE
ADM-2026-09890,Pari Mehta,11th Grade,D,22000.0,22000.0,0.0,0.0,COMPLETED
ADM-2026-09891,Vikas Gupta,11th Grade,C,18000.0,8614.23,9385.77,0.0,PENDING_DUE
ADM-2026-09892,Ananya Rao,10th Grade,D,15000.0,15000.0,0.0,0.0,COMPLETED
ADM-2026-09893,Arjun Reddy,12th Grade,D,15000.0,3691.22,11308.78,250.0,DEFAULT_AGED
ADM-2026-09894,Ayaan Pillai,9th Grade,A,18000.0,2535.17,15464.83,250.0,DEFAULT_AGED
ADM-2026-09895,Meera Das,10th Grade,B,18000.0,18000.0,0.0,0.0,COMPLETED
ADM-2026-09896,Kavita Iyer,11th Grade,D,22000.0,22000.0,0.0,0.0,COMPLETED
ADM-2026-09897,Ananya Kumar,10th Grade,B,18000.0,18000.0,0.0,0.0,COMPLETED
ADM-2026-09898,Meera Sharma,11th Grade,C,12000.0,12000.0,0.0,0.0,COMPLETED
ADM-2026-09899,Vivaan Deshmukh,9th Grade,D,22000.0,22000.0,0.0,0.0,COMPLETED
ADM-2026-09900,Rohan Deshmukh,10th Grade,C,12000.0,12000.0,0.0,0.0,COMPLETED
ADM-2026-09901,Sai Joshi,12th Grade,C,12000.0,7295.42,4704.58,0.0,PENDING_DUE
ADM-2026-09902,Vikas Reddy,12th Grade,D,15000.0,2107.42,12892.58,250.0,DEFAULT_AGED
ADM-2026-09903,Amit Mehta,11th Grade,C,22000.0,22000.0,0.0,0.0,COMPLETED
ADM-2026-09904,Aarav Rao,9th Grade,C,18000.0,18000.0,0.0,0.0,COMPLETED
ADM-2026-09905,Anjali Singh,11th Grade,D,22000.0,2214.07,19785.93,500.0,DEFAULT_AGED
ADM-2026-09906,Vikas Sen,11th Grade,C,18000.0,18000.0,0.0,0.0,COMPLETED
ADM-2026-09907,Ananya Patel,12th Grade,B,12000.0,12000.0,0.0,0.0,COMPLETED
ADM-2026-09908,Pari Nair,10th Grade,D,12000.0,12000.0,0.0,0.0,COMPLETED
ADM-2026-09909,Vivaan Joshi,9th Grade,A,22000.0,5905.38,16094.62,250.0,DEFAULT_AGED
ADM-2026-09910,Reyansh Verma,11th Grade,A,15000.0,9738.5,5261.5,0.0,PENDING_DUE
ADM-2026-09911,Aditya Verma,12th Grade,B,18000.0,8331.65,9668.35,0.0,PENDING_DUE
ADM-2026-09912,Ananya Sharma,11th Grade,D,15000.0,15000.0,0.0,0.0,COMPLETED
ADM-2026-09913,Pari Choudhury,9th Grade,C,22000.0,4553.12,17446.88,0.0,PENDING_DUE
ADM-2026-09914,Neha Patel,9th Grade,B,18000.0,18000.0,0.0,0.0,COMPLETED
ADM-2026-09915,Rahul Choudhury,9th Grade,C,18000.0,12462.27,5537.73,0.0,PENDING_DUE
ADM-2026-09916,Reyansh Pillai,9th Grade,B,22000.0,22000.0,0.0,0.0,COMPLETED
ADM-2026-09917,Pari Malhotra,12th Grade,A,22000.0,7324.54,14675.46,0.0,PENDING_DUE
ADM-2026-09918,Aadhya Choudhury,9th Grade,B,12000.0,12000.0,0.0,0.0,COMPLETED
ADM-2026-09919,Karan Sharma,10th Grade,A,15000.0,4189.2,10810.8,0.0,PENDING_DUE
ADM-2026-09920,Reyansh Gupta,10th Grade,D,15000.0,15000.0,0.0,0.0,COMPLETED
ADM-2026-09921,Sneha Sharma,11th Grade,D,18000.0,6401.05,11598.95,0.0,PENDING_DUE
ADM-2026-09922,Riya Rao,11th Grade,D,18000.0,18000.0,0.0,0.0,COMPLETED
ADM-2026-09923,Sanya Gupta,9th Grade,A,12000.0,4235.28,7764.72,0.0,PENDING_DUE
ADM-2026-09924,Sai Pillai,12th Grade,C,22000.0,22000.0,0.0,0.0,COMPLETED
ADM-2026-09925,Amit Sharma,11th Grade,A,12000.0,3047.6,8952.4,1000.0,DEFAULT_AGED
ADM-2026-09926,Vihaan Iyer,10th Grade,D,22000.0,22000.0,0.0,0.0,COMPLETED
ADM-2026-09927,Aarav Menon,11th Grade,A,12000.0,12000.0,0.0,0.0,COMPLETED
ADM-2026-09928,Sai Joshi,9th Grade,C,18000.0,10632.2,7367.8,0.0,PENDING_DUE
ADM-2026-09929,Amit Singh,9th Grade,D,18000.0,18000.0,0.0,0.0,COMPLETED
ADM-2026-09930,Vikas Choudhury,10th Grade,C,22000.0,22000.0,0.0,0.0,COMPLETED
ADM-2026-09931,Reyansh Sharma,9th Grade,B,22000.0,22000.0,0.0,0.0,COMPLETED
ADM-2026-09932,Anjali Kumar,12th Grade,A,18000.0,8378.43,9621.57,0.0,PENDING_DUE
ADM-2026-09933,Priya Menon,12th Grade,D,15000.0,518.31,14481.69,250.0,DEFAULT_AGED
ADM-2026-09934,Neha Reddy,10th Grade,C,12000.0,12000.0,0.0,0.0,COMPLETED
ADM-2026-09935,Reyansh Singh,11th Grade,D,12000.0,12000.0,0.0,0.0,COMPLETED
ADM-2026-09936,Pari Joshi,11th Grade,B,22000.0,22000.0,0.0,0.0,COMPLETED
ADM-2026-09937,Kavita Menon,9th Grade,A,22000.0,22000.0,0.0,0.0,COMPLETED
ADM-2026-09938,Riya Singh,9th Grade,B,15000.0,2576.17,12423.83,500.0,DEFAULT_AGED
ADM-2026-09939,Ayaan Joshi,12th Grade,C,15000.0,4708.64,10291.36,0.0,PENDING_DUE
ADM-2026-09940,Priya Iyer,12th Grade,C,18000.0,18000.0,0.0,0.0,COMPLETED
ADM-2026-09941,Vihaan Bose,9th Grade,B,15000.0,15000.0,0.0,0.0,COMPLETED
ADM-2026-09942,Aarav Mehta,9th Grade,A,22000.0,22000.0,0.0,0.0,COMPLETED
ADM-2026-09943,Riya Gupta,12th Grade,B,12000.0,12000.0,0.0,0.0,COMPLETED
ADM-2026-09944,Sneha Mehta,9th Grade,C,18000.0,9469.55,8530.45,0.0,PENDING_DUE
ADM-2026-09945,Sneha Patel,11th Grade,D,12000.0,12000.0,0.0,0.0,COMPLETED
ADM-2026-09946,Pari Das,12th Grade,A,22000.0,4664.02,17335.98,0.0,PENDING_DUE
ADM-2026-09947,Riya Patel,11th Grade,B,12000.0,12000.0,0.0,0.0,COMPLETED
ADM-2026-09948,Arjun Nair,9th Grade,C,15000.0,4630.42,10369.58,0.0,PENDING_DUE
ADM-2026-09949,Diya Pillai,10th Grade,D,22000.0,22000.0,0.0,0.0,COMPLETED
ADM-2026-09950,Aarav Verma,12th Grade,B,18000.0,18000.0,0.0,0.0,COMPLETED
ADM-2026-09951,Sneha Singh,9th Grade,D,12000.0,12000.0,0.0,0.0,COMPLETED
ADM-2026-09952,Aadhya Menon,12th Grade,B,12000.0,2979.73,9020.27,0.0,PENDING_DUE
ADM-2026-09953,Priya Das,10th Grade,C,18000.0,6931.83,11068.17,0.0,PENDING_DUE
ADM-2026-09954,Meera Nair,11th Grade,D,22000.0,22000.0,0.0,0.0,COMPLETED
ADM-2026-09955,Vihaan Malhotra,11th Grade,C,15000.0,15000.0,0.0,0.0,COMPLETED
ADM-2026-09956,Anjali Singh,12th Grade,A,15000.0,15000.0,0.0,0.0,COMPLETED
ADM-2026-09957,Ayaan Menon,12th Grade,C,12000.0,7866.82,4133.18,0.0,PENDING_DUE
ADM-2026-09958,Neha Das,9th Grade,D,18000.0,9835.57,8164.43,0.0,PENDING_DUE
ADM-2026-09959,Neha Joshi,9th Grade,B,18000.0,18000.0,0.0,0.0,COMPLETED
ADM-2026-09960,Kavita Sharma,10th Grade,C,15000.0,15000.0,0.0,0.0,COMPLETED
ADM-2026-09961,Ananya Mehta,11th Grade,C,18000.0,8489.11,9510.89,0.0,PENDING_DUE
ADM-2026-09962,Pankaj Reddy,11th Grade,D,15000.0,15000.0,0.0,0.0,COMPLETED
ADM-2026-09963,Priya Mehta,10th Grade,C,15000.0,15000.0,0.0,0.0,COMPLETED
ADM-2026-09964,Ananya Sharma,10th Grade,C,22000.0,11484.13,10515.87,0.0,PENDING_DUE
ADM-2026-09965,Aditya Verma,11th Grade,B,18000.0,18000.0,0.0,0.0,COMPLETED
ADM-2026-09966,Anjali Kumar,12th Grade,B,12000.0,3727.08,8272.92,0.0,PENDING_DUE
ADM-2026-09967,Sai Rao,10th Grade,B,15000.0,15000.0,0.0,0.0,COMPLETED
ADM-2026-09968,Pooja Sen,12th Grade,B,15000.0,15000.0,0.0,0.0,COMPLETED
ADM-2026-09969,Reyansh Joshi,11th Grade,C,22000.0,22000.0,0.0,0.0,COMPLETED
ADM-2026-09970,Krishna Deshmukh,12th Grade,A,12000.0,12000.0,0.0,0.0,COMPLETED
ADM-2026-09971,Ishaan Deshmukh,11th Grade,C,22000.0,8750.39,13249.61,0.0,PENDING_DUE
ADM-2026-09972,Neha Nair,9th Grade,A,18000.0,6925.03,11074.97,0.0,PENDING_DUE
ADM-2026-09973,Riya Nair,12th Grade,B,12000.0,3752.82,8247.18,0.0,PENDING_DUE
ADM-2026-09974,Kavita Das,11th Grade,C,12000.0,787.94,11212.06,500.0,DEFAULT_AGED
ADM-2026-09975,Diya Deshmukh,10th Grade,B,22000.0,22000.0,0.0,0.0,COMPLETED
ADM-2026-09976,Pooja Sharma,11th Grade,D,15000.0,15000.0,0.0,0.0,COMPLETED
ADM-2026-09977,Pooja Menon,11th Grade,C,22000.0,7319.13,14680.87,0.0,PENDING_DUE
ADM-2026-09978,Reyansh Deshmukh,10th Grade,B,15000.0,7341.34,7658.66,0.0,PENDING_DUE
ADM-2026-09979,Arjun Singh,10th Grade,D,12000.0,12000.0,0.0,0.0,COMPLETED
ADM-2026-09980,Aarav Singh,9th Grade,B,15000.0,15000.0,0.0,0.0,COMPLETED
ADM-2026-09981,Rahul Mehta,12th Grade,D,12000.0,2537.58,9462.42,0.0,PENDING_DUE
ADM-2026-09982,Pari Kumar,9th Grade,D,18000.0,4826.7,13173.3,0.0,PENDING_DUE
ADM-2026-09983,Diya Joshi,10th Grade,C,22000.0,22000.0,0.0,0.0,COMPLETED
ADM-2026-09984,Ishaan Deshmukh,11th Grade,C,18000.0,18000.0,0.0,0.0,COMPLETED
ADM-2026-09985,Ananya Gupta,9th Grade,A,12000.0,6015.47,5984.53,0.0,PENDING_DUE
ADM-2026-09986,Diya Patel,10th Grade,D,18000.0,18000.0,0.0,0.0,COMPLETED
ADM-2026-09987,Priya Reddy,10th Grade,B,12000.0,2962.82,9037.18,500.0,DEFAULT_AGED
ADM-2026-09988,Ishaan Das,9th Grade,C,15000.0,15000.0,0.0,0.0,COMPLETED
ADM-2026-09989,Rohan Sharma,11th Grade,C,18000.0,12207.03,5792.97,0.0,PENDING_DUE
ADM-2026-09990,Meera Mehta,12th Grade,D,18000.0,9941.66,8058.34,0.0,PENDING_DUE
ADM-2026-09991,Vihaan Pillai,11th Grade,A,12000.0,4719.76,7280.24,0.0,PENDING_DUE
ADM-2026-09992,Vihaan Sharma,12th Grade,C,12000.0,1838.11,10161.89,1000.0,DEFAULT_AGED
ADM-2026-09993,Karan Sen,10th Grade,C,15000.0,1360.57,13639.43,1000.0,DEFAULT_AGED
ADM-2026-09994,Meera Menon,11th Grade,A,12000.0,7013.53,4986.47,0.0,PENDING_DUE
ADM-2026-09995,Vihaan Verma,9th Grade,C,18000.0,7761.45,10238.55,0.0,PENDING_DUE
ADM-2026-09996,Pooja Choudhury,10th Grade,D,12000.0,189.46,11810.54,250.0,DEFAULT_AGED
ADM-2026-09997,Amit Rao,10th Grade,D,12000.0,2774.37,9225.63,500.0,DEFAULT_AGED
ADM-2026-09998,Arjun Kumar,10th Grade,A,18000.0,4840.91,13159.09,0.0,PENDING_DUE
ADM-2026-09999,Aadhya Menon,12th Grade,C,18000.0,18000.0,0.0,0.0,COMPLETED
ADM-2026-10000,Anjali Kumar,10th Grade,D,18000.0,18000.0,0.0,0.0,COMPLETED
